site,shape,run,owned,section,triage,near_tr,target,sample
08032BBC,isolated,2,claimed,story,,,080A0C2E,すでに効いている··□
08032BC0,isolated,2,claimed,story,,,080A0C46,しかし　効果がなかった··□
08032BCC,isolated,2,claimed,story,,,080A0C8C,□は/アンデッドにされた··□
08032BD0,isolated,2,claimed,story,,,080A0C8C,□は/アンデッドにされた··□
08032BE4,table,4,claimed,negotiate_status,,,080A0D0A,□は/ハエにかえられた··□
08032BE8,table,4,claimed,negotiate_status,,,080A0D0A,□は/ハエにかえられた··□
08032BEC,table,4,claimed,negotiate_status,,,080A0D28,□は/こうもりになった··□
08032BF0,table,4,claimed,negotiate_status,,,080A0D28,□は/こうもりになった··□
08032C24,isolated,2,claimed,negotiate_status,,,080A0E70,□は/幸せにつつまれた··□
08032C28,isolated,2,claimed,negotiate_status,,,080A0E8E,□を/幸せにしてあげた··□
08032C34,isolated,1,claimed,negotiate_status,,,080A0EE2,□は/魔法を封じられた··□
08032C3C,table,5,claimed,negotiate_status,,,080A0F1A,□は/力が抜けていった··□
08032C40,table,5,claimed,negotiate_status,,,080A0F1A,□は/力が抜けていった··□
08032C44,table,5,claimed,negotiate_status,,,080A0F1A,□は/力が抜けていった··□
08032C48,table,5,claimed,negotiate_status,,,080A0F38,··達は/ћ□手に入れた··□
08032C4C,table,5,claimed,negotiate_status,,,080A0F58,··達は/□MAG手に入れた··□
08032C54,isolated,1,claimed,story,,,080A0BC6,··は/”□”を/手に入れた··□
08032C60,table,6,claimed,negotiate_outcomes,,,080A0FEE,·□は/□に/□づけしようとした··□□しかし　強烈なヒジテツをくらい/
08032C64,table,6,claimed,negotiate_outcomes,,,080A1044,·□は/·に□づけをした··□
08032C68,table,6,claimed,negotiate_outcomes,,,080A1112,··達は/□EXP手に入れた··□
08032C6C,table,6,claimed,negotiate_outcomes,,,080A1136,·回復した・・・··□
08032C70,table,6,claimed,negotiate_outcomes,,,080A114E,·誰のまねをしますか？□.□
08032C74,table,6,claimed,negotiate_outcomes,,,080A116C,·ものまねできる悪魔がいない··□
08032CD8,table,10,claimed,battle_taunts,,,080A1190,·ふふふ　ここでは　命など/わたげの様に　かるい！··□
08032CDC,table,10,claimed,battle_taunts,,,080A11CA,·今日も　この俺の手は/血で染まるのか！··□
08032CE0,table,10,claimed,battle_taunts,,,080A11FA,·アンタの中にすくう魔が/オイラを狂気に　かりたてるぅ！··□
08032CE4,table,10,claimed,battle_taunts,,,080A123A,·弱肉強食！··□
08032CE8,table,10,claimed,battle_taunts,,,080A124E,·神の前に　この犠牲を捧げます！··□
08032CEC,table,10,claimed,battle_taunts,,,080A1276,·血だ！　血を捧げよ··□
08032CF0,table,10,claimed,battle_taunts,,,080A1276,·血だ！　血を捧げよ··□
08032CF4,table,10,claimed,battle_taunts,,,080A1292,·わらわは　お前様のもの………··□
08032CF8,table,10,claimed,battle_taunts,,,080A12B8,·私　あなたの奴隷よ··□
08032CFC,table,10,claimed,battle_taunts,,,080A12D4,·あたし　あなたのモノよ！··□
08032D08,table,17,claimed,battle_taunts,,,080A132A,·危険分子！/ただちに除去します！··□
08032D0C,table,17,claimed,battle_taunts,,,080A14A6,·お前も死んで　仲魔になろれ！··□
08032D10,table,17,claimed,battle_taunts,,,080A14CC,·あんたも　ナカマにおなりィ！··□
08032D14,table,17,claimed,battle_taunts,,,080A1354,·うごおおお··□
08032D18,table,17,claimed,battle_taunts,,,080A1368,·うらめしい··□
08032D1C,table,17,claimed,battle_taunts,,,080A137C,·あついい··□
08032D20,table,17,claimed,battle_taunts,,,080A138E,·ひもじい··□
08032D24,table,17,claimed,battle_taunts,,,080A13A0,·抹殺せよ！··□
08032D28,table,17,claimed,battle_taunts,,,080A13B4,·ギギギッギ………··□
08032D2C,table,17,claimed,battle_taunts,,,080A13CE,·ガシャン！　ガシャン！··□
08032D30,table,17,claimed,battle_taunts,,,080A13EE,·BAW！　WOW！··□
08032D34,table,17,claimed,battle_taunts,,,080A140A,·ず…ず…ず…ずうー··□
08032D38,table,17,claimed,battle_taunts,,,080A1426,·オレは　本当のお前だ！/お前は　ここで消えろ！··□
08032D3C,table,17,claimed,battle_taunts,,,080A145E,·ひいひい！··□
08032D40,table,17,claimed,battle_taunts,,,080A1472,·ザワ……ザワ……··□
08032D44,table,17,claimed,battle_taunts,,,080A148C,·グアオオオオオ！··□
08032D48,table,17,claimed,battle_taunts,,,080A14F2,·・・・・・··□
08032DE0,table,54,claimed,dialogue,,,0809E7C0,わらわは　お前様のもの………
08032DE4,table,54,claimed,dialogue,,,0809E7DE,私　あなたの奴隷よ
08032DE8,table,54,claimed,dialogue,,,0809E7F2,あたし　あなたのモノよ！
08032DEC,table,54,claimed,dialogue,,,0809E80C,面妖な奴め！
08032DF0,table,54,claimed,dialogue,,,0809E81A,変な奴ー！
08032DF4,table,54,claimed,dialogue,,,0809E826,ヘンタイだぁ！
08032DF8,table,54,claimed,dialogue,,,0809E836,仲魔は　わらわが治す
08032DFC,table,54,claimed,dialogue,,,0809E84C,仲魔は　治してあげる
08032E00,table,54,claimed,dialogue,,,0809E84C,仲魔は　治してあげる
08032E04,table,54,claimed,dialogue,,,0809E862,共に奈落へ落ちようぞ！！
08032E08,table,54,claimed,dialogue,,,0809E87C,こうなりゃ/アンタも道連れよっ！！
08032E0C,table,54,claimed,dialogue,,,0809E8A0,死ぬときは　みんな一緒よ！
08032E10,table,54,claimed,dialogue,,,0809E8BC,なに？　足りぬともうすのかえ？
08032E14,table,54,claimed,dialogue,,,0809E8DC,マッカが足りないの？
08032E18,table,54,claimed,dialogue,,,0809E8F2,やーん　びんぼうってすきくない/じゃあねー！
08032E1C,table,54,claimed,dialogue,,,0809E920,わらわの仲魔を/その様な目に合わせおって！
08032E20,table,54,claimed,dialogue,,,0809E94C,仲魔をそのまま　ほっとくなんて
08032E24,table,54,claimed,dialogue,,,0809E94C,仲魔をそのまま　ほっとくなんて
08032E28,table,54,claimed,dialogue,,,0809E96C,フッ　甘いぞよ！
08032E2C,table,54,claimed,dialogue,,,0809E97E,フッ　甘い！　甘いなー/チョコより甘いわ　おにーさん！
08032E30,table,54,claimed,dialogue,,,0809E9B6,ブブー！　あっまぁーい！
08032E34,table,54,claimed,dialogue,,,0809E9D0,何と！　
08032E38,table,54,claimed,dialogue,,,0809E9DA,何ですって！　
08032E3C,table,54,claimed,dialogue,,,0809E9EA,何よー！　
08032E40,table,54,claimed,dialogue,,,0809E9F6,許すまじ
08032E44,table,54,claimed,dialogue,,,0809EA00,許せないわ！
08032E48,table,54,claimed,dialogue,,,0809EA0E,Pー！！　に代って/おしおきよッ！
08032E4C,table,54,claimed,dialogue,,,0809EA32,死ぬがいい！
08032E50,table,54,claimed,dialogue,,,0809EA40,いくわよ！
08032E54,table,54,claimed,dialogue,,,0809EA4C,やっちゃうぞ！
08032E58,table,54,claimed,dialogue,,,0809EA5C,その身をもって··我が力　知るがいい！
08032E5C,table,54,claimed,dialogue,,,0809EA84,私の力　見せてあげるわ！
08032E60,table,54,claimed,dialogue,,,0809EA9E,ホンキだしちゃる
08032E64,table,54,claimed,dialogue,,,0809EAB0,まぁ　よいわ
08032E68,table,54,claimed,dialogue,,,0809EABE,まぁ　いいわ
08032E6C,table,54,claimed,dialogue,,,0809EACC,んーと　いいや
08032E70,table,54,claimed,dialogue,,,0809EADC,わらわは/□□·/今後ともよろしく頼むぞよ
08032E74,table,54,claimed,dialogue,,,0809EB08,私は　□□·/今後ともよろしく頼むわ
08032E78,table,54,claimed,dialogue,,,0809EB2E,あたし/□□！·/優しくしてね❤︎⁠
08032E7C,table,54,claimed,dialogue,,,0809EB50,さらばじゃ
08032E80,table,54,claimed,dialogue,,,0809EB5C,じゃあね❤︎⁠
08032E84,table,54,claimed,dialogue,,,0809EB68,バイバイ！
08032E88,table,54,claimed,dialogue,,,0809EB74,それでは/わらわの入る余地はない/仲魔を減らすのかえ？
08032E8C,table,54,claimed,dialogue,,,0809EBAC,あら　仲魔がいっぱい/減らすの？
08032E90,table,54,claimed,dialogue,,,0809EBCE,やだー　いっぱいー/仲魔へらすー？
08032E94,table,54,claimed,dialogue,,,0809EBF2,付き合うて　られぬわ！
08032E98,table,54,claimed,dialogue,,,0809EC0A,はー……つき合ってらんない！··じゃーね！
08032E9C,table,54,claimed,dialogue,,,0809EC36,もお何なのよー　あきれぷー！
08032EA0,table,54,claimed,dialogue,,,0809EC54,そなたの事　忘れまいぞ！
08032EA4,table,54,claimed,dialogue,,,0809EC6E,あなたの事　忘れないわー！
08032EA8,table,54,claimed,dialogue,,,0809EC6E,あなたの事　忘れないわー！
08032EAC,table,54,claimed,dialogue,,,0809EC8A,汝　薄情者よ/見るのも　いとわしいわ！
08032EB0,table,54,claimed,dialogue,,,0809ECB2,アンタみたいな　/どケチなヤツなんか/カオも見たくないわ！
08032EB4,table,54,claimed,dialogue,,,0809ECC4,どケチなヤツなんか/カオも見たくないわ！
08032ED0,table,75,claimed,dialogue,,,0809ED0E,愚かしいにも　ほどがあろう
08032ED4,table,75,claimed,dialogue,,,0809ED2A,アンタ　あほじゃないの？
08032ED8,table,75,claimed,dialogue,,,0809ED2A,アンタ　あほじゃないの？
08032EDC,table,75,claimed,dialogue,,,0809ED44,悪魔と人との　共栄を目指すか
08032EE0,table,75,claimed,dialogue,,,0809ED62,そーいうのもありね
08032EE4,table,75,claimed,dialogue,,,0809ED76,変なヤツがスキ！
08032EE8,table,75,claimed,dialogue,,,0809ED88,仲魔を　よしなに願うぞえ
08032EEC,table,75,claimed,dialogue,,,0809EDA2,仲魔によろしく言っといて！
08032EF0,table,75,claimed,dialogue,,,0809EDBE,あたしの友達に/Hな事しないでね！
08032EF4,table,75,claimed,dialogue,,,0809EDE2,これを　とらすぞ
08032EF8,table,75,claimed,dialogue,,,0809EDF4,私の大切な物/·あ…·げ…·る❤︎⁠
08032EFC,table,75,claimed,dialogue,,,0809EE16,コレあげる！
08032F00,table,75,claimed,dialogue,,,0809EE24,これで　かんにんしてたも
08032F04,table,75,claimed,dialogue,,,0809EE3E,これをあげるから/カンベンして
08032F08,table,75,claimed,dialogue,,,0809EE3E,これをあげるから/カンベンして
08032F0C,table,75,claimed,dialogue,,,0809EE5E,ふがいなし　これをくれてやろう
08032F10,table,75,claimed,dialogue,,,0809EE7E,情けないわねー　これをあげるわ
08032F14,table,75,claimed,dialogue,,,0809EE9E,うっわぁ　だっさぁー！/しゃーナイ　コレあげるわ！
08032F18,table,75,claimed,dialogue,,,0809EED2,□マッカ/おくれ
08032F1C,table,75,claimed,dialogue,,,0809EEE4,□マッカ/ちょうだい！
08032F20,table,75,claimed,dialogue,,,0809EEE4,□マッカ/ちょうだい！
08032F24,table,75,claimed,dialogue,,,0809EEFC,戦う気は　無いのかえ？
08032F28,table,75,claimed,dialogue,,,0809EF14,何なの？　戦う気ないの？
08032F2C,table,75,claimed,dialogue,,,0809EF14,何なの？　戦う気ないの？
08032F30,table,75,claimed,dialogue,,,0809EF2E,あと　もうひとつ
08032F34,table,75,claimed,dialogue,,,0809EF40,ねェ　あと　·ひ…·と…·つ❤︎⁠
08032F38,table,75,claimed,dialogue,,,0809EF40,ねェ　あと　·ひ…·と…·つ❤︎⁠
08032F3C,table,75,claimed,dialogue,,,0809EF60,何か　くださるかえ
08032F40,table,75,claimed,dialogue,,,0809EF74,何か　くれるの？
08032F44,table,75,claimed,dialogue,,,0809EF74,何か　くれるの？
08032F48,table,75,claimed,dialogue,,,0809EF86,わらわが欲しいのかえ？
08032F4C,table,75,claimed,dialogue,,,0809EF9E,アタシが欲しいの？
08032F50,table,75,claimed,dialogue,,,0809EF9E,アタシが欲しいの？
08032F54,table,75,claimed,dialogue,,,0809EFB2,何か望みがあるのかえ？
08032F58,table,75,claimed,dialogue,,,0809EFCA,何か　欲しいの？
08032F5C,table,75,claimed,dialogue,,,0809EFCA,何か　欲しいの？
08032F60,table,75,claimed,dialogue,,,0809EFDC,わらわに　会いたかったのかえ？
08032F64,table,75,claimed,dialogue,,,0809EFFC,アタシと　話したかっただけ？
08032F68,table,75,claimed,dialogue,,,0809EFFC,アタシと　話したかっただけ？
08032F6C,table,75,claimed,dialogue,,,0809F01A,いざ舞わん
08032F70,table,75,claimed,dialogue,,,0809F026,さぁ　あたしと　/踊りましょ！
08032F74,table,75,claimed,dialogue,,,0809F038,踊りましょ！
08032F78,table,75,claimed,dialogue,,,0809F046,よいぞ　よいぞ
08032F7C,table,75,claimed,dialogue,,,0809F056,うーん　ヴェリグー！！
08032F80,table,75,claimed,dialogue,,,0809F06E,いやっほーう！
08032F84,table,75,claimed,dialogue,,,0809F07E,仲魔になれと？
08032F88,table,75,claimed,dialogue,,,0809F08E,あたしってば　あなたの/仲魔になればいいの？
08032F8C,table,75,claimed,dialogue,,,0809F0A6,仲魔になればいいの？
08032F90,table,75,claimed,dialogue,,,0809F0BC,有り難く思うぞよ　
08032F94,table,75,claimed,dialogue,,,0809F0D0,ありがとう　/やさしいのね　
08032F98,table,75,claimed,dialogue,,,0809F0DE,やさしいのね　
08032F9C,table,75,claimed,dialogue,,,0809F0EE,仲魔の具合がすぐれぬ様子………
08032FA0,table,75,claimed,dialogue,,,0809F10E,仲魔が心配だわ………
08032FA4,table,75,claimed,dialogue,,,0809F10E,仲魔が心配だわ………
08032FA8,table,75,claimed,dialogue,,,0809F124,わらわは　嫌じゃ
08032FAC,table,75,claimed,dialogue,,,0809F136,んー　嫌よ！
08032FB0,table,75,claimed,dialogue,,,0809F144,ベーー　だ！
08032FB4,table,75,claimed,dialogue,,,0809F152,ヒイィーー！
08032FB8,table,75,claimed,dialogue,,,0809F160,キャー！
08032FBC,table,75,claimed,dialogue,,,0809F16A,ひゃー！
08032FC0,table,75,claimed,dialogue,,,0809F174,やはり　滅ぼすのか？
08032FC4,table,75,claimed,dialogue,,,0809F18A,やっぱり　殺す気ね？
08032FC8,table,75,claimed,dialogue,,,0809F18A,やっぱり　殺す気ね？
08032FCC,table,75,claimed,dialogue,,,0809F1A0,許してたも
08032FD0,table,75,claimed,dialogue,,,0809F1AC,あたしが　/悪かったわ………
08032FD4,table,75,claimed,dialogue,,,0809F1B8,悪かったわ………
08032FD8,table,75,claimed,dialogue,,,0809F1CA,MAGが　足りぬと言うのかえ！
08032FDC,table,75,claimed,dialogue,,,0809F1EA,MAGが　足りないですって！
08032FE0,table,75,claimed,dialogue,,,0809F208,えー！　MAGたらりんのお？！
08032FE4,table,75,claimed,dialogue,,,0809F228,魔石が　無いと言うのかえ！
08032FE8,table,75,claimed,dialogue,,,0809F244,魔石が　無いですって！
08032FEC,table,75,claimed,dialogue,,,0809F25C,えー！　マセキ無いのお？！
08032FF0,table,75,claimed,dialogue,,,0809F278,□MAG/くれぬか
08032FF4,table,75,claimed,dialogue,,,0809F28C,□MAG/ちょうだい！
08032FF8,table,75,claimed,dialogue,,,0809F28C,□MAG/ちょうだい！
08033000,table,80,claimed,dialogue,,,0809F2AC,それじゃあ……
08033004,table,80,claimed,dialogue,,,0809F2BC,えっとねー　
08033008,table,80,claimed,dialogue,,,0809F2CA,宝石が望みじゃ
0803300C,table,80,claimed,dialogue,,,0809F2DA,宝石を頂けるかしら？
08033010,table,80,claimed,dialogue,,,0809F2F0,宝石ちょーだいっ！
08033014,table,80,claimed,dialogue,,,0809F304,まだまだ
08033018,table,80,claimed,dialogue,,,0809F30E,マダよ　あせっちゃだめ！
0803301C,table,80,claimed,dialogue,,,0809F328,イヤー！　もっとぉ！
08033020,table,80,claimed,dialogue,,,0809F33E,ええい！　こんな物ではないわ
08033024,table,80,claimed,dialogue,,,0809F35C,あたしってば　/こんなモンじゃ/だまされないわよ
08033028,table,80,claimed,dialogue,,,0809F36C,こんなモンじゃ/だまされないわよ
0803302C,table,80,claimed,dialogue,,,0809F38E,魔石が望みじゃ
08033030,table,80,claimed,dialogue,,,0809F39E,魔石　ちょうだい
08033034,table,80,claimed,dialogue,,,0809F3B0,マセキちょー！
08033038,table,80,claimed,dialogue,,,0809F3C0,わらわに勝てると/思うておるのか？
0803303C,table,80,claimed,dialogue,,,0809F3E4,私を　殺せると思うの？
08033040,table,80,claimed,dialogue,,,0809F3FC,ぶっころすぅ？　あたしをー？/本気なのぉ？
08033044,table,80,claimed,dialogue,,,0809F428,つれなし
08033048,table,80,claimed,dialogue,,,0809F432,つれないわね
0803304C,table,80,claimed,dialogue,,,0809F432,つれないわね
08033050,table,80,claimed,dialogue,,,0809F440,今日のところは/見逃してやるわ！
08033054,table,80,claimed,dialogue,,,0809F462,もう　行っていいわ！
08033058,table,80,claimed,dialogue,,,0809F478,あんたなんか/どっか行っちゃえ！
0803305C,table,80,claimed,dialogue,,,0809F49A,なめられたものよ！
08033060,table,80,claimed,dialogue,,,0809F4AE,じょーだんじゃないわ！
08033064,table,80,claimed,dialogue,,,0809F4C6,なんだとー　ぷんすか！！
08033068,table,80,claimed,dialogue,,,0809F4E0,そなたの命　わらわに捧げよ
0803306C,table,80,claimed,dialogue,,,0809F4FC,あなたの命を　ちょーだい！
08033070,table,80,claimed,dialogue,,,0809F4FC,あなたの命を　ちょーだい！
08033074,table,80,claimed,dialogue,,,0809F518,面白い！
08033078,table,80,claimed,dialogue,,,0809F522,おもしろーい！
0803307C,table,80,claimed,dialogue,,,0809F522,おもしろーい！
08033080,table,80,claimed,dialogue,,,0809F532,ほっほっほっ！
08033084,table,80,claimed,dialogue,,,0809F542,ウフフフフ！
08033088,table,80,claimed,dialogue,,,0809F550,キャハハハ！
0803308C,table,80,claimed,dialogue,,,0809F55E,わらわも　なめられたものよ！
08033090,table,80,claimed,dialogue,,,0809F57C,なめるんじゃないわよ　ぼうや
08033094,table,80,claimed,dialogue,,,0809F59A,なめんなよー！
08033098,table,80,claimed,dialogue,,,0809F5AA,近うまいられ
0803309C,table,80,claimed,dialogue,,,0809F5B8,こっちに　いらっしゃいな
080330A0,table,80,claimed,dialogue,,,0809F5D2,キャモーン！
080330A4,table,80,claimed,dialogue,,,0809F5E0,偽りを　もうすな
080330A8,table,80,claimed,dialogue,,,0809F5F2,ウソが下手ね
080330AC,table,80,claimed,dialogue,,,0809F600,見え見えのウソじゃん
080330B0,table,80,claimed,dialogue,,,0809F616,そなた　女心の分かる奴じゃの
080330B4,table,80,claimed,dialogue,,,0809F634,話しが分かるわね❤︎⁠
080330B8,table,80,claimed,dialogue,,,0809F634,話しが分かるわね❤︎⁠
080330BC,table,80,claimed,dialogue,,,0809F648,武器を　置くのが礼儀
080330C0,table,80,claimed,dialogue,,,0809F65E,ガンを　置いて下さらない？
080330C4,table,80,claimed,dialogue,,,0809F67A,ガンはイヤ！　置いてェー
080330C8,table,80,claimed,dialogue,,,0809F694,そなた　何者じゃ！
080330CC,table,80,claimed,dialogue,,,0809F6A8,アンタ何？
080330D0,table,80,claimed,dialogue,,,0809F6A8,アンタ何？
080330D4,table,80,claimed,dialogue,,,0809F6B4,仲魔を裏切れと　もうすか？
080330D8,table,80,claimed,dialogue,,,0809F6D0,私に　/友達　裏切れっての？
080330DC,table,80,claimed,dialogue,,,0809F6D8,友達　裏切れっての？
080330E0,table,80,claimed,dialogue,,,0809F6EE,にわかに　信じられぬわ
080330E4,table,80,claimed,dialogue,,,0809F706,信じらんない
080330E8,table,80,claimed,dialogue,,,0809F706,信じらんない
080330EC,table,80,claimed,dialogue,,,0809F714,本音を隠さぬ奴よ！
080330F0,table,80,claimed,dialogue,,,0809F728,あんたって　バカ正直ね！
080330F4,table,80,claimed,dialogue,,,0809F728,あんたって　バカ正直ね！
080330F8,table,80,claimed,dialogue,,,0809F742,出す物　出さぬと/話にならぬぞえ！
080330FC,table,80,claimed,dialogue,,,0809F766,やっぱ/出すモン　出さないとね！
08033100,table,80,claimed,dialogue,,,0809F766,やっぱ/出すモン　出さないとね！
08033104,table,80,claimed,dialogue,,,0809F788,知らぬわ
08033108,table,80,claimed,dialogue,,,0809F792,知らなーい！
0803310C,table,80,claimed,dialogue,,,0809F792,知らなーい！
08033110,table,80,claimed,dialogue,,,0809F7A0,知っておる
08033114,table,80,claimed,dialogue,,,0809F7AC,ああ　あれね
08033118,table,80,claimed,dialogue,,,0809F7BA,知ってるー！
0803311C,table,80,claimed,dialogue,,,0809F7C8,後生じゃ　
08033120,table,80,claimed,dialogue,,,0809F7D4,·お…·ね…·ぐぁ…·い❤︎⁠
08033124,table,80,claimed,dialogue,,,0809F7D4,·お…·ね…·ぐぁ…·い❤︎⁠
08033128,table,80,claimed,dialogue,,,0809F7F0,ならぬ！··やはり仲魔は　裏切れぬのじゃ/ここまでの話は　忘れておくれ　
0803312C,table,80,claimed,dialogue,,,0809F83A,だめ！　だめよ！··仲魔は　裏切れないわ………··ゴメン　無かった事にし
08033130,table,80,claimed,dialogue,,,0809F83A,だめ！　だめよ！··仲魔は　裏切れないわ………··ゴメン　無かった事にし
08033134,table,80,claimed,dialogue,,,0809F88A,な…仲魔…·…·…·仲魔がー！！　
08033138,table,80,claimed,dialogue,,,0809F88A,な…仲魔…·…·…·仲魔がー！！　
0803313C,table,80,claimed,dialogue,,,0809F88A,な…仲魔…·…·…·仲魔がー！！　
08033148,isolated,1,claimed,dialogue,,,0809F8B6,他にィ　/
08033158,table,97,claimed,dialogue,,,0809F8CA,あいにく　
0803315C,table,97,claimed,dialogue,,,0809F8CA,あいにく　
08033160,table,97,claimed,dialogue,,,0809F8D6,ごめんねェ　
08033164,table,97,claimed,dialogue,,,0809F8E4,ならば　
08033168,table,97,claimed,dialogue,,,0809F8EE,だったら　
0803316C,table,97,claimed,dialogue,,,0809F8FA,じゃーねェ　
08033170,table,97,claimed,dialogue,,,0809F908,その代わり　
08033174,table,97,claimed,dialogue,,,0809F908,その代わり　
08033178,table,97,claimed,dialogue,,,0809F916,代わりにィ　
0803317C,table,97,claimed,dialogue,,,0809F924,つぎは　
08033180,table,97,claimed,dialogue,,,0809F92E,そうね　こんどは…·…·…·
08033184,table,97,claimed,dialogue,,,0809F92E,そうね　こんどは…·…·…·
08033188,table,97,claimed,dialogue,,,0809F94C,では　わらわとの戦いを/楽しむが良い
0803318C,table,97,claimed,dialogue,,,0809F972,それじゃ　私と　戦いましょ！
08033190,table,97,claimed,dialogue,,,0809F972,それじゃ　私と　戦いましょ！
08033194,table,97,claimed,dialogue,,,0809F990,すなわち　汝　ここで死ぬが定め
08033198,table,97,claimed,dialogue,,,0809F9B0,つまり　ここで死ぬのが/運命ってわけ
0803319C,table,97,claimed,dialogue,,,0809F9B0,つまり　ここで死ぬのが/運命ってわけ
080331A0,table,97,claimed,dialogue,,,0809F9D6,うたがいを知らぬと見える
080331A4,table,97,claimed,dialogue,,,0809F9F0,うふふふ　素直なのね
080331A8,table,97,claimed,dialogue,,,0809FA06,ほよよよ
080331AC,table,97,claimed,dialogue,,,0809FA10,名を教えておくれ
080331B0,table,97,claimed,dialogue,,,0809FA22,あなたの名前　教えて欲しいの
080331B4,table,97,claimed,dialogue,,,0809FA22,あなたの名前　教えて欲しいの
080331B8,table,97,claimed,dialogue,,,0809FA40,なぜゆえの　戦いか？
080331BC,table,97,claimed,dialogue,,,0809FA56,なぜ　あなたは戦うの？
080331C0,table,97,claimed,dialogue,,,0809FA56,なぜ　あなたは戦うの？
080331C4,table,97,claimed,dialogue,,,0809FA6E,うれしいものぞ　
080331C8,table,97,claimed,dialogue,,,0809FA80,うれしいわぁ！　
080331CC,table,97,claimed,dialogue,,,0809FA92,うれしー！　
080331D0,table,97,claimed,dialogue,,,0809FAA0,くちおしい！　
080331D4,table,97,claimed,dialogue,,,0809FAB0,キィィィー！　
080331D8,table,97,claimed,dialogue,,,0809FAC0,キー！　くやしい！　
080331DC,table,97,claimed,dialogue,,,0809FAD6,はっ！　言うものよ
080331E0,table,97,claimed,dialogue,,,0809FAEA,いい度胸　してるじゃない
080331E4,table,97,claimed,dialogue,,,0809FB04,生意気じゃないの/あんた　年いくつよ！
080331E8,table,97,claimed,dialogue,,,0809FB2C,わらわの　魅力が分るかえ？
080331EC,table,97,claimed,dialogue,,,0809FB48,私って　イイセンいってる？
080331F0,table,97,claimed,dialogue,,,0809FB64,私ってセクシー？
080331F4,table,97,claimed,dialogue,,,0809FB76,汝に　かまけている　ひまはない
080331F8,table,97,claimed,dialogue,,,0809FB96,ごめんなさい　今は　ダメなのー
080331FC,table,97,claimed,dialogue,,,0809FB96,ごめんなさい　今は　ダメなのー
08033200,table,97,claimed,dialogue,,,0809FBB6,面白そうじゃの　
08033204,table,97,claimed,dialogue,,,0809FBC8,そうねぇ………/考えても　いいなー　
08033208,table,97,claimed,dialogue,,,0809FBD8,考えても　いいなー　
0803320C,table,97,claimed,dialogue,,,0809FBEE,案ずるでない　ひとみをとじよ
08033210,table,97,claimed,dialogue,,,0809FC0C,じゃあ　目をつぶってね
08033214,table,97,claimed,dialogue,,,0809FC0C,じゃあ　目をつぶってね
08033218,table,97,claimed,dialogue,,,0809FC24,チュッ❤︎⁠
0803321C,table,97,claimed,dialogue,,,0809FC24,チュッ❤︎⁠
08033220,table,97,claimed,dialogue,,,0809FC24,チュッ❤︎⁠
08033224,table,97,claimed,dialogue,,,0809FC2E,ほうびを　とらせよう
08033228,table,97,claimed,dialogue,,,0809FC44,ぼうや　/いい子ね　ごほうびよ
0803322C,table,97,claimed,dialogue,,,0809FC4E,いい子ね　ごほうびよ
08033230,table,97,claimed,dialogue,,,0809FC64,つまらぬわ
08033234,table,97,claimed,dialogue,,,0809FC70,あーあ　/つまんなーい！
08033238,table,97,claimed,dialogue,,,0809FC7A,つまんなーい！
0803323C,table,97,claimed,dialogue,,,0809FC8A,苦しゅうないぞ
08033240,table,97,claimed,dialogue,,,0809FC9A,やせ我慢しなくても　いいのよ❤︎⁠
08033244,table,97,claimed,dialogue,,,0809FCBA,ムリしちゃって
08033248,table,97,claimed,dialogue,,,0809FCCA,ふらち者め
0803324C,table,97,claimed,dialogue,,,0809FCD6,スケベー！
08033250,table,97,claimed,dialogue,,,0809FCE2,やっぱ　Hなのー❤︎⁠
08033254,table,97,claimed,dialogue,,,0809FCF6,よろしいか？
08033258,table,97,claimed,dialogue,,,0809FD04,これで　いいかしら？
0803325C,table,97,claimed,dialogue,,,0809FD1A,もってけー！
08033260,table,97,claimed,dialogue,,,0809FD28,汝　人の子よ/悪魔と共に　歩むを望むか？
08033264,table,97,claimed,dialogue,,,0809FD52,あなたって/悪魔と　生きてくつもり？
08033268,table,97,claimed,dialogue,,,0809FD5E,悪魔と　生きてくつもり？
0803326C,table,97,claimed,dialogue,,,0809FD78,ほほほほほほ！
08033270,table,97,claimed,dialogue,,,0809FD88,うふふふふ
08033274,table,97,claimed,dialogue,,,0809FD94,クスクスクス………
08033278,table,97,claimed,dialogue,,,0809FDA8,そなたの目　魔のやどりし目！
0803327C,table,97,claimed,dialogue,,,0809FDC6,そんなに見つめちゃ…·…·…·…·/イヤ❤︎⁠
08033280,table,97,claimed,dialogue,,,0809FDC6,そんなに見つめちゃ…·…·…·…·/イヤ❤︎⁠
08033284,table,97,claimed,dialogue,,,0809FDF2,恐ろしや
08033288,table,97,claimed,dialogue,,,0809FDFC,怖いわ………
0803328C,table,97,claimed,dialogue,,,0809FDFC,怖いわ………
08033290,table,97,claimed,dialogue,,,0809FE0A,汝の手　我ら□の血に/朱く染められ/安らぐ日なぞあるまい？
08033294,table,97,claimed,dialogue,,,0809FE46,悪魔を殺して　平気なの？
08033298,table,97,claimed,dialogue,,,0809FE46,悪魔を殺して　平気なの？
0803329C,table,97,claimed,dialogue,,,0809FE60,お前様の式神となるゆえ/よいか………
080332A0,table,97,claimed,dialogue,,,0809FE86,分ったわ　仲魔になる/ただし………
080332A4,table,97,claimed,dialogue,,,0809FEAA,仲魔になるからぁ　ねぇ………
080332A8,table,97,claimed,dialogue,,,0809FEC8,式神とならずば　滅する気か？
080332AC,table,97,claimed,dialogue,,,0809FEC8,式神とならずば　滅する気か？
080332B0,table,97,claimed,dialogue,,,0809FEC8,式神とならずば　滅する気か？
080332B4,table,97,claimed,dialogue,,,0809FEC8,式神とならずば　滅する気か？
080332B8,table,97,claimed,dialogue,,,0809FEE6,仲魔にならなきゃ　殺す気ね？
080332BC,table,97,claimed,dialogue,,,0809FEE6,仲魔にならなきゃ　殺す気ね？
080332C0,table,97,claimed,dialogue,,,0809FF04,わらわの　形見と思うておけ
080332C4,table,97,claimed,dialogue,,,0809FF20,せめて/これを私と思って…·…·…·…·ね❤︎⁠
080332C8,table,97,claimed,dialogue,,,0809FF20,せめて/これを私と思って…·…·…·…·ね❤︎⁠
080332CC,table,97,claimed,dialogue,,,0809FF4E,奪い　そして殺すのであろう！
080332D0,table,97,claimed,dialogue,,,0809FF6C,モノを奪って　殺す気ね？
080332D4,table,97,claimed,dialogue,,,0809FF6C,モノを奪って　殺す気ね？
080332D8,table,97,claimed,dialogue,,,0809FF86,なぜゆえ？
080332E0,table,139,claimed,dialogue,,,0809FF9A,どうして？
080332E4,table,139,claimed,dialogue,,,0809FFA6,すぐに　合身させる気か？
080332E8,table,139,claimed,dialogue,,,0809FFC0,すぐ　合体させる気？
080332EC,table,139,claimed,dialogue,,,0809FFC0,すぐ　合体させる気？
080332F0,table,139,claimed,dialogue,,,0809FFD6,たくましいおのこと　頼むぞ❤︎⁠
080332F4,table,139,claimed,dialogue,,,0809FFF4,私好みの　/すてきな相手にしてね❤︎⁠
080332F8,table,139,claimed,dialogue,,,080A0000,すてきな相手にしてね❤︎⁠
080332FC,table,139,claimed,dialogue,,,080A0018,わらわを　そなたの/そばに置いてくりゃれ………
08033300,table,139,claimed,dialogue,,,080A0048,仲魔にして………
08033304,table,139,claimed,dialogue,,,080A005A,あたしを　さらってぇ！
08033308,table,139,claimed,dialogue,,,080A0072,これほど踊ったのは/ひさしくなかった……
0803330C,table,139,claimed,dialogue,,,080A009C,ひさしぶりに　/すっごい　楽しかったわ！
08033310,table,139,claimed,dialogue,,,080A00AC,すっごい　楽しかったわ！
08033314,table,139,claimed,dialogue,,,080A00C6,あぁ　もっと非道いことを/してたもれ
08033318,table,139,claimed,dialogue,,,080A00EC,クールなのがステキ！/好きにして！
0803331C,table,139,claimed,dialogue,,,080A00EC,クールなのがステキ！/好きにして！
08033320,table,139,claimed,dialogue,,,080A0110,無礼な！/そやつより/わらわと話すのじゃ！
08033324,table,139,claimed,dialogue,,,080A013C,ちょっとぉ/私をのけ者に　しないでよー！
08033328,table,139,claimed,dialogue,,,080A0166,ずるいぃぃぃ！/あたしもまざるうぅぅ！
0803332C,table,139,claimed,dialogue,,,080A018E,水に流そう
08033330,table,139,claimed,dialogue,,,080A019A,許してあげる❤︎⁠
08033334,table,139,claimed,dialogue,,,080A019A,許してあげる❤︎⁠
08033338,table,139,claimed,dialogue,,,080A01AA,わらわを　/のけ者にしたコト………
0803333C,table,139,claimed,dialogue,,,080A01B6,のけ者にしたコト………
08033340,table,139,claimed,dialogue,,,080A01B6,のけ者にしたコト………
08033344,table,139,claimed,dialogue,,,080A01CE,気がめいって　しかたがない/わらわに　
08033348,table,139,claimed,dialogue,,,080A01CE,気がめいって　しかたがない/わらわに　
0803334C,table,139,claimed,dialogue,,,080A01CE,気がめいって　しかたがない/わらわに　
08033350,table,139,claimed,dialogue,,,080A01CE,気がめいって　しかたがない/わらわに　
08033354,table,139,claimed,dialogue,,,080A01CE,気がめいって　しかたがない/わらわに　
08033358,table,139,claimed,dialogue,,,080A01CE,気がめいって　しかたがない/わらわに　
0803335C,table,139,claimed,dialogue,,,080A01CE,気がめいって　しかたがない/わらわに　
08033360,table,139,claimed,dialogue,,,080A01F6,私　なんだか元気がないのよ/ねぇダーリン　·だ…·か…·ら
08033364,table,139,claimed,dialogue,,,080A0232,あたし　ちょっぴりブルーなの/ねぇ
08033368,table,139,claimed,dialogue,,,080A0256,これ　あまり気をおとすでない
0803336C,table,139,claimed,dialogue,,,080A0256,これ　あまり気をおとすでない
08033370,table,139,claimed,dialogue,,,080A0256,これ　あまり気をおとすでない
08033374,table,139,claimed,dialogue,,,080A0256,これ　あまり気をおとすでない
08033378,table,139,claimed,dialogue,,,080A0274,元気出しなさいよ！
0803337C,table,139,claimed,dialogue,,,080A0288,ふぁいと　ふぁいとぉ！
08033380,table,139,claimed,dialogue,,,080A02A0,そちに　ついて行こうぞ
08033384,table,139,claimed,dialogue,,,080A02B8,アタシが　/仲魔になってあげる
08033388,table,139,claimed,dialogue,,,080A02C4,仲魔になってあげる
0803338C,table,139,claimed,dialogue,,,080A02D8,おお　·どのでは/ありませぬか
08033390,table,139,claimed,dialogue,,,080A02D8,おお　·どのでは/ありませぬか
08033394,table,139,claimed,dialogue,,,080A02D8,おお　·どのでは/ありませぬか
08033398,table,139,claimed,dialogue,,,080A02D8,おお　·どのでは/ありませぬか
0803339C,table,139,claimed,dialogue,,,080A02F8,きゃあ　/アタシ　あなたのファンなの！
080333A0,table,139,claimed,dialogue,,,080A0302,アタシ　あなたのファンなの！
080333A4,table,139,claimed,dialogue,,,080A0320,わ　わかった　仲魔になろうぞ/だから　助けてくりゃれ
080333A8,table,139,claimed,dialogue,,,080A0356,仲魔になるから助けて！
080333AC,table,139,claimed,dialogue,,,080A036E,めそめそ…………/仲魔になったげるからぁ/助けてえぇ
080333B0,table,139,claimed,dialogue,,,080A03A4,うっ　もはやこれまで！
080333B4,table,139,claimed,dialogue,,,080A03A4,うっ　もはやこれまで！
080333B8,table,139,claimed,dialogue,,,080A03A4,うっ　もはやこれまで！
080333BC,table,139,claimed,dialogue,,,080A03A4,うっ　もはやこれまで！
080333C0,table,139,claimed,dialogue,,,080A03BC,くっ　いちかばちか………よ！
080333C4,table,139,claimed,dialogue,,,080A03DA,こうなりゃ　ヤケくそ！
080333C8,table,139,claimed,dialogue,,,080A03F2,見逃してたもれ………
080333CC,table,139,claimed,dialogue,,,080A0408,ありゃー　/お願い！　見逃して！
080333D0,table,139,claimed,dialogue,,,080A0414,お願い！　見逃して！
080333D4,table,139,claimed,dialogue,,,080A042A,かかったな！
080333D8,table,139,claimed,dialogue,,,080A0438,なーんちゃって！
080333DC,table,139,claimed,dialogue,,,080A044A,うそぴー！
080333E0,table,139,claimed,dialogue,,,080A0456,いきがりおって/ういやつじゃのう
080333E4,table,139,claimed,dialogue,,,080A0478,つっぱっちゃって　かわいいー❤︎⁠
080333E8,table,139,claimed,dialogue,,,080A0478,つっぱっちゃって　かわいいー❤︎⁠
080333EC,table,139,claimed,dialogue,,,080A0498,むざむざ　殺されはせぬぞえ！
080333F0,table,139,claimed,dialogue,,,080A04B6,ふん！　殺されてたまるか！
080333F4,table,139,claimed,dialogue,,,080A04D2,おととい来やがれー　ベーだ！
080333F8,table,139,claimed,dialogue,,,080A04F0,………気に入らぬ！
080333FC,table,139,claimed,dialogue,,,080A0504,やなヤツねー！·/あんたの事　気に入らないわ！
08033400,table,139,claimed,dialogue,,,080A0516,あんたの事　気に入らないわ！
08033404,table,139,claimed,dialogue,,,080A0534,お主がメシアというのか？
08033408,table,139,claimed,dialogue,,,080A054E,あんたがメシア？
0803340C,table,139,claimed,dialogue,,,080A0560,あなたがメシア様なのぉ？
08033410,table,139,claimed,dialogue,,,080A057A,何様のつもりぞ！
08033414,table,139,claimed,dialogue,,,080A058C,何なのよ！　/ムカつくー！
08033418,table,139,claimed,dialogue,,,080A059A,ムカつくー！
0803341C,table,139,claimed,dialogue,,,080A05A8,お主が　わらわに/つり合うわけがないわ！
08033420,table,139,claimed,dialogue,,,080A05D2,言い寄ろうなんて/百万年早いわ
08033424,table,139,claimed,dialogue,,,080A05F2,あんたが　アタシと/つり合うわけないじゃん！
08033428,table,139,claimed,dialogue,,,080A0620,ならば　わらわの仲魔を/引きあわそうぞ
0803342C,table,139,claimed,dialogue,,,080A0648,じゃ　いい娘を教えたげるわね！/よりどりみどりよん❤︎⁠
08033430,table,139,claimed,dialogue,,,080A0648,じゃ　いい娘を教えたげるわね！/よりどりみどりよん❤︎⁠
08033434,table,139,claimed,dialogue,,,080A067E,応援　するぞ
08033438,table,139,claimed,dialogue,,,080A068C,がんばってねぇ❤︎⁠
0803343C,table,139,claimed,dialogue,,,080A068C,がんばってねぇ❤︎⁠
08033440,table,139,claimed,dialogue,,,080A069E,わらわに　何用かえ？
08033444,table,139,claimed,dialogue,,,080A069E,わらわに　何用かえ？
08033448,table,139,claimed,dialogue,,,080A069E,わらわに　何用かえ？
0803344C,table,139,claimed,dialogue,,,080A069E,わらわに　何用かえ？
08033450,table,139,claimed,dialogue,,,080A06B4,なあに　ぼうや？··あたしに　何の用ぉ？
08033454,table,139,claimed,dialogue,,,080A06C8,あたしに　何の用ぉ？
08033458,table,139,claimed,dialogue,,,080A06DE,数奇な　運を持つ名よ！
0803345C,table,139,claimed,dialogue,,,080A06F6,運の悪い名ね/それメシアの名前よ
08033460,table,139,claimed,dialogue,,,080A0718,変な名前！
08033464,table,139,claimed,dialogue,,,080A0724,無礼者！
08033468,table,139,claimed,dialogue,,,080A072E,失礼しちゃう！
0803346C,table,139,claimed,dialogue,,,080A073E,うっわー　やなやつー！
08033470,table,139,claimed,dialogue,,,080A0756,安心した
08033474,table,139,claimed,dialogue,,,080A0760,よかった
08033478,table,139,claimed,dialogue,,,080A076A,ふぅー………
0803347C,table,139,claimed,dialogue,,,080A0778,わらわを　信じてくれたか
08033480,table,139,claimed,dialogue,,,080A0792,私を　信じてくれたのね
08033484,table,139,claimed,dialogue,,,080A0792,私を　信じてくれたのね
08033488,table,139,claimed,dialogue,,,080A07AA,用心は年寄りのすること
0803348C,table,139,claimed,dialogue,,,080A07AA,用心は年寄りのすること
08033490,table,139,claimed,dialogue,,,080A07AA,用心は年寄りのすること
08033494,table,139,claimed,dialogue,,,080A07AA,用心は年寄りのすること
08033498,table,139,claimed,dialogue,,,080A07C2,あらぁ　/用心深いのね
0803349C,table,139,claimed,dialogue,,,080A07CC,用心深いのね
080334A0,table,139,claimed,dialogue,,,080A07DA,わらわの願いを聞いてたもれ
080334A4,table,139,claimed,dialogue,,,080A07F6,アタシのお願い聞いてくれる？
080334A8,table,139,claimed,dialogue,,,080A07F6,アタシのお願い聞いてくれる？
080334AC,table,139,claimed,dialogue,,,080A0814,その娘と　くらべてどうじゃ？
080334B0,table,139,claimed,dialogue,,,080A0832,そっちの娘と　くらべたら？
080334B4,table,139,claimed,dialogue,,,080A0832,そっちの娘と　くらべたら？
080334B8,table,139,claimed,dialogue,,,080A084E,そうじゃろう
080334BC,table,139,claimed,dialogue,,,080A085C,とーぜんね！
080334C0,table,139,claimed,dialogue,,,080A086A,キャホーイ！
080334C4,table,139,claimed,dialogue,,,080A0878,下郎！　わらわに命じるか
080334C8,table,139,claimed,dialogue,,,080A0892,この私に　命令するとはね
080334CC,table,139,claimed,dialogue,,,080A08AC,ムリにでも聞けってのかー
080334D0,table,139,claimed,dialogue,,,080A08C6,若い者は　よいのぉ
080334D4,table,139,claimed,dialogue,,,080A08DA,仲がいいのね
080334D8,table,139,claimed,dialogue,,,080A08DA,仲がいいのね
080334DC,table,139,claimed,dialogue,,,080A08E8,言葉だけでも　
080334E0,table,139,claimed,dialogue,,,080A08F8,ウソでも　
080334E4,table,139,claimed,dialogue,,,080A08F8,ウソでも　
080334E8,table,139,claimed,dialogue,,,080A0904,おなごの心　分るまい
080334EC,table,139,claimed,dialogue,,,080A091A,もう少し/女心の分かる男に　なりなさい
080334F0,table,139,claimed,dialogue,,,080A0942,あんたって　女の子の気持ち/まったく　わかってないね！
080334F4,table,139,claimed,dialogue,,,080A097A,我ら□を　いかに思うや？
080334F8,table,139,claimed,dialogue,,,080A0994,あなたって··悪魔をどう思ってるの？
080334FC,table,139,claimed,dialogue,,,080A09BA,□のコト　どー思う？
08033500,table,139,claimed,dialogue,,,080A09D0,コンピュータで　話すのかえ？/面白そうじゃの/そちに　ついて行こうかのう
08033504,table,139,claimed,dialogue,,,080A0A1A,コンピュータで　しゃべるの？/おもしろーい！/仲魔になっちゃおうかなー
08033508,table,139,claimed,dialogue,,,080A0A1A,コンピュータで　しゃべるの？/おもしろーい！/仲魔になっちゃおうかなー
08033518,table,154,claimed,dialogue,,,080A0A68,わらわは　どうじゃ
0803351C,table,154,claimed,dialogue,,,080A0A7C,それじゃあ　/あたしは？
08033520,table,154,claimed,dialogue,,,080A0A8A,あたしは？
08033524,table,154,claimed,dialogue,,,080A0A96,人の子よ　呪われよ
08033528,table,154,claimed,dialogue,,,080A0AAA,でもね　/人間の方がよっぽど　怖いよ！！
0803352C,table,154,claimed,dialogue,,,080A0AB4,人間の方がよっぽど　怖いよ！！
08033530,table,154,claimed,dialogue,,,080A0AD4,あんまりではないか
08033534,table,154,claimed,dialogue,,,080A0AE8,なんて　ひどい………
08033538,table,154,claimed,dialogue,,,080A0AE8,なんて　ひどい………
0803353C,table,154,claimed,dialogue,,,080A0AFE,いた仕方なし
08033540,table,154,claimed,dialogue,,,080A0B0C,あら　/それじゃ　仕方ないわね
08033544,table,154,claimed,dialogue,,,080A0B14,それじゃ　仕方ないわね
08033548,table,154,claimed,dialogue,,,080A0B2C,わらわの色におなり
0803354C,table,154,claimed,dialogue,,,080A0B40,私の　奴隷におなり！
08033550,table,154,claimed,dialogue,,,080A0B56,あたしのペットに/なりたいのね？
08033554,table,154,claimed,dialogue,,,080A0B78,その心　受けとめたぞ
08033558,table,154,claimed,dialogue,,,080A0B8E,その気持ち　わかるわー！
0803355C,table,154,claimed,dialogue,,,080A0B8E,その気持ち　わかるわー！
08033560,table,154,claimed,dialogue,,,0809ACE8,神の前に　この犠牲を捧げます！
08033564,table,154,claimed,dialogue,,,0809AD08,血だ！　血を捧げよ
08033568,table,154,claimed,dialogue,,,0809AD08,血だ！　血を捧げよ
0803356C,table,154,claimed,dialogue,,,0809AD1C,非常に　怪しいですね
08033570,table,154,claimed,dialogue,,,0809AD32,ふざけたヤツめ！
08033574,table,154,claimed,dialogue,,,0809AD32,ふざけたヤツめ！
08033578,table,154,claimed,dialogue,,,0809AD44,すぐに傷をいやさねば……
0803357C,table,154,claimed,dialogue,,,0809AD5E,仕方が無い……私が治そう
08033580,table,154,claimed,dialogue,,,0809AD78,何たる事……/我が回復の技を見よ！
08033584,table,154,claimed,dialogue,,,0809AD9C,私と共に果てるのです！
08033588,table,154,claimed,dialogue,,,0809ADB4,死なばもろとも……/貴様も一緒だ！！
0803358C,table,154,claimed,dialogue,,,0809ADB4,死なばもろとも……/貴様も一緒だ！！
08033590,table,154,claimed,dialogue,,,0809ADDA,マッカが足りないのですか？
08033594,table,154,claimed,dialogue,,,0809ADF6,マッカが足りぬだと！
08033598,table,154,claimed,dialogue,,,0809ADF6,マッカが足りぬだと！
0803359C,table,154,claimed,dialogue,,,0809AE0C,私の兄弟が/病んでいるではないですか！
080335A0,table,154,claimed,dialogue,,,0809AE34,何と！/私の仲魔はどうしたんだ！
080335A4,table,154,claimed,dialogue,,,0809AE56,我が同胞が/傷ついとるではないか！
080335A8,table,154,claimed,dialogue,,,0809AE7A,甘いですね
080335AC,table,154,claimed,dialogue,,,0809AE86,甘いようだな
080335B0,table,154,claimed,dialogue,,,0809AE94,甘い　甘すぎるぞ！！
080335B4,table,154,claimed,dialogue,,,0809AEAA,何ですって！？　
080335B8,table,154,claimed,dialogue,,,0809AEBC,何だと！　
080335BC,table,154,claimed,dialogue,,,0809AEBC,何だと！　
080335C0,table,154,claimed,dialogue,,,0809AEC8,許すわけには　行きませんね……
080335C4,table,154,claimed,dialogue,,,0809AEE8,許さんぞ！
080335C8,table,154,claimed,dialogue,,,0809AEF4,許すまじ
080335CC,table,154,claimed,dialogue,,,0809AEFE,天罰てきめん！！
080335D0,table,154,claimed,dialogue,,,0809AF10,死にたい様だな！
080335D4,table,154,claimed,dialogue,,,0809AF10,死にたい様だな！
080335D8,table,154,claimed,dialogue,,,0809AF22,真の力　見せてあげましょう！
080335DC,table,154,claimed,dialogue,,,0809AF40,我が力　見せてくれよう！
080335E0,table,154,claimed,dialogue,,,0809AF40,我が力　見せてくれよう！
080335E4,table,154,claimed,dialogue,,,0809AF5A,いいでしょう　
080335E8,table,154,claimed,dialogue,,,0809AF6A,いいだろう　
080335EC,table,154,claimed,dialogue,,,0809AF6A,いいだろう　
080335F0,table,154,claimed,dialogue,,,0809AF78,私は　□□·/貴方に　忠誠を誓い/守護をにないましょう
080335F4,table,154,claimed,dialogue,,,0809AFB0,私は　□□·/貴殿に　忠誠を誓おう！
080335F8,table,154,claimed,dialogue,,,0809AFD6,我が名は　□/□なり·/今後ともよろしく
080335FC,table,154,claimed,dialogue,,,0809B000,これで　失礼します
08033600,table,154,claimed,dialogue,,,0809B014,さらばだ
08033604,table,154,claimed,dialogue,,,0809B014,さらばだ
08033608,table,154,claimed,dialogue,,,0809B01E,仲魔がいっぱいの様ですが……/誰か　外すのですか？
0803360C,table,154,claimed,dialogue,,,0809B052,仲魔がいっぱいの様だが……/誰か　外すのか？
08033610,table,154,claimed,dialogue,,,0809B052,仲魔がいっぱいの様だが……/誰か　外すのか？
08033614,table,154,claimed,dialogue,,,0809B080,もう話す事は　ありません
08033618,table,154,claimed,dialogue,,,0809B09A,貴様にもう用はない
0803361C,table,154,claimed,dialogue,,,0809B09A,貴様にもう用はない
08033620,table,154,claimed,dialogue,,,0809B0AE,貴方の誠意/確かに受け取りました··また会いましょう
08033624,table,154,claimed,dialogue,,,0809B0E4,助かった………··また　いずこかで会おう！
08033628,table,154,claimed,dialogue,,,0809B110,貴様の事　覚えといてやろう！
0803362C,table,154,claimed,dialogue,,,0809B12E,無慈悲な……/その様な者と　関わる気は/ありません
08033630,table,154,claimed,dialogue,,,0809B162,期待をした　私が愚かだった
08033634,table,154,claimed,dialogue,,,0809B17E,薄情者め……/貴様とは付き合い切れぬわ！
08033638,table,154,claimed,dialogue,,,0809B1A8,本当に　
0803363C,table,154,claimed,dialogue,,,0809B1A8,本当に　
08033640,table,154,claimed,dialogue,,,0809B1A8,本当に　
08033644,table,154,claimed,dialogue,,,0809B1B2,その愚かさが身を滅ぼすのです！
08033648,table,154,claimed,dialogue,,,0809B1D2,愚か者めが！
0803364C,table,154,claimed,dialogue,,,0809B1D2,愚か者めが！
08033650,table,154,claimed,dialogue,,,0809B1E0,嘆かわしい　
08033654,table,154,claimed,dialogue,,,0809B1EE,救われぬヤツだ　
08033658,table,154,claimed,dialogue,,,0809B200,くだらぬわ　
0803365C,table,154,claimed,dialogue,,,0809B20E,すばらしい……/その考え　賞賛に値します
08033660,table,154,claimed,dialogue,,,0809B238,なかなかに　ういヤツめ
08033664,table,154,claimed,dialogue,,,0809B238,なかなかに　ういヤツめ
08033668,table,154,claimed,dialogue,,,0809B250,私の兄弟を　頼みましたよ
0803366C,table,154,claimed,dialogue,,,0809B26A,私の仲魔を　よろしく頼む！
08033670,table,154,claimed,dialogue,,,0809B286,我が同胞を　よろしく頼んだぞ！
08033674,table,154,claimed,dialogue,,,0809B2A6,これを授けましょう
08033678,table,154,claimed,dialogue,,,0809B2BA,これをやろう
0803367C,table,154,claimed,dialogue,,,0809B2BA,これをやろう
08033680,table,154,claimed,dialogue,,,0809B2C8,これで　許してはくれませんか
08033684,table,154,claimed,dialogue,,,0809B2E6,これで　許して欲しい
08033688,table,154,claimed,dialogue,,,0809B2FC,これで　満足してくれんか
0803368C,table,154,claimed,dialogue,,,0809B316,仕方がないですね/これを取りなさい
08033690,table,154,claimed,dialogue,,,0809B33A,情けないヤツよ　これをやろう
08033694,table,154,claimed,dialogue,,,0809B358,哀れなり/人の救い主たる者よ……/これを　くれてやるわ
08033698,table,154,claimed,dialogue,,,0809B390,□マッカ………/それで　いかがです？
0803369C,table,154,claimed,dialogue,,,0809B3B6,□マッカ/頂きたい
080336A0,table,154,claimed,dialogue,,,0809B3B6,□マッカ/頂きたい
080336A4,table,154,claimed,dialogue,,,0809B3CA,戦う気は　無いのですか？
080336A8,table,154,claimed,dialogue,,,0809B3E4,…·…·戦う気が　無いと言うか？
080336AC,table,154,claimed,dialogue,,,0809B3E4,…·…·戦う気が　無いと言うか？
080336B0,table,154,claimed,dialogue,,,0809B406,あと　もうひとつ
080336B4,table,154,claimed,dialogue,,,0809B418,では　もうひとつ
080336B8,table,154,claimed,dialogue,,,0809B418,では　もうひとつ
080336BC,table,154,claimed,dialogue,,,0809B42A,何か　頂けるのですか？
080336C0,table,154,claimed,dialogue,,,0809B442,何か　頂けるのかな？
080336C4,table,154,claimed,dialogue,,,0809B458,何か　出す気があるのか？
080336C8,table,154,claimed,dialogue,,,0809B472,私の協力を　望むのですか？
080336CC,table,154,claimed,dialogue,,,0809B48E,私を　当てにしているのか？
080336D0,table,154,claimed,dialogue,,,0809B4AA,我が助力/汝は欲するというか？
080336D4,table,154,claimed,dialogue,,,0809B4CA,何か欲しているのですか？
080336D8,table,154,claimed,dialogue,,,0809B4E4,何か欲しいのか？
080336DC,table,154,claimed,dialogue,,,0809B4E4,何か欲しいのか？
080336E0,table,154,claimed,dialogue,,,0809B4F6,現世の邪念より　逃れるため/私に救いを求めているのですか？
080336E4,table,154,claimed,dialogue,,,0809B532,さては　私のファンか？
080336E8,table,154,claimed,dialogue,,,0809B54A,我が姿を見/思わず声をかけたともうすか？
080336EC,table,154,claimed,dialogue,,,0809B574,天にものぼる　聖なる舞いを！
080336F0,table,154,claimed,dialogue,,,0809B592,血をたぎらせる　妖しの舞いを！
080336F4,table,154,claimed,dialogue,,,0809B592,血をたぎらせる　妖しの舞いを！
080336F8,table,154,claimed,dialogue,,,0809B5B2,私の心は/今　とても安らいでいます
080336FC,table,154,claimed,dialogue,,,0809B5D6,なかなか　いい気分だ
08033700,table,154,claimed,dialogue,,,0809B5EC,うむ　すこぶる機嫌が良いぞ！
08033704,table,154,claimed,dialogue,,,0809B60A,貴方の力になれば良いのですね？
08033708,table,154,claimed,dialogue,,,0809B62A,下僕になれと　言うのか？
0803370C,table,154,claimed,dialogue,,,0809B62A,下僕になれと　言うのか？
08033710,table,154,claimed,dialogue,,,0809B644,ありがとう　
08033714,table,154,claimed,dialogue,,,0809B652,ありがたい　
08033718,table,154,claimed,dialogue,,,0809B660,すまんのう　
0803371C,table,154,claimed,dialogue,,,0809B66E,兄弟の容態が悪い様子……/貴方に任せるのは/心配でなりません
08033720,table,154,claimed,dialogue,,,0809B6AC,仲魔の具合が　悪い様だ……/早く何とかして　やってくれ
08033724,table,154,claimed,dialogue,,,0809B6AC,仲魔の具合が　悪い様だ……/早く何とかして　やってくれ
08033728,table,154,claimed,dialogue,,,0809B6E4,それは　お断りします
0803372C,table,154,claimed,dialogue,,,0809B6FA,断じて　断る！
08033730,table,154,claimed,dialogue,,,0809B6FA,断じて　断る！
08033734,table,154,claimed,dialogue,,,0809B70A,あ……悪魔めッ！
08033738,table,154,claimed,dialogue,,,0809B71C,な……何てヤツだ！
0803373C,table,154,claimed,dialogue,,,0809B730,グワアーッ！
08033740,table,154,claimed,dialogue,,,0809B73E,やはり　その気なのですね！
08033744,table,154,claimed,dialogue,,,0809B75A,貴様………やるのかあ！
08033748,table,154,claimed,dialogue,,,0809B75A,貴様………やるのかあ！
0803374C,table,154,claimed,dialogue,,,0809B772,私が間違っていました
08033750,table,154,claimed,dialogue,,,0809B788,私が悪かったよ
08033754,table,154,claimed,dialogue,,,0809B798,……謝罪する
08033758,table,154,claimed,dialogue,,,0809B7A6,MAGが足りぬのですか？
0803375C,table,154,claimed,dialogue,,,0809B7C0,MAGが足りぬだと！
08033760,table,154,claimed,dialogue,,,0809B7C0,MAGが足りぬだと！
08033764,table,154,claimed,dialogue,,,0809B7D6,魔石が　無いのですか？
08033768,table,154,claimed,dialogue,,,0809B7EE,魔石が　無いだと！
0803376C,table,154,claimed,dialogue,,,0809B7EE,魔石が　無いだと！
08033770,table,154,claimed,dialogue,,,0809B802,□MAG………/それで　いかがです？
08033774,table,154,claimed,dialogue,,,0809B828,□MAG/頂きたい
08033778,table,154,claimed,dialogue,,,0809B828,□MAG/頂きたい
0803377C,table,154,claimed,dialogue,,,0809B83C,それでは　
08033788,table,70,claimed,dialogue,,,0809B850,宝石……それで　いかがです？
0803378C,table,70,claimed,dialogue,,,0809B86E,宝石を　頂きたい
08033790,table,70,claimed,dialogue,,,0809B86E,宝石を　頂きたい
08033794,table,70,claimed,dialogue,,,0809B880,まだ　足りませんね
08033798,table,70,claimed,dialogue,,,0809B894,ううむ……まだ　足りぬな
0803379C,table,70,claimed,dialogue,,,0809B8AE,いまだ　満たされぬ
080337A0,table,70,claimed,dialogue,,,0809B8C2,その様な物で　私の心は/満たせません/私は　天使なのですよ！
080337A4,table,70,claimed,dialogue,,,0809B900,この様なくだらぬ物で/私が　満足できると思うか！
080337A8,table,70,claimed,dialogue,,,0809B932,うぬぬ/こんな茶番　もうやめだ！
080337AC,table,70,claimed,dialogue,,,0809B954,魔石………/それで　いかがです？
080337B0,table,70,claimed,dialogue,,,0809B976,魔石を　もらおう！
080337B4,table,70,claimed,dialogue,,,0809B976,魔石を　もらおう！
080337B8,table,70,claimed,dialogue,,,0809B98A,私達天使に/手をかけるつもりですか？
080337BC,table,70,claimed,dialogue,,,0809B9B0,私を　殺すと言うのか？
080337C0,table,70,claimed,dialogue,,,0809B9C8,我が魂　奪うつもりか？
080337C4,table,70,claimed,dialogue,,,0809B9E0,そんな事を言わず……
080337C8,table,70,claimed,dialogue,,,0809B9F6,まぁ　そう言うな
080337CC,table,70,claimed,dialogue,,,0809B9F6,まぁ　そう言うな
080337D0,table,70,claimed,dialogue,,,0809BA08,今日のところは/見逃して　あげましょう
080337D4,table,70,claimed,dialogue,,,0809BA30,今回は見逃す/だが　次は無いと思うのだな
080337D8,table,70,claimed,dialogue,,,0809BA30,今回は見逃す/だが　次は無いと思うのだな
080337DC,table,70,claimed,dialogue,,,0809BA5A,その高慢な心に…·…·…·/制裁を　与えましょう！
080337E0,table,70,claimed,dialogue,,,0809BA8E,いきがって　いられるのも/これが最後だ！
080337E4,table,70,claimed,dialogue,,,0809BA8E,いきがって　いられるのも/これが最後だ！
080337E8,table,70,claimed,dialogue,,,0809BAB8,貴方の魂　もらい受けます
080337EC,table,70,claimed,dialogue,,,0809BAD2,お前の命　私が頂こう！
080337F0,table,70,claimed,dialogue,,,0809BAEA,汝の魂を　頂こうか！
080337F4,table,70,claimed,dialogue,,,0809BB00,ハ…ハ…ハ……/とても　面白いですね……
080337F8,table,70,claimed,dialogue,,,0809BB2A,面白い！　大したものだ
080337FC,table,70,claimed,dialogue,,,0809BB42,すこぶる　面白いぞ！/あの　サロメもかくや
08033800,table,70,claimed,dialogue,,,0809BB6E,フフフ………
08033804,table,70,claimed,dialogue,,,0809BB7C,ハハハハハ！　
08033808,table,70,claimed,dialogue,,,0809BB8C,ハーッハッハ！！　
0803380C,table,70,claimed,dialogue,,,0809BBA0,恐れるものは/無いと言うわけですね
08033810,table,70,claimed,dialogue,,,0809BBC4,いい度胸だ！
08033814,table,70,claimed,dialogue,,,0809BBC4,いい度胸だ！
08033818,table,70,claimed,dialogue,,,0809BBD2,これでは　貴方の気が届きません/もう少し/こちらへ来てくれませんか？
0803381C,table,70,claimed,dialogue,,,0809BC18,これでは　話も出来ない/もう少し/こちらに来たらどうだ？
08033820,table,70,claimed,dialogue,,,0809BC52,これでは　話しにならぬ/もっと　こっちへ来るのだ
08033824,table,70,claimed,dialogue,,,0809BC84,天使をあざむこうとは/馬鹿なまねを…·…·…·
08033828,table,70,claimed,dialogue,,,0809BCB4,その様な　□先だけの言葉など/信用できぬわ！
0803382C,table,70,claimed,dialogue,,,0809BCB4,その様な　□先だけの言葉など/信用できぬわ！
08033830,table,70,claimed,dialogue,,,0809BCE2,信じましょう
08033834,table,70,claimed,dialogue,,,0809BCF0,なかなか　見る目があるな
08033838,table,70,claimed,dialogue,,,0809BD0A,そうであろうとも！/お主　見どころがあるな
0803383C,table,70,claimed,dialogue,,,0809BD36,まずは　その武器を置いて下さい
08033840,table,70,claimed,dialogue,,,0809BD56,まずは　ガンを置いてもらおう
08033844,table,70,claimed,dialogue,,,0809BD56,まずは　ガンを置いてもらおう
08033848,table,70,claimed,dialogue,,,0809BD74,汝　その名を答えなさい
0803384C,table,70,claimed,dialogue,,,0809BD8C,お前の名　聞いておきたい
08033850,table,70,claimed,dialogue,,,0809BDA6,我にその名を　かたれ
08033854,table,70,claimed,dialogue,,,0809BDBC,主に背けと言うのですか！？
08033858,table,70,claimed,dialogue,,,0809BDD8,仲魔を　裏切る事になるな
0803385C,table,70,claimed,dialogue,,,0809BDF2,我が同胞に··背をむけろと言うか！
08033860,table,70,claimed,dialogue,,,0809BE16,そのけがれた魂は/裁きを受けねばなりません
08033864,table,70,claimed,dialogue,,,0809BE42,貴様の事など　信じられん！
08033868,table,70,claimed,dialogue,,,0809BE42,貴様の事など　信じられん！
0803386C,table,70,claimed,dialogue,,,0809BE5E,うかつすぎますね··その命………/貴方だけの物では　ないのですよ
08033870,table,70,claimed,dialogue,,,0809BEA0,甘いぞ！/おのれの命だけで　あるまいに
08033874,table,70,claimed,dialogue,,,0809BEA0,甘いぞ！/おのれの命だけで　あるまいに
08033878,table,70,claimed,dialogue,,,0809BEC8,貴方の気持ちを/見せて欲しいのです
0803387C,table,70,claimed,dialogue,,,0809BEEC,取り引きは　早くすませたい/…·…·…·分るな？
08033880,table,70,claimed,dialogue,,,0809BEEC,取り引きは　早くすませたい/…·…·…·分るな？
08033884,table,70,claimed,dialogue,,,0809BF1E,人と関わっている　いとまなど/私には無いのです！
08033888,table,70,claimed,dialogue,,,0809BF50,貴様のような小者と/話すヒマなどないわ！
0803388C,table,70,claimed,dialogue,,,0809BF50,貴様のような小者と/話すヒマなどないわ！
08033890,table,70,claimed,dialogue,,,0809BF7A,やはり　そうでしたか
08033894,table,70,claimed,dialogue,,,0809BF90,やはり　そうか………
08033898,table,70,claimed,dialogue,,,0809BF90,やはり　そうか………
0803389C,table,70,claimed,dialogue,,,0809BFA6,お願いです
080338A8,table,6,claimed,dialogue,,,0809BFBA,だめです！··神のご意思に　反します/やはり　共には行けません
080338AC,table,6,claimed,dialogue,,,0809BFFA,出来ぬ！··やはり　お前と組むのは無理だ··今のお前とはな………
080338B0,table,6,claimed,dialogue,,,0809BFFA,出来ぬ！··やはり　お前と組むのは無理だ··今のお前とはな………
080338B4,table,6,claimed,dialogue,,,0809C03C,わ！…·…·…·私の兄弟が！！　
080338B8,table,6,claimed,dialogue,,,0809C05E,わ…·…·…·我が同胞が！！　
080338BC,table,6,claimed,dialogue,,,0809C05E,わ…·…·…·我が同胞が！！　
080338D8,isolated,3,claimed,dialogue,,,0809C08E,あいにく　
080338DC,isolated,3,claimed,dialogue,,,0809C08E,あいにく　
080338E0,isolated,3,claimed,dialogue,,,0809C08E,あいにく　
080338E8,table,50,claimed,dialogue,,,0809C0A2,ならば　
080338EC,table,50,claimed,dialogue,,,0809C0A2,ならば　
080338F0,table,50,claimed,dialogue,,,0809C0AC,その代わり　
080338F4,table,50,claimed,dialogue,,,0809C0BA,ひきかえに　
080338F8,table,50,claimed,dialogue,,,0809C0BA,ひきかえに　
080338FC,table,50,claimed,dialogue,,,0809C0C8,今度は　
08033900,table,50,claimed,dialogue,,,0809C0C8,今度は　
08033904,table,50,claimed,dialogue,,,0809C0C8,今度は　
08033908,table,50,claimed,dialogue,,,0809C0D2,私に命令できるのは/主　おひとりのみ！/
0803390C,table,50,claimed,dialogue,,,0809C0FC,貴様の命令は　受けぬ！
08033910,table,50,claimed,dialogue,,,0809C114,人ごときのさしずは受けぬわ
08033914,table,50,claimed,dialogue,,,0809C130,何です貴方は？/これを　あげますから/どこへなりとも失せなさい
08033918,table,50,claimed,dialogue,,,0809C170,何だ貴様は？/これをやるから　消えてくれ
0803391C,table,50,claimed,dialogue,,,0809C170,何だ貴様は？/これをやるから　消えてくれ
08033920,table,50,claimed,dialogue,,,0809C19A,まろやかで　何と香り高い！/どうかもう少し………
08033924,table,50,claimed,dialogue,,,0809C19A,まろやかで　何と香り高い！/どうかもう少し………
08033928,table,50,claimed,dialogue,,,0809C19A,まろやかで　何と香り高い！/どうかもう少し………
0803392C,table,50,claimed,dialogue,,,0809C19A,まろやかで　何と香り高い！/どうかもう少し………
08033930,table,50,claimed,dialogue,,,0809C1CC,いい酒だ　もういっぱいもらおう
08033934,table,50,claimed,dialogue,,,0809C1EC,いい酒だ…·…·…·もっとだ！
08033938,table,50,claimed,dialogue,,,0809C20C,フッ………/
0803393C,table,50,claimed,dialogue,,,0809C20C,フッ………/
08033940,table,50,claimed,dialogue,,,0809C20C,フッ………/
08033944,table,50,claimed,dialogue,,,0809C20C,フッ………/
08033948,table,50,claimed,dialogue,,,0809C20C,フッ………/
0803394C,table,50,claimed,dialogue,,,0809C20C,フッ………/
08033950,table,50,claimed,dialogue,,,0809C21A,汝の　内なる声に従いなさい
08033954,table,50,claimed,dialogue,,,0809C236,汝の欲するところを　成せ
08033958,table,50,claimed,dialogue,,,0809C236,汝の欲するところを　成せ
0803395C,table,50,claimed,dialogue,,,0809C250,されど　道をたがえる者には/神の裁きを！
08033960,table,50,claimed,dialogue,,,0809C27A,されど　力ともなわぬ者には/死を！
08033964,table,50,claimed,dialogue,,,0809C27A,されど　力ともなわぬ者には/死を！
08033968,table,50,claimed,dialogue,,,0809C29E,なかなか　良い武器で
0803396C,table,50,claimed,dialogue,,,0809C29E,なかなか　良い武器で
08033970,table,50,claimed,dialogue,,,0809C29E,なかなか　良い武器で
08033974,table,50,claimed,dialogue,,,0809C2B4,そんなもので　私を惑わそうとは/あさはかな！
08033978,table,50,claimed,dialogue,,,0809C2B4,そんなもので　私を惑わそうとは/あさはかな！
0803397C,table,50,claimed,dialogue,,,0809C2E2,つまらん/次は　死の踊りでも/踊らせてやる！
08033980,table,50,claimed,dialogue,,,0809C310,憶病者に　用はありません
08033984,table,50,claimed,dialogue,,,0809C32A,憶病者に　用はない
08033988,table,50,claimed,dialogue,,,0809C32A,憶病者に　用はない
0803398C,table,50,claimed,dialogue,,,0809C33E,私が　恐ろしいのですか？
08033990,table,50,claimed,dialogue,,,0809C358,怖気づいたか？
08033994,table,50,claimed,dialogue,,,0809C358,怖気づいたか？
08033998,table,50,claimed,dialogue,,,0809C368,そうです！/そちらの女性に　
0803399C,table,50,claimed,dialogue,,,0809C386,そうだ！　その女に
080339A0,table,50,claimed,dialogue,,,0809C386,そうだ！　その女に
080339A4,table,50,claimed,dialogue,,,0809C39A,そうです！/貴方に
080339A8,table,50,claimed,dialogue,,,0809C3AE,そうだ！　貴様
080339AC,table,50,claimed,dialogue,,,0809C3AE,そうだ！　貴様
080339BC,isolated,3,claimed,dialogue,,,0809C3EC,どの程度の力か/見せて頂きましょう！
080339C0,isolated,3,claimed,dialogue,,,0809C412,この悪魔狩りの　ペテン師め！
080339C4,isolated,3,claimed,dialogue,,,0809C412,この悪魔狩りの　ペテン師め！
080339D4,table,60,claimed,dialogue,,,0809C44E,私は　真メシアに出会えました··どうか/おそばで仕えさせて下さい
080339D8,table,60,claimed,dialogue,,,0809C490,お前なら　この世を/変えられるかも知れん··どうだ？/私を仲魔にしてくれ
080339DC,table,60,claimed,dialogue,,,0809C4E0,貴方に　かけても良かろう··どうだ？/しばらく/この□を/使ってやってく
080339E0,table,60,claimed,dialogue,,,0809C532,神の祝福あれ
080339E4,table,60,claimed,dialogue,,,0809C540,気に入った
080339E8,table,60,claimed,dialogue,,,0809C540,気に入った
080339EC,table,60,claimed,dialogue,,,0809C54C,私は貴方に用などありません
080339F0,table,60,claimed,dialogue,,,0809C568,こっちは/貴様になど用はないわ！
080339F4,table,60,claimed,dialogue,,,0809C568,こっちは/貴様になど用はないわ！
080339F8,table,60,claimed,dialogue,,,0809C58A,真の力とは　唯一/神のみぞ　持ち得るもの
080339FC,table,60,claimed,dialogue,,,0809C5B4,真の力とは　死に行く定めの/人間などには　とうてい/持てぬもの　
08033A00,table,60,claimed,dialogue,,,0809C5B4,真の力とは　死に行く定めの/人間などには　とうてい/持てぬもの　
08033A04,table,60,claimed,dialogue,,,0809C5F6,おのれに　おごらず/命は大切にすべきです
08033A08,table,60,claimed,dialogue,,,0809C620,せいぜい　長生きでも望むことだ
08033A0C,table,60,claimed,dialogue,,,0809C620,せいぜい　長生きでも望むことだ
08033A10,table,60,claimed,dialogue,,,0809C640,それが　愚かしいと言うのです！
08033A14,table,60,claimed,dialogue,,,0809C660,それが　こざかしいと言うのだ！
08033A18,table,60,claimed,dialogue,,,0809C660,それが　こざかしいと言うのだ！
08033A1C,table,60,claimed,dialogue,,,0809C680,そうでなくては　いけません
08033A20,table,60,claimed,dialogue,,,0809C69C,それがいい
08033A24,table,60,claimed,dialogue,,,0809C69C,それがいい
08033A28,table,60,claimed,dialogue,,,0809C6A8,人の子よ　神の使徒たる/この私に捧げなさい
08033A2C,table,60,claimed,dialogue,,,0809C6D4,我が元に　捧げるがいい
08033A30,table,60,claimed,dialogue,,,0809C6EC,人の子よ　神である余に　捧げよ
08033A34,table,60,claimed,dialogue,,,0809C70C,聖者の血たる　そのしずくを！
08033A38,table,60,claimed,dialogue,,,0809C72A,甘美なる　生命の水を！
08033A3C,table,60,claimed,dialogue,,,0809C742,酒を！/魂のしたたりを！
08033A40,table,60,claimed,dialogue,,,0809C75C,もう無いのですか？
08033A44,table,60,claimed,dialogue,,,0809C770,もう　酒がないのか！
08033A48,table,60,claimed,dialogue,,,0809C770,もう　酒がないのか！
08033A4C,table,60,claimed,dialogue,,,0809C786,酒など　持っては/いないでは　ないですか！
08033A50,table,60,claimed,dialogue,,,0809C7B2,なんだ　酒など/持っていないではないか！
08033A54,table,60,claimed,dialogue,,,0809C7B2,なんだ　酒など/持っていないではないか！
08033A58,table,60,claimed,dialogue,,,0809C7DC,すばらしい！
08033A5C,table,60,claimed,dialogue,,,0809C7DC,すばらしい！
08033A60,table,60,claimed,dialogue,,,0809C7EA,たまらん！
08033A64,table,60,claimed,dialogue,,,0809C7F6,わあぁ　言うことを聞くから/やめてくれぇ！！
08033A68,table,60,claimed,dialogue,,,0809C7F6,わあぁ　言うことを聞くから/やめてくれぇ！！
08033A6C,table,60,claimed,dialogue,,,0809C7F6,わあぁ　言うことを聞くから/やめてくれぇ！！
08033A70,table,60,claimed,dialogue,,,0809C824,貴方がメシア/·なのですね？
08033A74,table,60,claimed,dialogue,,,0809C842,ほお　貴様がウワサのメシアか？
08033A78,table,60,claimed,dialogue,,,0809C842,ほお　貴様がウワサのメシアか？
08033A7C,table,60,claimed,dialogue,,,0809C862,神に選ばれし娘を！
08033A80,table,60,claimed,dialogue,,,0809C876,女神たる　その娘を/我に捧げよ！
08033A84,table,60,claimed,dialogue,,,0809C876,女神たる　その娘を/我に捧げよ！
08033A88,table,60,claimed,dialogue,,,0809C898,貴女に　興味がわきました/私が守護してあげましょう
08033A8C,table,60,claimed,dialogue,,,0809C8CC,百年ぶりに　感動した/貴女のおそばに　お仕えしたい
08033A90,table,60,claimed,dialogue,,,0809C8CC,百年ぶりに　感動した/貴女のおそばに　お仕えしたい
08033A94,table,60,claimed,dialogue,,,0809C900,試しただけです/そう怒らないで……
08033A98,table,60,claimed,dialogue,,,0809C924,ムキになるな　ジョークだ
08033A9C,table,60,claimed,dialogue,,,0809C924,ムキになるな　ジョークだ
08033AA0,table,60,claimed,dialogue,,,0809C93E,争いは良くありません/話し合いましょう
08033AA4,table,60,claimed,dialogue,,,0809C966,待て　話し合おうではないか
08033AA8,table,60,claimed,dialogue,,,0809C966,待て　話し合おうではないか
08033AAC,table,60,claimed,dialogue,,,0809C982,よく考えるのです！
08033AB0,table,60,claimed,dialogue,,,0809C996,待て　早まるな
08033AB4,table,60,claimed,dialogue,,,0809C996,待て　早まるな
08033AB8,table,60,claimed,dialogue,,,0809C9A6,貴方に従いましょう/ですから　怒りを収めてください
08033ABC,table,60,claimed,dialogue,,,0809C9DA,貴様に従う………/現世から　消さないでくれ
08033AC0,table,60,claimed,dialogue,,,0809C9DA,貴様に従う………/現世から　消さないでくれ
08033AD0,table,25,claimed,dialogue,,,0809CA0E,私には　神と兄弟が/ついているのですよ
08033AD4,table,25,claimed,dialogue,,,0809CA36,こっちには　仲魔がいるのだぞ
08033AD8,table,25,claimed,dialogue,,,0809CA36,こっちには　仲魔がいるのだぞ
08033ADC,table,25,claimed,dialogue,,,0809CA54,聖なる月の恵みを受けし/きよらかなる夜に/人に触れたくないのです
08033AE0,table,25,claimed,dialogue,,,0809CA96,甘美なる月の波動を/一身に受けるこの喜び…·…·…··邪魔をするな
08033AE4,table,25,claimed,dialogue,,,0809CA96,甘美なる月の波動を/一身に受けるこの喜び…·…·…··邪魔をするな
08033AE8,table,25,claimed,dialogue,,,0809CADA,私達天使に　協力する
08033AEC,table,25,claimed,dialogue,,,0809CAF0,我々悪魔を/すべて滅ぼそうという
08033AF0,table,25,claimed,dialogue,,,0809CAF0,我々悪魔を/すべて滅ぼそうという
08033AF4,table,25,claimed,dialogue,,,0809CB12,デビルバスター
08033AF8,table,25,claimed,dialogue,,,0809CB12,デビルバスター
08033AFC,table,25,claimed,dialogue,,,0809CB12,デビルバスター
08033B00,table,25,claimed,dialogue,,,0809CB22,それは　頼もしい……
08033B04,table,25,claimed,dialogue,,,0809CB22,それは　頼もしい……
08033B08,table,25,claimed,dialogue,,,0809CB22,それは　頼もしい……
08033B0C,table,25,claimed,dialogue,,,0809CB38,手加減は　しませんよ
08033B10,table,25,claimed,dialogue,,,0809CB4E,ようしゃはせん！
08033B14,table,25,claimed,dialogue,,,0809CB4E,ようしゃはせん！
08033B18,table,25,claimed,dialogue,,,0809CB60,それが　本当ならば
08033B1C,table,25,claimed,dialogue,,,0809CB60,それが　本当ならば
08033B20,table,25,claimed,dialogue,,,0809CB60,それが　本当ならば
08033B24,table,25,claimed,dialogue,,,0809CB74,ですが　貴方は/·では/ない
08033B28,table,25,claimed,dialogue,,,0809CB92,しかし　貴様は/·では/ない
08033B2C,table,25,claimed,dialogue,,,0809CB92,しかし　貴様は/·では/ない
08033B30,table,25,claimed,dialogue,,,0809CBB0,最近　悪魔の殺傷が/多発しています
08033B48,table,55,claimed,dialogue,,,0809CBDC,神を　裏切るという
08033B4C,table,55,claimed,dialogue,,,0809CBDC,神を　裏切るという
08033B50,table,55,claimed,dialogue,,,0809CBDC,神を　裏切るという
08033B54,table,55,claimed,dialogue,,,0809CBF0,ゆすりや　たかりは遠りょ
08033B58,table,55,claimed,dialogue,,,0809CBF0,ゆすりや　たかりは遠りょ
08033B5C,table,55,claimed,dialogue,,,0809CBF0,ゆすりや　たかりは遠りょ
08033B60,table,55,claimed,dialogue,,,0809CBF0,ゆすりや　たかりは遠りょ
08033B64,table,55,claimed,dialogue,,,0809CBF0,ゆすりや　たかりは遠りょ
08033B68,table,55,claimed,dialogue,,,0809CBF0,ゆすりや　たかりは遠りょ
08033B6C,table,55,claimed,dialogue,,,0809CC0A,ああ　頭が…………！！/これは　まさにゴーモンです
08033B70,table,55,claimed,dialogue,,,0809CC3E,う……　私の美学が………！
08033B74,table,55,claimed,dialogue,,,0809CC5A,不快なモノを　聞かせおって！
08033B78,table,55,claimed,dialogue,,,0809CC78,貴方の働き　期待しておりますよ
08033B7C,table,55,claimed,dialogue,,,0809CC98,メシアである貴様が/悪魔を狩らぬというか？
08033B80,table,55,claimed,dialogue,,,0809CC98,メシアである貴様が/悪魔を狩らぬというか？
08033B84,table,55,claimed,dialogue,,,0809CCC4,奴らを　裏切るというのか？
08033B88,table,55,claimed,dialogue,,,0809CCC4,奴らを　裏切るというのか？
08033B8C,table,55,claimed,dialogue,,,0809CCC4,奴らを　裏切るというのか？
08033B90,table,55,claimed,dialogue,,,0809CCE0,面白い………/そうとあれば　貴様の力になろう
08033B94,table,55,claimed,dialogue,,,0809CCE0,面白い………/そうとあれば　貴様の力になろう
08033B98,table,55,claimed,dialogue,,,0809CCE0,面白い………/そうとあれば　貴様の力になろう
08033B9C,table,55,claimed,dialogue,,,0809CD0E,それでは　物ごいか盗人じゃない
08033BA0,table,55,claimed,dialogue,,,0809CD0E,それでは　物ごいか盗人じゃない
08033BA4,table,55,claimed,dialogue,,,0809CD0E,それでは　物ごいか盗人じゃない
08033BA8,table,55,claimed,dialogue,,,0809CD2E,人間界の事を/教えてもらえませんか？
08033BAC,table,55,claimed,dialogue,,,0809CD54,何かやらせろ！
08033BB0,table,55,claimed,dialogue,,,0809CD54,何かやらせろ！
08033BB4,table,55,claimed,dialogue,,,0809CD64,従うしか　なさそうですね
08033BB8,table,55,claimed,dialogue,,,0809CD64,従うしか　なさそうですね
08033BBC,table,55,claimed,dialogue,,,0809CD64,従うしか　なさそうですね
08033BC0,table,55,claimed,dialogue,,,0809CD64,従うしか　なさそうですね
08033BC4,table,55,claimed,dialogue,,,0809CD64,従うしか　なさそうですね
08033BC8,table,55,claimed,dialogue,,,0809CD64,従うしか　なさそうですね
08033BCC,table,55,claimed,dialogue,,,0809CD64,従うしか　なさそうですね
08033BD0,table,55,claimed,dialogue,,,0809CD64,従うしか　なさそうですね
08033BD4,table,55,claimed,dialogue,,,0809CD64,従うしか　なさそうですね
08033BD8,table,55,claimed,dialogue,,,0809CD64,従うしか　なさそうですね
08033BDC,table,55,claimed,dialogue,,,0809CD7E,逆らわんほうが良さそうだ
08033BE0,table,55,claimed,dialogue,,,0809CD7E,逆らわんほうが良さそうだ
08033BE4,table,55,claimed,dialogue,,,0809CD98,うかがいましょう
08033BE8,table,55,claimed,dialogue,,,0809CDAA,聞いてやろう
08033BEC,table,55,claimed,dialogue,,,0809CDAA,聞いてやろう
08033BF0,table,55,claimed,dialogue,,,0809CDB8,貴方と出会うとは/主に見放されたか………
08033BF4,table,55,claimed,dialogue,,,0809CDE2,貴様に捕まるとは　運がない……
08033BF8,table,55,claimed,dialogue,,,0809CDE2,貴様に捕まるとは　運がない……
08033BFC,table,55,claimed,dialogue,,,0809CE02,良いのです
08033C00,table,55,claimed,dialogue,,,0809CE0E,良いのだ
08033C04,table,55,claimed,dialogue,,,0809CE0E,良いのだ
08033C08,table,55,claimed,dialogue,,,0809CE18,愚かしい考えは止めなさい！··第一　女の魅力など
08033C0C,table,55,claimed,dialogue,,,0809CE4A,サロメもかくやあらん/……これは　ほんの気持ちだ
08033C10,table,55,claimed,dialogue,,,0809CE4A,サロメもかくやあらん/……これは　ほんの気持ちだ
08033C14,table,55,claimed,dialogue,,,0809CE7C,ぶ……無礼な！　
08033C18,table,55,claimed,dialogue,,,0809CE7C,ぶ……無礼な！　
08033C1C,table,55,claimed,dialogue,,,0809CE8E,き……貴様ぁ！　
08033C20,table,55,claimed,dialogue,,,0809CEA0,当たり前
08033C2C,table,94,claimed,dialogue,,,0809CEB2,私達天使には　通用しません
08033C30,table,94,claimed,dialogue,,,0809CECE,たえられん
08033C34,table,94,claimed,dialogue,,,0809CEDA,むかつくわ
08033C38,table,94,claimed,dialogue,,,0809CEE6,地上は悪魔のものと認める
08033C3C,table,94,claimed,dialogue,,,0809CEE6,地上は悪魔のものと認める
08033C40,table,94,claimed,dialogue,,,0809CEE6,地上は悪魔のものと認める
08033C44,table,94,claimed,dialogue,,,0809CF00,反逆を　許すわけには行きません/悔い改めると　誓いなさい！
08033C48,table,94,claimed,dialogue,,,0809CF3C,です！/考えただけでも　おぞましい……
08033C4C,table,94,claimed,dialogue,,,0809CF3C,です！/考えただけでも　おぞましい……
08033C50,table,94,claimed,dialogue,,,0809CF3C,です！/考えただけでも　おぞましい……
08033C54,table,94,claimed,dialogue,,,0809CF64,と言えば　当然のコト/私のせいではない……
08033C58,table,94,claimed,dialogue,,,0809CF90,の事/しかし……期待してソンしたわ！
08033C5C,table,94,claimed,dialogue,,,0809CFB6,ですが/次はありませんよ
08033C60,table,94,claimed,dialogue,,,0809CFD0,滅びるのは　貴様の方だ！
08033C64,table,94,claimed,dialogue,,,0809CFD0,滅びるのは　貴様の方だ！
08033C68,table,94,claimed,dialogue,,,0809CFD0,滅びるのは　貴様の方だ！
08033C6C,table,94,claimed,dialogue,,,0809CFD0,滅びるのは　貴様の方だ！
08033C70,table,94,claimed,dialogue,,,0809CFD0,滅びるのは　貴様の方だ！
08033C74,table,94,claimed,dialogue,,,0809CFEA,たまには　私達天使に/何か捧げる気には/なりませんか？
08033C78,table,94,claimed,dialogue,,,0809CFEA,たまには　私達天使に/何か捧げる気には/なりませんか？
08033C7C,table,94,claimed,dialogue,,,0809CFEA,たまには　私達天使に/何か捧げる気には/なりませんか？
08033C80,table,94,claimed,dialogue,,,0809CFEA,たまには　私達天使に/何か捧げる気には/なりませんか？
08033C84,table,94,claimed,dialogue,,,0809D022,たまには　貢いだらどうだ？
08033C88,table,94,claimed,dialogue,,,0809D022,たまには　貢いだらどうだ？
08033C8C,table,94,claimed,dialogue,,,0809D03E,メシアと言えど　しょせんは/クグツのたぐい··身の程知らずとは　この事で
08033C90,table,94,claimed,dialogue,,,0809D08C,貴方の考え…·…·…·理解できません
08033C94,table,94,claimed,dialogue,,,0809D08C,貴方の考え…·…·…·理解できません
08033C98,table,94,claimed,dialogue,,,0809D08C,貴方の考え…·…·…·理解できません
08033C9C,table,94,claimed,dialogue,,,0809D0B2,貴様の思考…·…·…読めぬわ！
08033CA0,table,94,claimed,dialogue,,,0809D0B2,貴様の思考…·…·…読めぬわ！
08033CA4,table,94,claimed,dialogue,,,0809D0D2,ならば　ヤボなことは　抜きだ
08033CA8,table,94,claimed,dialogue,,,0809D0D2,ならば　ヤボなことは　抜きだ
08033CAC,table,94,claimed,dialogue,,,0809D0D2,ならば　ヤボなことは　抜きだ
08033CB0,table,94,claimed,dialogue,,,0809D0F0,何か気の晴れる事は/ありませんか？
08033CB4,table,94,claimed,dialogue,,,0809D114,何ぞ面白い事は　ないか？
08033CB8,table,94,claimed,dialogue,,,0809D114,何ぞ面白い事は　ないか？
08033CBC,table,94,claimed,dialogue,,,0809D12E,私たちのなすべき事が/分かりますね？
08033CC0,table,94,claimed,dialogue,,,0809D154,この身を　救ってくれるのか？
08033CC4,table,94,claimed,dialogue,,,0809D154,この身を　救ってくれるのか？
08033CC8,table,94,claimed,dialogue,,,0809D172,いずれ分かる時が/来るでしょう……
08033CCC,table,94,claimed,dialogue,,,0809D196,貴様には　無理な事だろうよ
08033CD0,table,94,claimed,dialogue,,,0809D196,貴様には　無理な事だろうよ
08033CD4,table,94,claimed,dialogue,,,0809D1B2,まだまだ　力不足ですね
08033CD8,table,94,claimed,dialogue,,,0809D1CA,お前がメシアなら/わしは　神だ！
08033CDC,table,94,claimed,dialogue,,,0809D1EC,その程度で　メシアか？/聞いてあきれるわ！
08033CE0,table,94,claimed,dialogue,,,0809D218,いずれにせよ/ただでは　ここを通しません！
08033CE4,table,94,claimed,dialogue,,,0809D244,どのみち　ここは通さん！
08033CE8,table,94,claimed,dialogue,,,0809D244,どのみち　ここは通さん！
08033CEC,table,94,claimed,dialogue,,,0809D25E,隠す必要はありません/私達は協力しますよ
08033CF0,table,94,claimed,dialogue,,,0809D288,隠さなくてもいい/我々は協力したいのだ
08033CF4,table,94,claimed,dialogue,,,0809D288,隠さなくてもいい/我々は協力したいのだ
08033CF8,table,94,claimed,dialogue,,,0809D2B0,貴方は…·…·…·/ただ者ではありませんね？
08033CFC,table,94,claimed,dialogue,,,0809D2DE,貴様　ただ者では　ないな………
08033D00,table,94,claimed,dialogue,,,0809D2DE,貴様　ただ者では　ないな………
08033D04,table,94,claimed,dialogue,,,0809D2FE,愚かしいという意味で……です
08033D08,table,94,claimed,dialogue,,,0809D31C,愚か者という意味でな
08033D0C,table,94,claimed,dialogue,,,0809D31C,愚か者という意味でな
08033D10,table,94,claimed,dialogue,,,0809D332,制裁が必要です！
08033D14,table,94,claimed,dialogue,,,0809D344,生きる価値すらないわ！
08033D18,table,94,claimed,dialogue,,,0809D344,生きる価値すらないわ！
08033D1C,table,94,claimed,dialogue,,,0809D35C,……で　その貴方が　何用です？
08033D20,table,94,claimed,dialogue,,,0809D37C,そのヒーロー殿が　何用かな？
08033D24,table,94,claimed,dialogue,,,0809D37C,そのヒーロー殿が　何用かな？
08033D28,table,94,claimed,dialogue,,,0809D39A,その様なものに　こだわるとは/愚かしい……
08033D2C,table,94,claimed,dialogue,,,0809D39A,その様なものに　こだわるとは/愚かしい……
08033D30,table,94,claimed,dialogue,,,0809D39A,その様なものに　こだわるとは/愚かしい……
08033D34,table,94,claimed,dialogue,,,0809D3C6,隠さずとも良いのです/貴方は私たちの望む神の御子
08033D38,table,94,claimed,dialogue,,,0809D3F8,そんなはずはない/貴方こそ魔王の御子
08033D3C,table,94,claimed,dialogue,,,0809D3F8,そんなはずはない/貴方こそ魔王の御子
08033D40,table,94,claimed,dialogue,,,0809D41E,認めましたね
08033D44,table,94,claimed,dialogue,,,0809D41E,認めましたね
08033D48,table,94,claimed,dialogue,,,0809D41E,認めましたね
08033D4C,table,94,claimed,dialogue,,,0809D42C,やや？/·/だったのですか！
08033D50,table,94,claimed,dialogue,,,0809D44C,ふむ/お主　·とか/いったな
08033D54,table,94,claimed,dialogue,,,0809D44C,ふむ/お主　·とか/いったな
08033D58,table,94,claimed,dialogue,,,0809D46A,　こちらから/うかがいましょう
08033D5C,table,94,claimed,dialogue,,,0809D48A,こちらから　行ってやろう
08033D60,table,94,claimed,dialogue,,,0809D48A,こちらから　行ってやろう
08033D64,table,94,claimed,dialogue,,,0809D4A4,信用できないのですね？··では　貴方の想像通りにして/あげましょう！
08033D68,table,94,claimed,dialogue,,,0809D4EA,信用せんのだな？/ならば/その思い通りにしてやろう！
08033D6C,table,94,claimed,dialogue,,,0809D4EA,信用せんのだな？/ならば/その思い通りにしてやろう！
08033D70,table,94,claimed,dialogue,,,0809D520,すね/私にゆずってくれませんか？
08033D74,table,94,claimed,dialogue,,,0809D542,はないか/わしにくれんか？
08033D78,table,94,claimed,dialogue,,,0809D542,はないか/わしにくれんか？
08033D7C,table,94,claimed,dialogue,,,0809D55E,貴方は心の優しい人ですね
08033D80,table,94,claimed,dialogue,,,0809D578,おのれの武器を　そうやすやすと/手放してはいかんぞ！
08033D84,table,94,claimed,dialogue,,,0809D578,おのれの武器を　そうやすやすと/手放してはいかんぞ！
08033D88,table,94,claimed,dialogue,,,0809D5AE,その様な　心のせまさでは/メシアとして　通用しませんよ
08033D8C,table,94,claimed,dialogue,,,0809D5E6,分らぬ奴よ　器が小さいぞ
08033D90,table,94,claimed,dialogue,,,0809D5E6,分らぬ奴よ　器が小さいぞ
08033D94,table,94,claimed,dialogue,,,0809D600,貴方の目には　/その様にうつる
08033D98,table,94,claimed,dialogue,,,0809D620,それが　おかしい
08033D9C,table,94,claimed,dialogue,,,0809D620,それが　おかしい
08033DA0,table,94,claimed,dialogue,,,0809D632,エバよ！··誘惑に負け　死をもたらした/哀れな生き物よ！··女と言う生物
08033DAC,table,37,claimed,dialogue,,,0809D69E,が………女の魅力など/
08033DB0,table,37,claimed,dialogue,,,0809D6B6,人にしては　美しい歌声ですね/しかし　
08033DB4,table,37,claimed,dialogue,,,0809D6B6,人にしては　美しい歌声ですね/しかし　
08033DB8,table,37,claimed,dialogue,,,0809D6B6,人にしては　美しい歌声ですね/しかし　
08033DBC,table,37,claimed,dialogue,,,0809D6DE,聖なる乙女よ　美しい歌声を
08033DC0,table,37,claimed,dialogue,,,0809D6DE,聖なる乙女よ　美しい歌声を
08033DC4,table,37,claimed,dialogue,,,0809D6DE,聖なる乙女よ　美しい歌声を
08033DC8,table,37,claimed,dialogue,,,0809D6DE,聖なる乙女よ　美しい歌声を
08033DCC,table,37,claimed,dialogue,,,0809D6DE,聖なる乙女よ　美しい歌声を
08033DD0,table,37,claimed,dialogue,,,0809D6FA,！/その女　もらおうぞ！
08033DD4,table,37,claimed,dialogue,,,0809D6FA,！/その女　もらおうぞ！
08033DD8,table,37,claimed,dialogue,,,0809D6FA,！/その女　もらおうぞ！
08033DDC,table,37,claimed,dialogue,,,0809D714,人の女に　手を出すと/地獄に落ちるからな！
08033DE0,table,37,claimed,dialogue,,,0809D714,人の女に　手を出すと/地獄に落ちるからな！
08033DE4,table,37,claimed,dialogue,,,0809D714,人の女に　手を出すと/地獄に落ちるからな！
08033DE8,table,37,claimed,dialogue,,,0809D740,しょせんは人の子……
08033DEC,table,37,claimed,dialogue,,,0809D756,ヘタクソめ！
08033DF0,table,37,claimed,dialogue,,,0809D756,ヘタクソめ！
08033DF4,table,37,claimed,dialogue,,,0809D764,神に見はなされ　地べたをはう/ムシの声でも　聞きましたか？
08033DF8,table,37,claimed,dialogue,,,0809D7A0,ほう　月夜に悪魔を求めさまよう/いかれたヒーローの/死についてか？
08033DFC,table,37,claimed,dialogue,,,0809D7E4,私の愛した女達についてかね？
08033E00,table,37,claimed,dialogue,,,0809D802,ですが/今度は神の国で/お会いしましょう
08033E04,table,37,claimed,dialogue,,,0809D82C,だが　先に地獄で/待っててもらおう！！
08033E08,table,37,claimed,dialogue,,,0809D82C,だが　先に地獄で/待っててもらおう！！
08033E0C,table,37,claimed,dialogue,,,0809D854,今の貴方とは/性が合わないようです
08033E10,table,37,claimed,dialogue,,,0809D878,貴様に従う気はない！/そう　今の貴様にはな………
08033E14,table,37,claimed,dialogue,,,0809D878,貴様に従う気はない！/そう　今の貴様にはな………
08033E18,table,37,claimed,dialogue,,,0809D8AA,いつも貴方に/協力出来るとは限りません
08033E1C,table,37,claimed,dialogue,,,0809D8D2,全てが　貴様のために/動いている　わけではない！
08033E20,table,37,claimed,dialogue,,,0809D8D2,全てが　貴様のために/動いている　わけではない！
08033E24,table,37,claimed,dialogue,,,0809D904,嘆かわしいことです
08033E28,table,37,claimed,dialogue,,,0809D918,哀れなヤツよのお
08033E2C,table,37,claimed,dialogue,,,0809D918,哀れなヤツよのお
08033E30,table,37,claimed,dialogue,,,0809D92A,天使たるこの私を/さし置くとは！··何たる　ぶじょく！
08033E34,table,37,claimed,dialogue,,,0809D962,□　□である/この私を　無視するとは！！
08033E38,table,37,claimed,dialogue,,,0809D98C,わしを無視するとは！··いい度胸だ！！
08033E3C,table,37,claimed,dialogue,,,0809D9B4,しますよ
08033E48,table,24,claimed,dialogue,,,0809D9C6,です　貴方よりまずしい者は/他に大ぜい　いるのですから……
08033E4C,table,24,claimed,dialogue,,,0809DA02,だ！/みつがせたいなら/女魔どもを/相手にするがよいわ！
08033E50,table,24,claimed,dialogue,,,0809DA02,だ！/みつがせたいなら/女魔どもを/相手にするがよいわ！
08033E54,table,24,claimed,dialogue,,,0809DA3C,している/というのは　貴方の事ですね？
08033E58,table,24,claimed,dialogue,,,0809DA64,やっとる/と言うのは　貴様の事だな？
08033E5C,table,24,claimed,dialogue,,,0809DA64,やっとる/と言うのは　貴様の事だな？
08033E60,table,24,claimed,dialogue,,,0809DA8A,悪魔狩りでないなら··何だと言う
08033E64,table,24,claimed,dialogue,,,0809DA8A,悪魔狩りでないなら··何だと言う
08033E68,table,24,claimed,dialogue,,,0809DA8A,悪魔狩りでないなら··何だと言う
08033E6C,table,24,claimed,dialogue,,,0809DAAC,いまさら　遅い！
08033E70,table,24,claimed,dialogue,,,0809DAAC,いまさら　遅い！
08033E74,table,24,claimed,dialogue,,,0809DAAC,いまさら　遅い！
08033E78,table,24,claimed,dialogue,,,0809DABE,女連れで　悪魔狩りを
08033E7C,table,24,claimed,dialogue,,,0809DABE,女連れで　悪魔狩りを
08033E80,table,24,claimed,dialogue,,,0809DABE,女連れで　悪魔狩りを
08033E84,table,24,claimed,dialogue,,,0809DABE,女連れで　悪魔狩りを
08033E88,table,24,claimed,dialogue,,,0809DABE,女連れで　悪魔狩りを
08033E8C,table,24,claimed,dialogue,,,0809DABE,女連れで　悪魔狩りを
08033E90,table,24,claimed,dialogue,,,0809DAD4,無欲で結構です
08033E94,table,24,claimed,dialogue,,,0809DAD4,無欲で結構です
08033E98,table,24,claimed,dialogue,,,0809DAD4,無欲で結構です
08033E9C,table,24,claimed,dialogue,,,0809DAD4,無欲で結構です
08033EA0,table,24,claimed,dialogue,,,0809DAE4,欲の無いことよ………
08033EA4,table,24,claimed,dialogue,,,0809DAE4,欲の無いことよ………
08033EB4,isolated,3,claimed,dialogue,,,0809DB02,が/無力な者に　用はありません
08033EB8,isolated,3,claimed,dialogue,,,0809DB22,ビンボー人に　用はないわ！
08033EBC,isolated,3,claimed,dialogue,,,0809DB22,ビンボー人に　用はないわ！
08033ECC,table,11,claimed,dialogue,,,0809DB4E,ざんげしますか？
08033ED0,table,11,claimed,dialogue,,,0809DB60,命ごいか？
08033ED4,table,11,claimed,dialogue,,,0809DB60,命ごいか？
08033ED8,table,11,claimed,dialogue,,,0809DB6C,ならば　お言いなさい
08033EDC,table,11,claimed,dialogue,,,0809DB6C,ならば　お言いなさい
08033EE0,table,11,claimed,dialogue,,,0809DB6C,ならば　お言いなさい
08033EE4,table,11,claimed,dialogue,,,0809DB6C,ならば　お言いなさい
08033EE8,table,11,claimed,dialogue,,,0809DB82,のだろう？/言ってみるが良い
08033EEC,table,11,claimed,dialogue,,,0809DB82,のだろう？/言ってみるが良い
08033EF0,table,11,claimed,dialogue,,,0809DBA0,勇気ある者よ！
08033EF4,table,11,claimed,dialogue,,,0809DBB0,礼を知る者よ！
08033EFC,isolated,3,claimed,dialogue,,,0809DBC2,貴方に会えるとは　うれしいです··ところで………/戦力は十分に　整えて/
08033F00,isolated,3,claimed,dialogue,,,0809DC10,仲魔は足りている
08033F04,isolated,3,claimed,dialogue,,,0809DC10,仲魔は足りている
08033F20,table,34,claimed,dialogue,,,0809DC2E,悪魔との取引など　今のうちに/改めた方が　身のためですよ……
08033F24,table,34,claimed,dialogue,,,0809DC2E,悪魔との取引など　今のうちに/改めた方が　身のためですよ……
08033F28,table,34,claimed,dialogue,,,0809DC2E,悪魔との取引など　今のうちに/改めた方が　身のためですよ……
08033F2C,table,34,claimed,dialogue,,,0809DC2E,悪魔との取引など　今のうちに/改めた方が　身のためですよ……
08033F30,table,34,claimed,dialogue,,,0809DC6C,物は言い様よ　この偽善者め！
08033F34,table,34,claimed,dialogue,,,0809DC6C,物は言い様よ　この偽善者め！
08033F38,table,34,claimed,dialogue,,,0809DC8A,すばらしい歌です/月も喜んでいることでしょう！
08033F3C,table,34,claimed,dialogue,,,0809DCBA,この歌を　月に捧げん/ほうびに
08033F40,table,34,claimed,dialogue,,,0809DCBA,この歌を　月に捧げん/ほうびに
08033F44,table,34,claimed,dialogue,,,0809DCDA,お金が目的ですか？
08033F48,table,34,claimed,dialogue,,,0809DCEE,金が目当てか？
08033F4C,table,34,claimed,dialogue,,,0809DCEE,金が目当てか？
08033F50,table,34,claimed,dialogue,,,0809DCFE,私は邪魔者の様ですね　
08033F54,table,34,claimed,dialogue,,,0809DD16,どうやら邪魔者の様だな　
08033F58,table,34,claimed,dialogue,,,0809DD16,どうやら邪魔者の様だな　
08033F5C,table,34,claimed,dialogue,,,0809DD30,その態度は何です？/思い上がると/ただではすみませんよ！
08033F60,table,34,claimed,dialogue,,,0809DD6A,態度が気にくわん！　死ね！
08033F64,table,34,claimed,dialogue,,,0809DD6A,態度が気にくわん！　死ね！
08033F68,table,34,claimed,dialogue,,,0809DD86,何ですか　貴方は？/人の子らが　私に何か用ですか？
08033F6C,table,34,claimed,dialogue,,,0809DDBA,なんだ　貴様　ただの人間か？/面白い………·/何か用か？
08033F70,table,34,claimed,dialogue,,,0809DDBA,なんだ　貴様　ただの人間か？/面白い………·/何か用か？
08033F74,table,34,claimed,dialogue,,,0809DDF4,貴方には　
08033F78,table,34,claimed,dialogue,,,0809DE00,貴様には　
08033F7C,table,34,claimed,dialogue,,,0809DE00,貴様には　
08033F80,table,34,claimed,dialogue,,,0809DE0C,ありがとう
08033F84,table,34,claimed,dialogue,,,0809DE0C,ありがとう
08033F88,table,34,claimed,dialogue,,,0809DE0C,ありがとう
08033F8C,table,34,claimed,dialogue,,,0809DE18,貴方は　
08033F90,table,34,claimed,dialogue,,,0809DE18,貴方は　
08033F94,table,34,claimed,dialogue,,,0809DE18,貴方は　
08033F98,table,34,claimed,dialogue,,,0809DE18,貴方は　
08033F9C,table,34,claimed,dialogue,,,0809DE18,貴方は　
08033FA0,table,34,claimed,dialogue,,,0809DE18,貴方は　
08033FA4,table,34,claimed,dialogue,,,0809DE18,貴方は　
08033FB0,table,13,claimed,dialogue,,,0809DE2A,私達は　人間界にいると/かなり力を　使うのです
08033FB4,table,13,claimed,dialogue,,,0809DE5A,何もかもが色あせ/砂と化した気分だ……··貴様には　分かるまいがな
08033FB8,table,13,claimed,dialogue,,,0809DE5A,何もかもが色あせ/砂と化した気分だ……··貴様には　分かるまいがな
08033FBC,table,13,claimed,dialogue,,,0809DE9E,それは　誠ですか？
08033FC0,table,13,claimed,dialogue,,,0809DEB2,それは　本当か？
08033FC4,table,13,claimed,dialogue,,,0809DEB2,それは　本当か？
08033FC8,table,13,claimed,dialogue,,,0809DEC4,考えておきましょう
08033FCC,table,13,claimed,dialogue,,,0809DEC4,考えておきましょう
08033FD0,table,13,claimed,dialogue,,,0809DEC4,考えておきましょう
08033FD4,table,13,claimed,dialogue,,,0809DEC4,考えておきましょう
08033FD8,table,13,claimed,dialogue,,,0809DED8,考えておこう
08033FDC,table,13,claimed,dialogue,,,0809DED8,考えておこう
08033FE0,table,13,claimed,dialogue,,,0809DEE6,のですか？
08033FEC,table,62,claimed,dialogue,,,0809DEFA,そうですか　
08033FF0,table,62,claimed,dialogue,,,0809DF08,そうか　
08033FF4,table,62,claimed,dialogue,,,0809DF08,そうか　
08033FF8,table,62,claimed,dialogue,,,0809DF12,残念です
08033FFC,table,62,claimed,dialogue,,,0809DF1C,あいにくだな
08034000,table,62,claimed,dialogue,,,0809DF1C,あいにくだな
08034004,table,62,claimed,dialogue,,,0809DF2A,悪魔合体を/平気でやる
08034008,table,62,claimed,dialogue,,,0809DF2A,悪魔合体を/平気でやる
0803400C,table,62,claimed,dialogue,,,0809DF2A,悪魔合体を/平気でやる
08034010,table,62,claimed,dialogue,,,0809DF2A,悪魔合体を/平気でやる
08034014,table,62,claimed,dialogue,,,0809DF2A,悪魔合体を/平気でやる
08034018,table,62,claimed,dialogue,,,0809DF2A,悪魔合体を/平気でやる
0803401C,table,62,claimed,dialogue,,,0809DF42,覚えておきましょう
08034020,table,62,claimed,dialogue,,,0809DF56,覚えておこう
08034024,table,62,claimed,dialogue,,,0809DF56,覚えておこう
08034028,table,62,claimed,dialogue,,,0809DF64,試練を与えましょう
0803402C,table,62,claimed,dialogue,,,0809DF64,試練を与えましょう
08034030,table,62,claimed,dialogue,,,0809DF64,試練を与えましょう
08034034,table,62,claimed,dialogue,,,0809DF78,聖なる恵みを　ムダにするとは！
08034038,table,62,claimed,dialogue,,,0809DF98,せっかく　やったのに………/もったいない
0803403C,table,62,claimed,dialogue,,,0809DF98,せっかく　やったのに………/もったいない
08034040,table,62,claimed,dialogue,,,0809DFC2,何をするのです！
08034044,table,62,claimed,dialogue,,,0809DFD4,何をする！
08034048,table,62,claimed,dialogue,,,0809DFD4,何をする！
0803404C,table,62,claimed,dialogue,,,0809DFE0,お金をそまつにしては/なりません
08034050,table,62,claimed,dialogue,,,0809E002,マッカを　そまつにするな！
08034054,table,62,claimed,dialogue,,,0809E002,マッカを　そまつにするな！
08034058,table,62,claimed,dialogue,,,0809E01E,それは神の恵み………/拾いなさい！
0803405C,table,62,claimed,dialogue,,,0809E042,拾うがいい！
08034060,table,62,claimed,dialogue,,,0809E050,拾うのだ！
08034064,table,62,claimed,dialogue,,,0809E05C,私達の愛を　無にするのですか？
08034068,table,62,claimed,dialogue,,,0809E07C,好意を　無にするとはな
0803406C,table,62,claimed,dialogue,,,0809E07C,好意を　無にするとはな
08034070,table,62,claimed,dialogue,,,0809E094,貴方は恵むに/ふさわしくありません
08034074,table,62,claimed,dialogue,,,0809E0B8,ウジムシに恵むモノなど/何もないわ！
08034078,table,62,claimed,dialogue,,,0809E0B8,ウジムシに恵むモノなど/何もないわ！
0803407C,table,62,claimed,dialogue,,,0809E0DE,思い上がるのでは　ありません！
08034080,table,62,claimed,dialogue,,,0809E0FE,人間ごときが　思い上がるな！！
08034084,table,62,claimed,dialogue,,,0809E0FE,人間ごときが　思い上がるな！！
08034088,table,62,claimed,dialogue,,,0809E11E,せめてこれを
0803408C,table,62,claimed,dialogue,,,0809E11E,せめてこれを
08034090,table,62,claimed,dialogue,,,0809E11E,せめてこれを
08034094,table,62,claimed,dialogue,,,0809A8BE,危険分子！/ただちに除去します！
08034098,table,62,claimed,dialogue,,,0809A8E0,IDカードを　提示ください
0803409C,table,62,claimed,dialogue,,,0809A8FC,思想教育の必要あり/メシア教会に　行きなさい
080340A0,table,62,claimed,dialogue,,,0809A92A,警告！　警告！
080340A4,table,62,claimed,dialogue,,,0809A93A,………メシアに　緊急指令22号/裏切者を捕らえ/ただちにセンターに/連行
080340A8,table,62,claimed,dialogue,,,0809A98C,指令終了
080340AC,table,62,claimed,dialogue,,,0809A996,危険です
080340B0,table,62,claimed,dialogue,,,0809A9A0,から/自宅に帰りなさい
080340B4,table,62,claimed,dialogue,,,0809A9B8,…·…·…·危険·…·…·…
080340B8,table,62,claimed,dialogue,,,0809A9D6,うごおおお
080340BC,table,62,claimed,dialogue,,,0809A9E2,うらめしい
080340C0,table,62,claimed,dialogue,,,0809A9EE,あついい
080340C4,table,62,claimed,dialogue,,,0809A9F8,ひもじい
080340C8,table,62,claimed,dialogue,,,0809AA02,仲間になれー
080340CC,table,62,claimed,dialogue,,,0809AA10,命をくれ
080340D0,table,62,claimed,dialogue,,,0809AA10,命をくれ
080340D4,table,62,claimed,dialogue,,,0809AA1A,食わせろ！
080340D8,table,62,claimed,dialogue,,,0809AA26,おぇー　
080340DC,table,62,claimed,dialogue,,,0809AA30,やはあ……　やはあ………
080340E0,table,62,claimed,dialogue,,,0809AA4A,あつい　
080340E8,table,19,claimed,dialogue,,,0809AA5C,楽にしてくれえ！
080340EC,table,19,claimed,dialogue,,,0809AA6E,死なせてくれ！
080340F0,table,19,claimed,dialogue,,,0809AA6E,死なせてくれ！
080340F4,table,19,claimed,dialogue,,,0809AA7E,食わせてくれ！
080340F8,table,19,claimed,dialogue,,,0809AA8E,さむいい………
080340FC,table,19,claimed,dialogue,,,0809AA8E,さむいい………
08034100,table,19,claimed,dialogue,,,0809AA9E,この苦しみ分るかあ！
08034104,table,19,claimed,dialogue,,,0809AA9E,この苦しみ分るかあ！
08034108,table,19,claimed,dialogue,,,0809AAB4,こっちに　おいでえ
0803410C,table,19,claimed,dialogue,,,0809AAB4,こっちに　おいでえ
08034110,table,19,claimed,dialogue,,,0809AAC8,こっちに来い！
08034114,table,19,claimed,dialogue,,,0809AAC8,こっちに来い！
08034118,table,19,claimed,dialogue,,,0809AAD8,ああ　輝いている！
0803411C,table,19,claimed,dialogue,,,0809AAD8,ああ　輝いている！
08034120,table,19,claimed,dialogue,,,0809AAD8,ああ　輝いている！
08034124,table,19,claimed,dialogue,,,0809AAEC,あったけえよお
08034128,table,19,claimed,dialogue,,,0809AAFC,もらったあ！
0803412C,table,19,claimed,dialogue,,,0809AAFC,もらったあ！
08034130,table,19,claimed,dialogue,,,0809AAFC,もらったあ！
08034138,table,30,claimed,dialogue,,,0809AB12,抹殺せよ！
0803413C,table,30,claimed,dialogue,,,0809AB1E,ギギギッギ………
08034140,table,30,claimed,dialogue,,,0809AB30,ガシャン！　ガシャン！
08034144,table,30,claimed,dialogue,,,0809AB48,BAW！　WOW！
08034148,table,30,claimed,dialogue,,,0809AB5C,ず…ず…ず…ずうー
0803414C,table,30,claimed,dialogue,,,0809AB70,オレは　本当のお前だ！/お前は　ここで消えろ！
08034150,table,30,claimed,dialogue,,,0809ABA0,ひいひい！
08034154,table,30,claimed,dialogue,,,0809ABAC,ザワ……ザワ……
08034158,table,30,claimed,dialogue,,,0809ABBE,グアオオオオオ！
0803415C,table,30,claimed,dialogue,,,0809ABD0,呼んでいる
08034160,table,30,claimed,dialogue,,,0809ABD0,呼んでいる
08034164,table,30,claimed,dialogue,,,0809ABD0,呼んでいる
08034168,table,30,claimed,dialogue,,,0809ABDC,GRRRR………
0803416C,table,30,claimed,dialogue,,,0809ABEE,？？/手まねきをしている？
08034170,table,30,claimed,dialogue,,,0809ABEE,？？/手まねきをしている？
08034174,table,30,claimed,dialogue,,,0809ABEE,？？/手まねきをしている？
08034178,table,30,claimed,dialogue,,,0809ABEE,？？/手まねきをしている？
0803417C,table,30,claimed,dialogue,,,0809AC0A,誘っているようだ
08034180,table,30,claimed,dialogue,,,0809AC1C,？？/何か置いていった
08034184,table,30,claimed,dialogue,,,0809AC1C,？？/何か置いていった
08034188,table,30,claimed,dialogue,,,0809AC1C,？？/何か置いていった
0803418C,table,30,claimed,dialogue,,,0809AC1C,？？/何か置いていった
08034190,table,30,claimed,dialogue,,,0809AC1C,？？/何か置いていった
08034194,table,30,claimed,dialogue,,,0809AC1C,？？/何か置いていった
08034198,table,30,claimed,dialogue,,,0809AC1C,？？/何か置いていった
0803419C,table,30,claimed,dialogue,,,0809AC1C,？？/何か置いていった
080341A0,table,30,claimed,dialogue,,,0809AC1C,？？/何か置いていった
080341A4,table,30,claimed,dialogue,,,0809AC34,ガガガガ！
080341A8,table,30,claimed,dialogue,,,0809AC34,ガガガガ！
080341AC,table,30,claimed,dialogue,,,0809AC34,ガガガガ！
080341B4,table,90,claimed,dialogue,,,0809AC48,じゅる！
080341B8,table,90,claimed,dialogue,,,0809AC52,もらったぁ！
080341BC,table,90,claimed,dialogue,,,0809AC52,もらったぁ！
080341C0,table,90,claimed,dialogue,,,0809AC60,しゅるしゅる
080341C4,table,90,claimed,dialogue,,,0809AC6E,ブオオオオー！
080341C8,table,90,claimed,dialogue,,,0809AC7E,がたがた
080341CC,table,90,claimed,dialogue,,,0809AC7E,がたがた
080341D0,table,90,claimed,dialogue,,,0809AC7E,がたがた
080341D4,table,90,claimed,dialogue,,,0809AC88,キュイーン
080341D8,table,90,claimed,dialogue,,,0809AC94,ずおーー
080341DC,table,90,claimed,dialogue,,,0809AC9E,本当のお前は　ここで消える！
080341E0,table,90,claimed,dialogue,,,0809ACBC,うひひい！
080341E4,table,90,claimed,dialogue,,,0809ACC8,ザワ……ザワ……
080341E8,table,90,claimed,dialogue,,,0809ACDA,オオーン！
080341EC,table,90,claimed,dialogue,,,080993B4,□□である/この私を　さし置くとは！！
080341F0,table,90,claimed,dialogue,,,080993B4,□□である/この私を　さし置くとは！！
080341F4,table,90,claimed,dialogue,,,080993DC,薄気味悪りィ　野郎だ！
080341F8,table,90,claimed,dialogue,,,080993F4,不気味な奴め！
080341FC,table,90,claimed,dialogue,,,08099404,同志の傷を治してやろう
08034200,table,90,claimed,dialogue,,,08099404,同志の傷を治してやろう
08034204,table,90,claimed,dialogue,,,0809941C,死なばもろともだ！
08034208,table,90,claimed,dialogue,,,08099430,異教徒のぶんざいで！
0803420C,table,90,claimed,dialogue,,,08099446,無いのか　金が？
08034210,table,90,claimed,dialogue,,,08099446,無いのか　金が？
08034214,table,90,claimed,dialogue,,,08099458,おい！/同志をそのまま放っておくのか！
08034218,table,90,claimed,dialogue,,,08099458,おい！/同志をそのまま放っておくのか！
0803421C,table,90,claimed,dialogue,,,08099480,フッ　スキだらけだぞ！
08034220,table,90,claimed,dialogue,,,08099480,フッ　スキだらけだぞ！
08034224,table,90,claimed,dialogue,,,08099498,何いっ！　
08034228,table,90,claimed,dialogue,,,08099498,何いっ！　
0803422C,table,90,claimed,dialogue,,,080994A4,許さん　貴様！
08034230,table,90,claimed,dialogue,,,080994A4,許さん　貴様！
08034234,table,90,claimed,dialogue,,,080994B4,センターのイヌめが！
08034238,table,90,claimed,dialogue,,,080994CA,神に代って　この私が裁く！
0803423C,table,90,claimed,dialogue,,,080994E6,おれの力　見くびるな！
08034240,table,90,claimed,dialogue,,,080994FE,神の力を　見せてやろう！
08034244,table,90,claimed,dialogue,,,08099518,わかった
08034248,table,90,claimed,dialogue,,,08099518,わかった
0803424C,table,90,claimed,dialogue,,,08099522,私は長らく　□を/やっている者だ！/よろしく頼む
08034250,table,90,claimed,dialogue,,,08099522,私は長らく　□を/やっている者だ！/よろしく頼む
08034254,table,90,claimed,dialogue,,,08099554,さらばだ
08034258,table,90,claimed,dialogue,,,0809955E,失礼する
0803425C,table,90,claimed,dialogue,,,08099568,私の入る余地は無い様だ/仲魔を減らすのか？
08034260,table,90,claimed,dialogue,,,08099568,私の入る余地は無い様だ/仲魔を減らすのか？
08034264,table,90,claimed,dialogue,,,08099594,これ以上　話す事はない··さらばだ！
08034268,table,90,claimed,dialogue,,,08099594,これ以上　話す事はない··さらばだ！
0803426C,table,90,claimed,dialogue,,,080995BA,お前の事は　忘れまいぞ！
08034270,table,90,claimed,dialogue,,,080995D4,また　いずこかで会おう！
08034274,table,90,claimed,dialogue,,,080995EE,人でなしめ　
08034278,table,90,claimed,dialogue,,,080995EE,人でなしめ　
0803427C,table,90,claimed,dialogue,,,080995FC,本当に　
08034280,table,90,claimed,dialogue,,,080995FC,本当に　
08034284,table,90,claimed,dialogue,,,08099606,愚か者が！
08034288,table,90,claimed,dialogue,,,08099606,愚か者が！
0803428C,table,90,claimed,dialogue,,,08099612,いい加減にしろ！
08034290,table,90,claimed,dialogue,,,08099612,いい加減にしろ！
08034294,table,90,claimed,dialogue,,,08099624,たまには　息抜きも必要だな
08034298,table,90,claimed,dialogue,,,08099640,神は　あなたと共にいます
0803429C,table,90,claimed,dialogue,,,0809965A,同志を　よろしく頼む
080342A0,table,90,claimed,dialogue,,,0809965A,同志を　よろしく頼む
080342A4,table,90,claimed,dialogue,,,08099670,お前には　これを　やろう
080342A8,table,90,claimed,dialogue,,,08099670,お前には　これを　やろう
080342AC,table,90,claimed,dialogue,,,0809968A,これで　かんべんしてくれんか
080342B0,table,90,claimed,dialogue,,,0809968A,これで　かんべんしてくれんか
080342B4,table,90,claimed,dialogue,,,080996A8,これでも受けとれ！/この　物ごいのイヌめ！
080342B8,table,90,claimed,dialogue,,,080996A8,これでも受けとれ！/この　物ごいのイヌめ！
080342BC,table,90,claimed,dialogue,,,080996D4,□マッカ/寄付するのだ
080342C0,table,90,claimed,dialogue,,,080996D4,□マッカ/寄付するのだ
080342C4,table,90,claimed,dialogue,,,080996EC,争いごとは　好まぬと言うのか？
080342C8,table,90,claimed,dialogue,,,0809970C,殺生には　あきたか？
080342CC,table,90,claimed,dialogue,,,08099722,もうひとつ　
080342D0,table,90,claimed,dialogue,,,08099722,もうひとつ　
080342D4,table,90,claimed,dialogue,,,08099730,何かくれるか？
080342D8,table,90,claimed,dialogue,,,08099730,何かくれるか？
080342DC,table,90,claimed,dialogue,,,08099740,仲間に加われというのか？
080342E0,table,90,claimed,dialogue,,,08099740,仲間に加われというのか？
080342E4,table,90,claimed,dialogue,,,0809975A,……貴様　何が望みだ……？
080342E8,table,90,claimed,dialogue,,,0809975A,……貴様　何が望みだ……？
080342EC,table,90,claimed,dialogue,,,08099776,ひまつぶしか？
080342F0,table,90,claimed,dialogue,,,08099786,メシアの教えを/聞きたかっただけか？
080342F4,table,90,claimed,dialogue,,,080997AC,おお！　この法悦！
080342F8,table,90,claimed,dialogue,,,080997AC,おお！　この法悦！
080342FC,table,90,claimed,dialogue,,,080997AC,おお！　この法悦！
08034300,table,90,claimed,dialogue,,,080997C0,最高だ！
08034304,table,90,claimed,dialogue,,,080997CA,仲間に　なればいいんだな？
08034308,table,90,claimed,dialogue,,,080997CA,仲間に　なればいいんだな？
0803430C,table,90,claimed,dialogue,,,080997E6,ありがたい！　
08034310,table,90,claimed,dialogue,,,080997E6,ありがたい！　
08034314,table,90,claimed,dialogue,,,080997F6,同志の具合が悪い様だが………
08034318,table,90,claimed,dialogue,,,080997F6,同志の具合が悪い様だが………
08034324,table,12,claimed,dialogue,,,0809981C,う…うわあー
08034328,table,12,claimed,dialogue,,,0809981C,う…うわあー
0803432C,table,12,claimed,dialogue,,,0809982A,さらばだ
08034330,table,12,claimed,dialogue,,,0809982A,さらばだ
08034334,table,12,claimed,dialogue,,,08099834,すまん　すまん
08034338,table,12,claimed,dialogue,,,08099834,すまん　すまん
0803433C,table,12,claimed,dialogue,,,08099844,ぬあにィ　無いだとぉ！？
08034340,table,12,claimed,dialogue,,,08099844,ぬあにィ　無いだとぉ！？
08034344,table,12,claimed,dialogue,,,08099844,ぬあにィ　無いだとぉ！？
08034348,table,12,claimed,dialogue,,,08099844,ぬあにィ　無いだとぉ！？
0803434C,table,12,claimed,dialogue,,,0809985E,MAGくれないか？
08034350,table,12,claimed,dialogue,,,0809985E,MAGくれないか？
0803435C,table,46,claimed,dialogue,,,0809987C,宝石…·…·…·で　手をうとう！
08034360,table,46,claimed,dialogue,,,0809987C,宝石…·…·…·で　手をうとう！
08034364,table,46,claimed,dialogue,,,0809989E,まだ　足らんなあ
08034368,table,46,claimed,dialogue,,,0809989E,まだ　足らんなあ
0803436C,table,46,claimed,dialogue,,,080998B0,まだまだ　信心が足りんぞぉ！
08034370,table,46,claimed,dialogue,,,080998B0,まだまだ　信心が足りんぞぉ！
08034374,table,46,claimed,dialogue,,,080998CE,魔石…·…·…·で　どうだ？
08034378,table,46,claimed,dialogue,,,080998CE,魔石…·…·…·で　どうだ？
0803437C,table,46,claimed,dialogue,,,080998EC,まさか　人は殺すまい？
08034380,table,46,claimed,dialogue,,,080998EC,まさか　人は殺すまい？
08034384,table,46,claimed,dialogue,,,08099904,残念だな
08034388,table,46,claimed,dialogue,,,08099904,残念だな
0803438C,table,46,claimed,dialogue,,,0809990E,だが　お前には　見込みがある/見逃してやろう
08034390,table,46,claimed,dialogue,,,0809990E,だが　お前には　見込みがある/見逃してやろう
08034394,table,46,claimed,dialogue,,,0809993C,笑わせるな！
08034398,table,46,claimed,dialogue,,,0809993C,笑わせるな！
0803439C,table,46,claimed,dialogue,,,0809994A,お前の命　頂こう！
080343A0,table,46,claimed,dialogue,,,0809994A,お前の命　頂こう！
080343A4,table,46,claimed,dialogue,,,0809995E,気に入った！
080343A8,table,46,claimed,dialogue,,,0809995E,気に入った！
080343AC,table,46,claimed,dialogue,,,0809996C,ハッハッハ！　
080343B0,table,46,claimed,dialogue,,,0809996C,ハッハッハ！　
080343B4,table,46,claimed,dialogue,,,0809997C,ナマ言ってるんじゃない！
080343B8,table,46,claimed,dialogue,,,08099996,生意気な！！
080343BC,table,46,claimed,dialogue,,,080999A4,もう少し　こちらに来るがいい
080343C0,table,46,claimed,dialogue,,,080999A4,もう少し　こちらに来るがいい
080343C4,table,46,claimed,dialogue,,,080999C2,ウソをついても　ムダだ！
080343C8,table,46,claimed,dialogue,,,080999C2,ウソをついても　ムダだ！
080343CC,table,46,claimed,dialogue,,,080999DC,話せるな
080343D0,table,46,claimed,dialogue,,,080999E6,なかなか　可愛い奴だ
080343D4,table,46,claimed,dialogue,,,080999FC,まずは　ガンを置くのが礼儀だぞ
080343D8,table,46,claimed,dialogue,,,080999FC,まずは　ガンを置くのが礼儀だぞ
080343DC,table,46,claimed,dialogue,,,08099A1C,どこかで見た顔だな　名は？
080343E0,table,46,claimed,dialogue,,,08099A1C,どこかで見た顔だな　名は？
080343E4,table,46,claimed,dialogue,,,08099A38,私に仲魔を　裏切れというか！
080343E8,table,46,claimed,dialogue,,,08099A38,私に仲魔を　裏切れというか！
080343EC,table,46,claimed,dialogue,,,08099A56,しかし　信用できんな
080343F0,table,46,claimed,dialogue,,,08099A56,しかし　信用できんな
080343F4,table,46,claimed,dialogue,,,08099A6C,正直な奴め
080343F8,table,46,claimed,dialogue,,,08099A6C,正直な奴め
080343FC,table,46,claimed,dialogue,,,08099A78,では　入信の証に/マッカを頂こう………
08034400,table,46,claimed,dialogue,,,08099A78,では　入信の証に/マッカを頂こう………
08034404,table,46,claimed,dialogue,,,08099AA0,知らぬな………
08034408,table,46,claimed,dialogue,,,08099AA0,知らぬな………
0803440C,table,46,claimed,dialogue,,,08099AB0,そうか/お前が·か
08034410,table,46,claimed,dialogue,,,08099AB0,そうか/お前が·か
0803441C,table,4,claimed,dialogue,,,08099ACC,無理だ··やはり　貴様と共には行けぬ/すまぬが　いたし方ないのだ
08034420,table,4,claimed,dialogue,,,08099ACC,無理だ··やはり　貴様と共には行けぬ/すまぬが　いたし方ないのだ
08034424,table,4,claimed,dialogue,,,08099B0E,な……仲魔がぁ！！　
08034428,table,4,claimed,dialogue,,,08099B0E,な……仲魔がぁ！！　
0803443C,table,154,claimed,dialogue,,,08099B34,気の毒だが　
08034440,table,154,claimed,dialogue,,,08099B34,気の毒だが　
08034444,table,154,claimed,dialogue,,,08099B42,ならば　
08034448,table,154,claimed,dialogue,,,08099B42,ならば　
0803444C,table,154,claimed,dialogue,,,08099B4C,その代わり　
08034450,table,154,claimed,dialogue,,,08099B4C,その代わり　
08034454,table,154,claimed,dialogue,,,08099B5A,さらに今度は　
08034458,table,154,claimed,dialogue,,,08099B5A,さらに今度は　
0803445C,table,154,claimed,dialogue,,,08099B6A,地上の支配を古き神々に/返すだけの事
08034460,table,154,claimed,dialogue,,,08099B90,我らに従えば/必ずや神の救いがある
08034464,table,154,claimed,dialogue,,,08099BB4,協力　感謝するぞ
08034468,table,154,claimed,dialogue,,,08099BB4,協力　感謝するぞ
0803446C,table,154,claimed,dialogue,,,08099BC6,貴様！/メシアンではないのか！？
08034470,table,154,claimed,dialogue,,,08099BE8,お前！/ガイア教徒では　あるまいな？
08034474,table,154,claimed,dialogue,,,08099C0E,そう　思うだろう？
08034478,table,154,claimed,dialogue,,,08099C0E,そう　思うだろう？
0803447C,table,154,claimed,dialogue,,,08099C22,貴様　ガイアの心が無いのか？
08034480,table,154,claimed,dialogue,,,08099C40,お前　それでもメシアンか！
08034484,table,154,claimed,dialogue,,,08099C5C,我らみな　ガイアの子であるのを/認めるか？
08034488,table,154,claimed,dialogue,,,08099C88,我らメシア教会の門を/たたくがよい
0803448C,table,154,claimed,dialogue,,,08099CAC,とっとと　失せろ！
08034490,table,154,claimed,dialogue,,,08099CAC,とっとと　失せろ！
08034494,table,154,claimed,dialogue,,,08099CC0,いい度胸だ………
08034498,table,154,claimed,dialogue,,,08099CC0,いい度胸だ………
0803449C,table,154,claimed,dialogue,,,08099CD2,嘆かわしい………
080344A0,table,154,claimed,dialogue,,,08099CD2,嘆かわしい………
080344A4,table,154,claimed,dialogue,,,08099CE4,愚か者には　用はない………
080344A8,table,154,claimed,dialogue,,,08099CE4,愚か者には　用はない………
080344AC,table,154,claimed,dialogue,,,08099D00,まだ　間に合う！/悔い改めるのだ！
080344B0,table,154,claimed,dialogue,,,08099D00,まだ　間に合う！/悔い改めるのだ！
080344B4,table,154,claimed,dialogue,,,08099D24,何か　面白いことはないか？/そうだ！··その女に　何かやらせろ！
080344B8,table,154,claimed,dialogue,,,08099D24,何か　面白いことはないか？/そうだ！··その女に　何かやらせろ！
080344BC,table,154,claimed,dialogue,,,08099D24,何か　面白いことはないか？/そうだ！··その女に　何かやらせろ！
080344C0,table,154,claimed,dialogue,,,08099D24,何か　面白いことはないか？/そうだ！··その女に　何かやらせろ！
080344C4,table,154,claimed,dialogue,,,08099D66,よく聞け！
080344C8,table,154,claimed,dialogue,,,08099D66,よく聞け！
080344CC,table,154,claimed,dialogue,,,08099D72,フッ　憶病者めが………
080344D0,table,154,claimed,dialogue,,,08099D72,フッ　憶病者めが………
080344D4,table,154,claimed,dialogue,,,08099D8A,見どころのある奴だ！··名は　何と言う？
080344D8,table,154,claimed,dialogue,,,08099D8A,見どころのある奴だ！··名は　何と言う？
080344DC,table,154,claimed,dialogue,,,08099DB4,そうか　いい名だ………
080344E0,table,154,claimed,dialogue,,,08099DB4,そうか　いい名だ………
080344E4,table,154,claimed,dialogue,,,08099DCC,お前には　期待できそうだ
080344E8,table,154,claimed,dialogue,,,08099DCC,お前には　期待できそうだ
080344EC,table,154,claimed,dialogue,,,08099DE6,お前は大した奴だ
080344F0,table,154,claimed,dialogue,,,08099DE6,お前は大した奴だ
080344F4,table,154,claimed,dialogue,,,08099DF8,ガイアの教えにすがりたいのか？
080344F8,table,154,claimed,dialogue,,,08099DF8,ガイアの教えにすがりたいのか？
080344FC,table,154,claimed,dialogue,,,08099DF8,ガイアの教えにすがりたいのか？
08034500,table,154,claimed,dialogue,,,08099E18,メシアの教えを見直したのだな？
08034504,table,154,claimed,dialogue,,,08099E38,聞き覚えのある名だ··もしや　悪魔狩りの………
08034508,table,154,claimed,dialogue,,,08099E38,聞き覚えのある名だ··もしや　悪魔狩りの………
0803450C,table,154,claimed,dialogue,,,08099E38,聞き覚えのある名だ··もしや　悪魔狩りの………
08034510,table,154,claimed,dialogue,,,08099E38,聞き覚えのある名だ··もしや　悪魔狩りの………
08034514,table,154,claimed,dialogue,,,08099E68,真顔で言うたあ　恐れ入ったぜ
08034518,table,154,claimed,dialogue,,,08099E86,末恐ろしい
0803451C,table,154,claimed,dialogue,,,08099E92,お前の背負う十字架/それは血ぬられし同族殺しの/修羅の道………··行くが
08034520,table,154,claimed,dialogue,,,08099E92,お前の背負う十字架/それは血ぬられし同族殺しの/修羅の道………··行くが
08034524,table,154,claimed,dialogue,,,08099EF8,貴様に何が分かるってんだ
08034528,table,154,claimed,dialogue,,,08099EF8,貴様に何が分かるってんだ
0803452C,table,154,claimed,dialogue,,,08099EF8,貴様に何が分かるってんだ
08034530,table,154,claimed,dialogue,,,08099F12,フッ/分かったような□を聞く………
08034534,table,154,claimed,dialogue,,,08099F36,ヒュウ　むしずが走るぜ
08034538,table,154,claimed,dialogue,,,08099F4E,ふん　偽善者が！
0803453C,table,154,claimed,dialogue,,,08099F60,踊らされてるとも　知らず………
08034540,table,154,claimed,dialogue,,,08099F60,踊らされてるとも　知らず………
08034544,table,154,claimed,dialogue,,,08099F80,予定調和の中か　すばらしい/そうとあらば/我らとて助力はおしまん
08034548,table,154,claimed,dialogue,,,08099F80,予定調和の中か　すばらしい/そうとあらば/我らとて助力はおしまん
0803454C,table,154,claimed,dialogue,,,08099F80,予定調和の中か　すばらしい/そうとあらば/我らとて助力はおしまん
08034550,table,154,claimed,dialogue,,,08099F80,予定調和の中か　すばらしい/そうとあらば/我らとて助力はおしまん
08034554,table,154,claimed,dialogue,,,08099FC2,人々のために　せいぜい/がんばってくれたまえ
08034558,table,154,claimed,dialogue,,,08099FC2,人々のために　せいぜい/がんばってくれたまえ
0803455C,table,154,claimed,dialogue,,,08099FF0,用もないのに　話しかけるな！
08034560,table,154,claimed,dialogue,,,08099FF0,用もないのに　話しかけるな！
08034564,table,154,claimed,dialogue,,,0809A00E,この私を　無視するとは！
08034568,table,154,claimed,dialogue,,,0809A00E,この私を　無視するとは！
0803456C,table,154,claimed,dialogue,,,0809A028,そういう事ならば/私も考え方を変えよう
08034570,table,154,claimed,dialogue,,,0809A028,そういう事ならば/私も考え方を変えよう
08034574,table,154,claimed,dialogue,,,0809A050,ちょっとしたゲームをやらぬか？
08034578,table,154,claimed,dialogue,,,0809A070,お前の力を試させてもらおう
0803457C,table,154,claimed,dialogue,,,0809A08C,なぁに　簡単だ/お前の念で　この石を砕いてみろ
08034580,table,154,claimed,dialogue,,,0809A09C,お前の念で　この石を砕いてみろ
08034584,table,154,claimed,dialogue,,,0809A0BC,なかなかやるな　よかろう
08034588,table,154,claimed,dialogue,,,0809A0BC,なかなかやるな　よかろう
0803458C,table,154,claimed,dialogue,,,0809A0D6,出直して来る事だな
08034590,table,154,claimed,dialogue,,,0809A0D6,出直して来る事だな
08034594,table,154,claimed,dialogue,,,0809A0EA,そうかい　そうかい/俺の好意を　無にするとは………
08034598,table,154,claimed,dialogue,,,0809A102,好意を　無にするとは………
0803459C,table,154,claimed,dialogue,,,0809A11E,ところでお前　酒はないか？
080345A0,table,154,claimed,dialogue,,,0809A11E,ところでお前　酒はないか？
080345A4,table,154,claimed,dialogue,,,0809A13A,酒は　もうないのか？
080345A8,table,154,claimed,dialogue,,,0809A13A,酒は　もうないのか？
080345AC,table,154,claimed,dialogue,,,0809A13A,酒は　もうないのか？
080345B0,table,154,claimed,dialogue,,,0809A13A,酒は　もうないのか？
080345B4,table,154,claimed,dialogue,,,0809A150,うまい酒だった/イヤー　すこぶる気分が良いぞ
080345B8,table,154,claimed,dialogue,,,0809A150,うまい酒だった/イヤー　すこぶる気分が良いぞ
080345BC,table,154,claimed,dialogue,,,0809A17E,何だ　お前　持っとらんのか！
080345C0,table,154,claimed,dialogue,,,0809A17E,何だ　お前　持っとらんのか！
080345C4,table,154,claimed,dialogue,,,0809A17E,何だ　お前　持っとらんのか！
080345C8,table,154,claimed,dialogue,,,0809A17E,何だ　お前　持っとらんのか！
080345CC,table,154,claimed,dialogue,,,0809A19C,もうあきたぞ　/これで　失礼する
080345D0,table,154,claimed,dialogue,,,0809A1AC,これで　失礼する
080345D4,table,154,claimed,dialogue,,,0809A1BE,お前を当てにした私が/愚かだったわ！
080345D8,table,154,claimed,dialogue,,,0809A1BE,お前を当てにした私が/愚かだったわ！
080345DC,table,154,claimed,dialogue,,,0809A1E4,つまらんな………
080345E0,table,154,claimed,dialogue,,,0809A1E4,つまらんな………
080345E4,table,154,claimed,dialogue,,,0809A1F6,うっ！·…·…·…·…·ふぅ…………··てへっ！·/仲間にして下さーい
080345E8,table,154,claimed,dialogue,,,0809A1F6,うっ！·…·…·…·…·ふぅ…………··てへっ！·/仲間にして下さーい
080345EC,table,154,claimed,dialogue,,,0809A23E,信用しておらんワケか/ならばこちらとて　信用できるか
080345F0,table,154,claimed,dialogue,,,0809A23E,信用しておらんワケか/ならばこちらとて　信用できるか
080345F4,table,154,claimed,dialogue,,,0809A274,分かっていながら/甘んじているのか
080345F8,table,154,claimed,dialogue,,,0809A274,分かっていながら/甘んじているのか
080345FC,table,154,claimed,dialogue,,,0809A298,お前に分からぬだけの事よ
08034600,table,154,claimed,dialogue,,,0809A298,お前に分からぬだけの事よ
08034604,table,154,claimed,dialogue,,,0809A2B2,その娘　センターの人間だな
08034608,table,154,claimed,dialogue,,,0809A2CE,そこの女　自分では/悟っておらぬだろうが………
0803460C,table,154,claimed,dialogue,,,0809A2FE,今にサタン様が我らを救うのだ
08034610,table,154,claimed,dialogue,,,0809A31C,クククク！/そのうち分かる時が来る
08034614,table,154,claimed,dialogue,,,0809A340,お前と組んだとして··何の利益になる？
08034618,table,154,claimed,dialogue,,,0809A340,お前と組んだとして··何の利益になる？
0803461C,table,154,claimed,dialogue,,,0809A368,ならば　その証を見せてもらおう
08034620,table,154,claimed,dialogue,,,0809A368,ならば　その証を見せてもらおう
08034624,table,154,claimed,dialogue,,,0809A388,これは　裏切りか………/しかしお前の後ろだてがあれば/無理な話ではない…
08034628,table,154,claimed,dialogue,,,0809A388,これは　裏切りか………/しかしお前の後ろだてがあれば/無理な話ではない…
0803462C,table,154,claimed,dialogue,,,0809A388,これは　裏切りか………/しかしお前の後ろだてがあれば/無理な話ではない…
08034630,table,154,claimed,dialogue,,,0809A388,これは　裏切りか………/しかしお前の後ろだてがあれば/無理な話ではない…
08034634,table,154,claimed,dialogue,,,0809A3D6,馬鹿げた話だ　
08034638,table,154,claimed,dialogue,,,0809A3D6,馬鹿げた話だ　
0803463C,table,154,claimed,dialogue,,,0809A3E6,それで自由になれるなら/苦労はない
08034640,table,154,claimed,dialogue,,,0809A40A,それが　平和につながるとでも/言うのか！
08034644,table,154,claimed,dialogue,,,0809A434,お前と組めば　多くを/敵に回すだけ
08034648,table,154,claimed,dialogue,,,0809A434,お前と組めば　多くを/敵に回すだけ
0803464C,table,154,claimed,dialogue,,,0809A458,我々の力をあなどるなよ
08034650,table,154,claimed,dialogue,,,0809A470,私に手向かえば　どうなるか/分かっているな？
08034654,table,154,claimed,dialogue,,,0809A49E,ここはひとつ…·…·…·/取り引きといこう
08034658,table,154,claimed,dialogue,,,0809A49E,ここはひとつ…·…·…·/取り引きといこう
0803465C,table,154,claimed,dialogue,,,0809A4CA,お前とならば　私も失ったものを/取りもどせそうだ/どうだ/私を仲間にして
08034660,table,154,claimed,dialogue,,,0809A4FC,どうだ/私を仲間にしてはくれぬか？
08034664,table,154,claimed,dialogue,,,0809A520,その身にたっぷりと教えてやろう
08034668,table,154,claimed,dialogue,,,0809A520,その身にたっぷりと教えてやろう
0803466C,table,154,claimed,dialogue,,,0809A540,仕方ない　
08034670,table,154,claimed,dialogue,,,0809A540,仕方ない　
08034674,table,154,claimed,dialogue,,,0809A54C,□たる/この私をぶじょくしたこと/後悔させてやるわ！
08034678,table,154,claimed,dialogue,,,0809A54C,□たる/この私をぶじょくしたこと/後悔させてやるわ！
0803467C,table,154,claimed,dialogue,,,0809A582,そうか　残念だ……
08034680,table,154,claimed,dialogue,,,0809A582,そうか　残念だ……
08034684,table,154,claimed,dialogue,,,0809A582,そうか　残念だ……
08034688,table,154,claimed,dialogue,,,0809A582,そうか　残念だ……
0803468C,table,154,claimed,dialogue,,,0809A582,そうか　残念だ……
08034690,table,154,claimed,dialogue,,,0809A582,そうか　残念だ……
08034694,table,154,claimed,dialogue,,,0809A582,そうか　残念だ……
08034698,table,154,claimed,dialogue,,,0809A582,そうか　残念だ……
0803469C,table,154,claimed,dialogue,,,0809A582,そうか　残念だ……
080346A0,table,154,claimed,dialogue,,,0809A582,そうか　残念だ……
080346AC,table,18,claimed,dialogue,,,0809A59E,お前の事は/きっと　大地も見守ってくれよう
080346B0,table,18,claimed,dialogue,,,0809A59E,お前の事は/きっと　大地も見守ってくれよう
080346B4,table,18,claimed,dialogue,,,0809A59E,お前の事は/きっと　大地も見守ってくれよう
080346B8,table,18,claimed,dialogue,,,0809A5CA,必ずや/神のご加護が得られるだろう
080346BC,table,18,claimed,dialogue,,,0809A5EE,喜捨に　応じるのか？
080346C0,table,18,claimed,dialogue,,,0809A604,寄付するのだな？
080346C4,table,18,claimed,dialogue,,,0809A616,待ってくれ！··私には　まだやらねばならん事が/あるのだ！
080346C8,table,18,claimed,dialogue,,,0809A652,この通りだ！··私は…·…·…·/私は　まだ死にたくない！！
080346CC,table,18,claimed,dialogue,,,0809A690,ドブネズミ共には/生きる価値も無い………
080346D0,table,18,claimed,dialogue,,,0809A690,ドブネズミ共には/生きる価値も無い………
080346D4,table,18,claimed,dialogue,,,0809A690,ドブネズミ共には/生きる価値も無い………
080346D8,table,18,claimed,dialogue,,,0809A690,ドブネズミ共には/生きる価値も無い………
080346DC,table,18,claimed,dialogue,,,0809A6BA,我らの力　欲するならば/おのれ自身を変えることだ……
080346E0,table,18,claimed,dialogue,,,0809A6BA,我らの力　欲するならば/おのれ自身を変えることだ……
080346E4,table,18,claimed,dialogue,,,0809A6F0,ならば　その運命の糸……/今すぐ断ち切ってくれよう！
080346E8,table,18,claimed,dialogue,,,0809A6F0,ならば　その運命の糸……/今すぐ断ち切ってくれよう！
080346EC,table,18,claimed,dialogue,,,0809A726,貴様……/あくまで戦おうというのか！
080346F0,table,18,claimed,dialogue,,,0809A726,貴様……/あくまで戦おうというのか！
080346FC,table,43,claimed,dialogue,,,0809A74E,私に　何か用か？
08034700,table,43,claimed,dialogue,,,0809A74E,私に　何か用か？
08034704,table,43,claimed,dialogue,,,0809A760,お前などに　用はないわ！
08034708,table,43,claimed,dialogue,,,0809A760,お前などに　用はないわ！
0803470C,table,43,claimed,dialogue,,,0809A77A,手短にな………
08034710,table,43,claimed,dialogue,,,0809A77A,手短にな………
08034714,table,43,claimed,dialogue,,,0809A78A,なんだ　ジョークのつもりか？
08034718,table,43,claimed,dialogue,,,0809A78A,なんだ　ジョークのつもりか？
0803471C,table,43,claimed,dialogue,,,0809A7A8,この　異教徒め！
08034720,table,43,claimed,dialogue,,,0809A7A8,この　異教徒め！
08034724,table,43,claimed,dialogue,,,0809A7BA,なぜ戦うのだ？
08034728,table,43,claimed,dialogue,,,0809A7BA,なぜ戦うのだ？
0803472C,table,43,claimed,dialogue,,,0809A7CA,言われるまでもない！
08034730,table,43,claimed,dialogue,,,0809A7CA,言われるまでもない！
08034734,table,43,claimed,dialogue,,,0809A7E0,せっかくだ/もう少し話していけ
08034738,table,43,claimed,dialogue,,,0809A7E0,せっかくだ/もう少し話していけ
0803473C,table,43,claimed,dialogue,,,08090BE8,ふふふ　ここでは　命など/わたげの様に　かるい！
08034740,table,43,claimed,dialogue,,,08090C1A,今日も　この俺の手は/血で染まるのか！
08034744,table,43,claimed,dialogue,,,08090C42,アンタの中にすくう魔が/オイラを狂気に　かりたてるぅ！
08034748,table,43,claimed,dialogue,,,08090C7A,弱肉強食！
0803474C,table,43,claimed,dialogue,,,08090C86,気持ち悪いヤツだ！
08034750,table,43,claimed,dialogue,,,08090C86,気持ち悪いヤツだ！
08034754,table,43,claimed,dialogue,,,08090C9A,げろげろ　ヘーンなヤツ！
08034758,table,43,claimed,dialogue,,,08090CB4,変人ダナ……
0803475C,table,43,claimed,dialogue,,,08090CC2,仲魔の傷は　ワシに任せろ！
08034760,table,43,claimed,dialogue,,,08090CDE,仲魔ことは　任せな……
08034764,table,43,claimed,dialogue,,,08090CF6,オイラが仲魔を治してやるぜェ！
08034768,table,43,claimed,dialogue,,,08090D16,□/ナカマ　ナオス
0803476C,table,43,claimed,dialogue,,,08090D2A,ならば　地獄へ道連れじゃあ！
08034770,table,43,claimed,dialogue,,,08090D48,だったら/一緒に死んでもらうゼ！
08034774,table,43,claimed,dialogue,,,08090D6A,キーホー！/オイラと/ごーとぅへるぅうぅ！！
08034778,table,43,claimed,dialogue,,,08090D98,ナラバ共ニ　地獄ヘ落チヨウゾ！
0803477C,table,43,claimed,dialogue,,,08090DB8,マッカが無いだと！
08034780,table,43,claimed,dialogue,,,08090DCC,マッカがねェのか！？
08034784,table,43,claimed,dialogue,,,08090DE2,ボンビーじゃん！
08034788,table,43,claimed,dialogue,,,08090DF4,マッカ　ナイ！？
0803478C,table,43,claimed,dialogue,,,08090E06,ワシの仲魔/どうなっとるんじゃあ！
08034790,table,43,claimed,dialogue,,,08090E2A,俺の仲魔がぁ！/だ…だいじょぶか？
08034794,table,43,claimed,dialogue,,,08090E4E,ああぁぁぁ！/オイラの仲魔がぁ！！
08034798,table,43,claimed,dialogue,,,08090E72,ナカマニ　何ヲシタ！！
0803479C,table,43,claimed,dialogue,,,08090E8A,甘いな！
080347A0,table,43,claimed,dialogue,,,08090E94,チッチッチッ　トゥースイート！
080347A4,table,43,claimed,dialogue,,,08090EB4,シュガー！　シュガー！
080347AC,table,315,claimed,dialogue,,,08090ED4,何だと！　
080347B0,table,315,claimed,dialogue,,,08090EE0,ぬぁんだとぉ！？　
080347B4,table,315,claimed,dialogue,,,08090EF4,んーだって？　
080347B8,table,315,claimed,dialogue,,,08090F04,ウググ………！！　
080347BC,table,315,claimed,dialogue,,,08090F18,許さんぞ！
080347C0,table,315,claimed,dialogue,,,08090F18,許さんぞ！
080347C4,table,315,claimed,dialogue,,,08090F24,ノーテンに　来た！
080347C8,table,315,claimed,dialogue,,,08090F38,ユルセナイ！！
080347CC,table,315,claimed,dialogue,,,08090F48,死にさらせぇ！
080347D0,table,315,claimed,dialogue,,,08090F58,チーチッチッ　血だあ！！
080347D4,table,315,claimed,dialogue,,,08090F72,むかむかドッカン！/ごーとぅーへる　したる！！
080347D8,table,315,claimed,dialogue,,,08090FA2,死ネッ！！
080347DC,table,315,claimed,dialogue,,,08090FAE,ワシの力　見せてくれる！
080347E0,table,315,claimed,dialogue,,,08090FC8,俺は　本当に恐ろしいぞー！··そうだ　恐怖を教えてやるぜ！
080347E4,table,315,claimed,dialogue,,,08091004,見したる！··オイラの百万馬力ーっ！
080347E8,table,315,claimed,dialogue,,,0809102A,我ガ力ヲ　見ヨ！！
080347EC,table,315,claimed,dialogue,,,0809103E,よいじゃろ
080347F0,table,315,claimed,dialogue,,,0809104A,まあ　いいだろう
080347F4,table,315,claimed,dialogue,,,0809105C,よっしゃあ！
080347F8,table,315,claimed,dialogue,,,0809106A,□は　うなずいた
080347FC,table,315,claimed,dialogue,,,0809107C,ワシは　□□·/今後とも　よろしく
08034800,table,315,claimed,dialogue,,,080910A0,俺は　□□だ/ま　今後とも　よろしく頼む
08034804,table,315,claimed,dialogue,,,080910CA,オイラ/□□だホー！·/今後とも　よろぴーー！
08034808,table,315,claimed,dialogue,,,080910FA,ワレハ/□□·/コンゴトモ　ヨロシク
0803480C,table,315,claimed,dialogue,,,08091120,さらばだ……
08034810,table,315,claimed,dialogue,,,0809112E,あばよ！
08034814,table,315,claimed,dialogue,,,08091138,バッハハーイ！
08034818,table,315,claimed,dialogue,,,08091148,サラバダ！
0803481C,table,315,claimed,dialogue,,,08091154,仲魔がいっぱいじゃぞい/減らすのか？
08034820,table,315,claimed,dialogue,,,0809117A,仲魔がいっぱいじゃねえか……/減らすのか？
08034824,table,315,claimed,dialogue,,,080911A6,仲魔減らせー　いっぱいだあ
08034828,table,315,claimed,dialogue,,,080911C2,仲魔モウ　フヤセナイ/別レルカ？
0803482C,table,315,claimed,dialogue,,,080911E4,用は無いな　さらばじゃ！
08034830,table,315,claimed,dialogue,,,080911FE,つき合い切れねーぜ！
08034834,table,315,claimed,dialogue,,,08091214,オイラ　あきたよ
08034838,table,315,claimed,dialogue,,,08091226,モウ行クゾ！
0803483C,table,315,claimed,dialogue,,,08091234,さらばだ　達者でな………
08034840,table,315,claimed,dialogue,,,0809124E,ヒャーハハハ！！··お前の事は　忘れないぜ！
08034844,table,315,claimed,dialogue,,,0809127C,ブラザー！··お前の事は　忘れないぜェ！
08034848,table,315,claimed,dialogue,,,080912A6,貴様ノコトハ　忘レヌ……
0803484C,table,315,claimed,dialogue,,,080912C0,強欲な奴よ！/付き合うてられんわ！
08034850,table,315,claimed,dialogue,,,080912E4,ほう……そうかい？/その内　報いが来るぜ！
08034854,table,315,claimed,dialogue,,,08091310,うっひゃー　すげケチ！/オイラはゴメンだぜィ！
08034858,table,315,claimed,dialogue,,,08091340,オマエナド　モウ知ラヌ！
0803485C,table,315,claimed,dialogue,,,0809135A,本当に　
08034860,table,315,claimed,dialogue,,,08091364,マジに　
08034864,table,315,claimed,dialogue,,,0809136E,ホント　
08034868,table,315,claimed,dialogue,,,0809136E,ホント　
0803486C,table,315,claimed,dialogue,,,08091378,こーの愚か者めが！
08034870,table,315,claimed,dialogue,,,0809138C,救いがたい　アホだな！！
08034874,table,315,claimed,dialogue,,,080913A6,イカレポンチめ！
08034878,table,315,claimed,dialogue,,,080913B8,オロカモノメッ！
0803487C,table,315,claimed,dialogue,,,080913CA,付き合いきれん
08034880,table,315,claimed,dialogue,,,080913DA,ケッ　やってられんぜ！
08034884,table,315,claimed,dialogue,,,080913F2,バッカでー！
08034888,table,315,claimed,dialogue,,,08091400,□は　鼻で笑った
0803488C,table,315,claimed,dialogue,,,08091412,種族をこえた　友情か？/悪くはないの……
08034890,table,315,claimed,dialogue,,,0809143C,禁断の愛のめばえ……か　ケッ/ま　そのへんは　許容内だがな！
08034894,table,315,claimed,dialogue,,,0809147A,ヒャッホー！/アンタ　オイラのマブダチだー！
08034898,table,315,claimed,dialogue,,,080914A8,コレヨリ/□ノ友　·ト/名ノルガヨイ
0803489C,table,315,claimed,dialogue,,,080914CE,仲魔を　頼んだぞ
080348A0,table,315,claimed,dialogue,,,080914CE,仲魔を　頼んだぞ
080348A4,table,315,claimed,dialogue,,,080914E0,オイラのダチを　頼んだぜ！
080348A8,table,315,claimed,dialogue,,,080914FC,ナカマヲ　タノム……
080348AC,table,315,claimed,dialogue,,,08091512,これを　やろう
080348B0,table,315,claimed,dialogue,,,08091522,お前には　これをやるぜ！
080348B4,table,315,claimed,dialogue,,,0809153C,コレヤルー
080348B8,table,315,claimed,dialogue,,,08091548,コレ　ヤロウ
080348BC,table,315,claimed,dialogue,,,08091556,いいものをやるから/カンベンしろや
080348C0,table,315,claimed,dialogue,,,0809157A,これをくれてやるから/もう放っといてくれ！
080348C4,table,315,claimed,dialogue,,,080915A6,エーン………もうこれで/許してよー！
080348C8,table,315,claimed,dialogue,,,080915CC,ウググウ………/コレヤルカラ　モウ許シテクレ
080348CC,table,315,claimed,dialogue,,,080915FA,そーれ　ウジムシめ！/これを　くれてやるわ！
080348D0,table,315,claimed,dialogue,,,08091628,イヒャハハ！　いいザマだ！/これを　くれてやるぜー！！
080348D4,table,315,claimed,dialogue,,,08091660,ホレホレ　コレヤルー　ほい！
080348D8,table,315,claimed,dialogue,,,0809167E,フッ　アワレナ……/コレデモ　ヤロウ！
080348DC,table,315,claimed,dialogue,,,080916A6,□マッカで/どうじゃ？
080348E0,table,315,claimed,dialogue,,,080916BE,□マッカよこせ/悪くはしねェぜ！
080348E4,table,315,claimed,dialogue,,,080916E0,オイラ　□マッカ/欲しーんだなあ………
080348E8,table,315,claimed,dialogue,,,08091708,□マッカ/イタダキタイ
080348EC,table,315,claimed,dialogue,,,08091720,何じゃ/戦う気は　無いのか？
080348F0,table,315,claimed,dialogue,,,0809173E,何だー？/お前　戦う気ないのか？
080348F4,table,315,claimed,dialogue,,,08091760,オイラをけいけんちにしようって/ワケじゃないんだ？
080348F8,table,315,claimed,dialogue,,,08091794,戦ウノデハ　ナイノカ？
080348FC,table,315,claimed,dialogue,,,080917AC,あと　ひとつ
08034900,table,315,claimed,dialogue,,,080917AC,あと　ひとつ
08034904,table,315,claimed,dialogue,,,080917BA,もー　いっこ
08034908,table,315,claimed,dialogue,,,080917C8,モウ　ヒトツ
0803490C,table,315,claimed,dialogue,,,080917D6,何か　頂けるのかな？
08034910,table,315,claimed,dialogue,,,080917D6,何か　頂けるのかな？
08034914,table,315,claimed,dialogue,,,080917EC,何かクレる？　クレクレー！
08034918,table,315,claimed,dialogue,,,08091808,何カ　出スノカ？
0803491C,table,315,claimed,dialogue,,,0809181A,仲魔になれと　言うのか？
08034920,table,315,claimed,dialogue,,,0809181A,仲魔になれと　言うのか？
08034924,table,315,claimed,dialogue,,,08091834,え　仲魔になれだって？
08034928,table,315,claimed,dialogue,,,0809184C,ナカマ………カ？
0803492C,table,315,claimed,dialogue,,,0809185E,何か　欲しいんじゃな？
08034930,table,315,claimed,dialogue,,,08091876,聞いてやるかも　知れねえぜ··試しに　望みを言ってみな！··何か　欲しい
08034934,table,315,claimed,dialogue,,,080918C6,オイラに　たかろうっての？
08034938,table,315,claimed,dialogue,,,080918E2,何カ　言イタイヨウダナ
0803493C,table,315,claimed,dialogue,,,080918FA,ワシと/かたり合いたかったのか？
08034940,table,315,claimed,dialogue,,,0809191C,分かった　貴様コレだな！/オレのケツにほれたのか！/ゲヒヒヒヒ
08034944,table,315,claimed,dialogue,,,0809195C,オイラと/トークしたかったのかい？
08034948,table,315,claimed,dialogue,,,08091980,□ト/話シタカッタ　ダケカ……？
0803494C,table,315,claimed,dialogue,,,080919A2,ホレホレ　踊れ！踊れ！
08034950,table,315,claimed,dialogue,,,080919BA,IT’S　A/SHOW　TIME！
08034954,table,315,claimed,dialogue,,,080919DE,レッツ　ヒーホー/ダーンスぅ！
08034958,table,315,claimed,dialogue,,,080919FE,モット踊レ！
0803495C,table,315,claimed,dialogue,,,08091A0C,ホイホイ　ええぞお！
08034960,table,315,claimed,dialogue,,,08091A22,ヤーハー！/サイコーじゃねえか！
08034964,table,315,claimed,dialogue,,,08091A44,ヒーホー　ノッてるかーい！
08034968,table,315,claimed,dialogue,,,08091A60,□は/はしゃいでいる
0803496C,table,315,claimed,dialogue,,,08091A76,仲魔になれば　いいんか？
08034970,table,315,claimed,dialogue,,,08091A90,俺サマの力が欲しいのかあ？/エエー！？
08034974,table,315,claimed,dialogue,,,08091AB8,オイラの下僕になりるのかー？
08034978,table,315,claimed,dialogue,,,08091AD6,□/ナカマニ　ナレバ　イイノカ？
0803497C,table,315,claimed,dialogue,,,08091AF8,有難い！　
08034980,table,315,claimed,dialogue,,,08091B04,ケッ　ありがとな！　
08034984,table,315,claimed,dialogue,,,08091B1A,サンキュー！　
08034988,table,315,claimed,dialogue,,,08091B2A,アリガトウ………　
0803498C,table,315,claimed,dialogue,,,08091B3E,ワシの一族の者は/ダイジョブか？
08034990,table,315,claimed,dialogue,,,08091B60,俺の仲魔を　そまつにするな！
08034994,table,315,claimed,dialogue,,,08091B7E,オイラのダチと　仲良くしろー！
08034998,table,315,claimed,dialogue,,,08091B9E,ナカマ　ダイジョウブカ？
0803499C,table,315,claimed,dialogue,,,08091BB8,誰が　そんなコトを！
080349A0,table,315,claimed,dialogue,,,08091BCE,やなこった！
080349A4,table,315,claimed,dialogue,,,08091BCE,やなこった！
080349A8,table,315,claimed,dialogue,,,08091BDC,首を横にふっている
080349AC,table,315,claimed,dialogue,,,08091BF0,グワアーッ！
080349B0,table,315,claimed,dialogue,,,08091BFE,き　貴様と言う奴はッ！
080349B4,table,315,claimed,dialogue,,,08091C16,ヘルプ　ミー！
080349B8,table,315,claimed,dialogue,,,08091C26,□は　一声鳴いた
080349BC,table,315,claimed,dialogue,,,08091C38,やっぱり　殺す気だな！
080349C0,table,315,claimed,dialogue,,,08091C38,やっぱり　殺す気だな！
080349C4,table,315,claimed,dialogue,,,08091C38,やっぱり　殺す気だな！
080349C8,table,315,claimed,dialogue,,,08091C50,ヤハリ　ヤル気ダナ！
080349CC,table,315,claimed,dialogue,,,08091C66,すまぬ　悪かった！
080349D0,table,315,claimed,dialogue,,,08091C7A,悪りィ　悪りィ！
080349D4,table,315,claimed,dialogue,,,08091C8C,イヤー！　あいむソーリー
080349D8,table,315,claimed,dialogue,,,08091CA6,スマナカッタ………
080349DC,table,315,claimed,dialogue,,,08091CBA,MAGが足りぬというか！
080349E0,table,315,claimed,dialogue,,,08091CD4,MAGが足りないだと！
080349E4,table,315,claimed,dialogue,,,08091CEC,マジィ？　MAGが無いん？
080349E8,table,315,claimed,dialogue,,,08091D08,MAGガ　タリヌノカ
080349EC,table,315,claimed,dialogue,,,08091D1E,魔石も無いのか！
080349F0,table,315,claimed,dialogue,,,08091D30,魔石が　ねーのかーよ
080349F4,table,315,claimed,dialogue,,,08091D46,ませきが　無くちゃ/始まらないゼ！
080349F8,table,315,claimed,dialogue,,,08091D6A,マセキガ　ナイノカ！
080349FC,table,315,claimed,dialogue,,,08091D80,□MAG　じゃな/これは　ゆずれんの
08034A00,table,315,claimed,dialogue,,,08091DA6,□MAGよこせ！
08034A04,table,315,claimed,dialogue,,,08091DB8,□MAGクレクレ
08034A08,table,315,claimed,dialogue,,,08091DCA,□MAG/イタダキタイ……
08034A0C,table,315,claimed,dialogue,,,08091DE6,それでは　/
08034A10,table,315,claimed,dialogue,,,08091DF4,では　/
08034A14,table,315,claimed,dialogue,,,08091DFE,そんじゃー　/
08034A18,table,315,claimed,dialogue,,,08091E0E,ソレデハ　/
08034A1C,table,315,claimed,dialogue,,,08091E1C,宝石なんぞ　いいかも知れんのぅ
08034A20,table,315,claimed,dialogue,,,08091E3C,宝石だ！　持ってんだろ？
08034A24,table,315,claimed,dialogue,,,08091E56,宝石　ちょーだい！
08034A28,table,315,claimed,dialogue,,,08091E6A,宝石ダナ
08034A2C,table,315,claimed,dialogue,,,08091E74,足りぬ………
08034A30,table,315,claimed,dialogue,,,08091E82,ちぃと　少ねえなあ………
08034A34,table,315,claimed,dialogue,,,08091E9C,足んない！　ぜんっぜん！
08034A38,table,315,claimed,dialogue,,,08091EB6,マダダ………
08034A3C,table,315,claimed,dialogue,,,08091EC4,んがー　ダメじゃー！/本当に欲しいんは/こんなんじゃ　ないんじゃぁ！
08034A40,table,315,claimed,dialogue,,,08091F0A,ケッ　やっぱシケてんぜ！
08034A44,table,315,claimed,dialogue,,,08091F24,やっぱし　やだー！/暴れてやるるー！
08034A48,table,315,claimed,dialogue,,,08091F4A,コンナモノ……
08034A4C,table,315,claimed,dialogue,,,08091F5A,魔石を　もらおうかの？
08034A50,table,315,claimed,dialogue,,,08091F72,魔石を　渡してもらおう！
08034A54,table,315,claimed,dialogue,,,08091F8C,ませきチョーダイ！/ませきー！
08034A58,table,315,claimed,dialogue,,,08091FAC,マセキダ！
08034A5C,table,315,claimed,dialogue,,,08091FB8,ワシを　殺しに来たのか？
08034A60,table,315,claimed,dialogue,,,08091FD2,オレを　殺るつもりか　ええ？
08034A64,table,315,claimed,dialogue,,,08091FF0,仲魔になんなきゃ··オイラはデッド？
08034A68,table,315,claimed,dialogue,,,08092016,ヤルノカ？
08034A6C,table,315,claimed,dialogue,,,08092022,付き合いが悪いのぉ………
08034A70,table,315,claimed,dialogue,,,0809203C,付き合い悪いぜ！/すなわち　バッド付き合い
08034A74,table,315,claimed,dialogue,,,0809203C,付き合い悪いぜ！/すなわち　バッド付き合い
08034A78,table,315,claimed,dialogue,,,08092068,□は/ちょっと　さびしげだ
08034A7C,table,315,claimed,dialogue,,,08092084,ワシは　心が広いのが自慢じゃ/許してやるから　失せるがいい！
08034A80,table,315,claimed,dialogue,,,080920C2,ヘイヘイ！　ミスター/今回は　見逃してやるぜぇ！
08034A84,table,315,claimed,dialogue,,,080920F4,モーイーヨ/あっち行けポーン！
08034A88,table,315,claimed,dialogue,,,08092114,許シテヤル　行ケ！
08034A8C,table,315,claimed,dialogue,,,08092128,馬鹿に　するか！
08034A90,table,315,claimed,dialogue,,,0809213A,ざけるんじゃ　ねえェ！
08034A94,table,315,claimed,dialogue,,,08092152,キーホー！！··調子くれてんじゃないぜー！
08034A98,table,315,claimed,dialogue,,,0809217E,フザケルナ！
08034A9C,table,315,claimed,dialogue,,,0809218C,お前の命でも　もらおうか！
08034AA0,table,315,claimed,dialogue,,,080921A8,いくぜ　この　キメゼリフ！/我に魂を捧げよ！！
08034AA4,table,315,claimed,dialogue,,,080921D8,命ちょーだい！！
08034AA8,table,315,claimed,dialogue,,,080921EA,貴様ノ命ヲ　頂コウ！
08034AAC,table,315,claimed,dialogue,,,08092200,ハッハッハ！/面白い　面白い
08034AB0,table,315,claimed,dialogue,,,0809221E,ゲヒャヒャ！/笑わせてくれるぜ！
08034AB4,table,315,claimed,dialogue,,,08092240,ヒーホー！/つかみはOKじゃん！
08034AB8,table,315,claimed,dialogue,,,08092262,□は　喜んでいる
08034ABC,table,315,claimed,dialogue,,,08092274,ファッハッハッハ！　
08034AC0,table,315,claimed,dialogue,,,0809228A,ギャハハハハー！　
08034AC4,table,315,claimed,dialogue,,,0809229E,ケケケケケ！　
08034AC8,table,315,claimed,dialogue,,,080922AE,クックックック！　
08034ACC,table,315,claimed,dialogue,,,080922C2,なめたまねを！
08034AD0,table,315,claimed,dialogue,,,080922D2,そんなに　なめてもらっちゃ/悪りィなあ………··ついでに　俺のケツでもな
08034AD4,table,315,claimed,dialogue,,,08092322,オイラをパープーと/思ってんだろ！
08034AD8,table,315,claimed,dialogue,,,08092346,□は/うなっている
08034ADC,table,315,claimed,dialogue,,,0809235A,まあ　こっち　来いや
08034AE0,table,315,claimed,dialogue,,,08092370,人の子よー/こっちに来るんだあ！
08034AE4,table,315,claimed,dialogue,,,08092392,こっちに　カモーン
08034AE8,table,315,claimed,dialogue,,,080923A6,·□は/手まねきをしている
08034AEC,table,315,claimed,dialogue,,,080923C2,見えすいた事を！
08034AF0,table,315,claimed,dialogue,,,080923D4,チッチッチ　ウソはイケねェなあ/ブラザー
08034AF4,table,315,claimed,dialogue,,,080923FE,それって　ウソじゃんけー
08034AF8,table,315,claimed,dialogue,,,08092418,ウソヲツケ！
08034AFC,table,315,claimed,dialogue,,,08092426,むふふ　物分かりのいい………
08034B00,table,315,claimed,dialogue,,,08092444,ケッ　話のうまい奴だぜ！
08034B04,table,315,claimed,dialogue,,,0809245E,そーだよナ！
08034B08,table,315,claimed,dialogue,,,0809246C,フッフッフッ………
08034B0C,table,315,claimed,dialogue,,,08092480,話し合いたいなら/ガンを　置くのが礼儀じゃぞい
08034B10,table,315,claimed,dialogue,,,080924B0,まずは　その　ぶっそうなモン/外してからだな！
08034B14,table,315,claimed,dialogue,,,080924B0,まずは　その　ぶっそうなモン/外してからだな！
08034B18,table,315,claimed,dialogue,,,080924E0,ガンヲ　置ケ　ソレカラダ
08034B1C,table,315,claimed,dialogue,,,080924FA,一体　何者だ？
08034B20,table,315,claimed,dialogue,,,0809250A,どこの何様だ？
08034B24,table,315,claimed,dialogue,,,0809251A,アンタ誰？
08034B28,table,315,claimed,dialogue,,,08092526,何者……カ？
08034B2C,table,315,claimed,dialogue,,,08092534,一族を　敵に回せと？
08034B30,table,315,claimed,dialogue,,,0809254A,魔王を裏切れと　言うのか？
08034B34,table,315,claimed,dialogue,,,08092566,□の仲魔を　裏切ってか？
08034B38,table,315,claimed,dialogue,,,08092580,一族ガ　許スマイ
08034B3C,table,315,claimed,dialogue,,,08092592,どうも　お前の言葉は/信じられん
08034B40,table,315,claimed,dialogue,,,080925B4,うっそでー　信用できないね！
08034B44,table,315,claimed,dialogue,,,080925B4,うっそでー　信用できないね！
08034B48,table,315,claimed,dialogue,,,080925D2,□は/警戒している
08034B4C,table,315,claimed,dialogue,,,080925E6,素直なヤツだ/今どき珍しいわい………
08034B50,table,315,claimed,dialogue,,,0809260C,バカ正直な　野郎だぜ！
08034B54,table,315,claimed,dialogue,,,08092624,正直モンは　バカ見るぜー！
08034B58,table,315,claimed,dialogue,,,08092640,素直ダナ………
08034B5C,table,315,claimed,dialogue,,,08092650,貢ぎ物を　捧げるのじゃあ
08034B60,table,315,claimed,dialogue,,,0809266A,俺サマに　従いな！
08034B64,table,315,claimed,dialogue,,,0809267E,何かクレよー！
08034B68,table,315,claimed,dialogue,,,0809268E,ミツグノダ！
08034B6C,table,315,claimed,dialogue,,,0809269C,知らんのお
08034B70,table,315,claimed,dialogue,,,080926A8,ケッ　知らねェなあ
08034B74,table,315,claimed,dialogue,,,080926BC,知らんポーン
08034B78,table,315,claimed,dialogue,,,080926CA,□は/首をかしげている
08034B7C,table,315,claimed,dialogue,,,080926E2,知ってるぞ！　
08034B80,table,315,claimed,dialogue,,,080926E2,知ってるぞ！　
08034B84,table,315,claimed,dialogue,,,080926F2,あー　知ってるー　
08034B88,table,315,claimed,dialogue,,,08092706,シッテル　
08034B8C,table,315,claimed,dialogue,,,08092712,お願いだ　頼む………
08034B90,table,315,claimed,dialogue,,,08092728,頼むぜ　だんなぁ！/この通りだ！
08034B94,table,315,claimed,dialogue,,,0809274A,お願いだよー/頼むよアニキィ………
08034B98,table,315,claimed,dialogue,,,0809276E,タノム……
08034B9C,table,315,claimed,dialogue,,,0809277A,やはり　仲魔は裏切れん/無かった事にしてくれ！
08034BA0,table,315,claimed,dialogue,,,080927AA,気が変わったゼ··やっぱ　人間何ぞとつるむのは/やめとくわ！　悪りィな！
08034BA4,table,315,claimed,dialogue,,,080927F4,やっぱ　やーんぴッ！··悪いケド　□の仲魔のほーが/ずうぅっと　大事だし
08034BA8,table,315,claimed,dialogue,,,08092840,スマヌ！·/ヤハリ　ナカマ　ウラギレナイ··□は/気が変わった様だ
08034BAC,table,315,claimed,dialogue,,,08092884,な…·…·…·仲魔が！！　
08034BB0,table,315,claimed,dialogue,,,08092884,な…·…·…·仲魔が！！　
08034BB4,table,315,claimed,dialogue,,,08092884,な…·…·…·仲魔が！！　
08034BB8,table,315,claimed,dialogue,,,080928A0,□ノ/ナカマガ！！
08034BBC,table,315,claimed,dialogue,,,080928B4,他に　/
08034BC0,table,315,claimed,dialogue,,,080928B4,他に　/
08034BC4,table,315,claimed,dialogue,,,080928B4,他に　/
08034BC8,table,315,claimed,dialogue,,,080928BE,他ニ　/
08034BCC,table,315,claimed,dialogue,,,080928C8,もう　/
08034BD0,table,315,claimed,dialogue,,,080928C8,もう　/
08034BD4,table,315,claimed,dialogue,,,080928C8,もう　/
08034BD8,table,315,claimed,dialogue,,,080928D2,モウ　/
08034BDC,table,315,claimed,dialogue,,,080928DC,すまんが　/
08034BE0,table,315,claimed,dialogue,,,080928EA,悪りィが　/
08034BE4,table,315,claimed,dialogue,,,080928F8,悪いケド　/
08034BE8,table,315,claimed,dialogue,,,08092906,アイニク　/
08034BEC,table,315,claimed,dialogue,,,08092914,ならば　/
08034BF0,table,315,claimed,dialogue,,,08092914,ならば　/
08034BF4,table,315,claimed,dialogue,,,08092920,だったら　/
08034BF8,table,315,claimed,dialogue,,,0809292E,ソレナラ　/
08034BFC,table,315,claimed,dialogue,,,0809293C,代わりに　/
08034C00,table,315,claimed,dialogue,,,0809293C,代わりに　/
08034C04,table,315,claimed,dialogue,,,0809293C,代わりに　/
08034C08,table,315,claimed,dialogue,,,0809294A,代ワリニ　/
08034C0C,table,315,claimed,dialogue,,,08092958,では　さらに　/
08034C10,table,315,claimed,dialogue,,,08092958,では　さらに　/
08034C14,table,315,claimed,dialogue,,,08092958,では　さらに　/
08034C18,table,315,claimed,dialogue,,,0809296A,コンドハ　/
08034C1C,table,315,claimed,dialogue,,,08092978,うーーん！　ええぞ　ええぞぉ！
08034C20,table,315,claimed,dialogue,,,08092998,グオォー　俺の心を狂わすぜえ！
08034C24,table,315,claimed,dialogue,,,080929B8,ヒュウひゅう　イカスぜー！
08034C28,table,315,claimed,dialogue,,,080929D4,ぷろニ　ナレルゾ！
08034C2C,table,315,claimed,dialogue,,,080929E8,やめてくれー　言う事聞くでよー
08034C30,table,315,claimed,dialogue,,,08092A08,げえええ！　ヤメロー！/話し聞いてやるぅ！
08034C34,table,315,claimed,dialogue,,,08092A34,やめれーー！！/は　話せば………/話せばわかるってェー！
08034C38,table,315,claimed,dialogue,,,08092A6E,□は/情けない声を上げた/もう参ったようだ
08034C3C,table,315,claimed,dialogue,,,08092A9A,ワシのような　強い味方が/欲しいんか？
08034C40,table,315,claimed,dialogue,,,08092AC2,要は　俺サマの力を/頼りに来たんだろ？
08034C44,table,315,claimed,dialogue,,,08092AEA,オイラが　いれば/大ブネもしずむ　イズンティッ？
08034C48,table,315,claimed,dialogue,,,08092B1C,我ガ　力ヲ　得タイカ？
08034C4C,table,315,claimed,dialogue,,,08092B34,命がおしいなら
08034C50,table,315,claimed,dialogue,,,08092B34,命がおしいなら
08034C54,table,315,claimed,dialogue,,,08092B44,そんなに言うなら
08034C58,table,315,claimed,dialogue,,,08092B56,命ノ　カワリニ
08034C5C,table,315,claimed,dialogue,,,08092B66,ドゲザしろお！
08034C60,table,315,claimed,dialogue,,,08092B76,ひざまずけー！
08034C64,table,315,claimed,dialogue,,,08092B86,ひーざーまーずーけー！
08034C68,table,315,claimed,dialogue,,,08092B9E,我ヲ　アガメヨ！！
08034C6C,table,315,claimed,dialogue,,,08092BB2,ところで………
08034C70,table,315,claimed,dialogue,,,08092BB2,ところで………
08034C74,table,315,claimed,dialogue,,,08092BB2,ところで………
08034C78,table,315,claimed,dialogue,,,08092BC2,トコロデ………
08034C7C,table,315,claimed,dialogue,,,08092BD2,お前を　狩りたて/気ばらししようか！
08034C80,table,315,claimed,dialogue,,,08092BF8,お前を切り裂き　ハラワタ/つかみ出してやる！/楽しーぜー！
08034C84,table,315,claimed,dialogue,,,08092C34,しょうがねえ/アンタ　バラして　遊ぼーっと！
08034C88,table,315,claimed,dialogue,,,08092C62,オマエヲ　狩ル！
08034C8C,table,315,claimed,dialogue,,,08092C74,ワシは/□□だ/よおく　覚えとけ！
08034C90,table,315,claimed,dialogue,,,08092C98,いいか！　オレは/□□だ/忘れんじゃねえぜ！
08034C94,table,315,claimed,dialogue,,,08092CC6,オイラは/□□だー！/忘れんなよ！
08034C9C,table,27,claimed,dialogue,,,08092D00,よかったのぅ！　何か礼がしたい··さて　どれが望みだ？
08034CA0,table,27,claimed,dialogue,,,08092D38,分った！！　望みを聞く！/だから　もう止めてくれ！··さ　どれがイイんだ
08034CA4,table,27,claimed,dialogue,,,08092D84,オイラ　ファンになっちゃうぜ！··何でも　望み聞いちゃるぅ！
08034CA8,table,27,claimed,dialogue,,,08092DC2,我ガ心ニ　フレタナ…·…·…···望ミヲ　言ウガイイ
08034CAC,table,27,claimed,dialogue,,,08092DF8,本当は　みにくい悪魔だと/思ってるんだろ！
08034CB0,table,27,claimed,dialogue,,,08092DF8,本当は　みにくい悪魔だと/思ってるんだろ！
08034CB4,table,27,claimed,dialogue,,,08092E24,どーせ　オイラは/ケチな下級悪魔さ！
08034CB8,table,27,claimed,dialogue,,,08092E4A,□　ミニクイ……/ソウダロ？
08034CBC,table,27,claimed,dialogue,,,08092E68,いい　食いっぷりだな
08034CC0,table,27,claimed,dialogue,,,08092E68,いい　食いっぷりだな
08034CC4,table,27,claimed,dialogue,,,08092E68,いい　食いっぷりだな
08034CC8,table,27,claimed,dialogue,,,08092E68,いい　食いっぷりだな
08034CCC,table,27,claimed,dialogue,,,08092E68,いい　食いっぷりだな
08034CD0,table,27,claimed,dialogue,,,08092E68,いい　食いっぷりだな
08034CD4,table,27,claimed,dialogue,,,08092E7E,すげえ！/いぶくろ　ブラックホール？
08034CD8,table,27,claimed,dialogue,,,08092EA4,太ルゾ………
08034CDC,table,27,claimed,dialogue,,,08092EB2,見かけ倒しだのお
08034CE0,table,27,claimed,dialogue,,,08092EC4,大したコトねーなあ
08034CE4,table,27,claimed,dialogue,,,08092EC4,大したコトねーなあ
08034CE8,table,27,claimed,dialogue,,,08092ED8,鼻で笑っている
08034CEC,table,27,claimed,dialogue,,,08092EE8,やるのお
08034CF0,table,27,claimed,dialogue,,,08092EF2,ヤルじゃねーか！
08034CF4,table,27,claimed,dialogue,,,08092F04,すげー！
08034CF8,table,27,claimed,dialogue,,,08092F0E,□も/コーフンしてきた
08034CFC,table,27,claimed,dialogue,,,08092F26,ワシが　怖いのか？
08034D00,table,27,claimed,dialogue,,,08092F3A,俺様が　怖いか？
08034D04,table,27,claimed,dialogue,,,08092F4C,こぉんなに　プリチーなのにィ··オイラが　怖いのかぁ？
08034D0C,table,179,claimed,dialogue,,,08092F92,これを　砕いてみろ
08034D10,table,179,claimed,dialogue,,,08092FA6,こいつは　ちと　かたいぜ
08034D14,table,179,claimed,dialogue,,,08092FC0,アンタの頭と/どっちがかたいかなあ？
08034D18,table,179,claimed,dialogue,,,08092FE6,コレ　砕イテミロ！
08034D1C,table,179,claimed,dialogue,,,08092FFA,フゥ………これで　ひと安心
08034D20,table,179,claimed,dialogue,,,08092FFA,フゥ………これで　ひと安心
08034D24,table,179,claimed,dialogue,,,08093016,よかった
08034D28,table,179,claimed,dialogue,,,08093020,フウ………/□は/　ため息をついた
08034D2C,table,179,claimed,dialogue,,,08093044,ヴァジュラ石が/砕けるわけないわ！/
08034D30,table,179,claimed,dialogue,,,0809306A,ダイアモンドが/砕けるワケないだろ！
08034D34,table,179,claimed,dialogue,,,0809306A,ダイアモンドが/砕けるワケないだろ！
08034D38,table,179,claimed,dialogue,,,08093090,馬鹿メ………
08034D3C,table,179,claimed,dialogue,,,0809309E,ほう　無視するとは/いい度胸だ！
08034D40,table,179,claimed,dialogue,,,0809309E,ほう　無視するとは/いい度胸だ！
08034D44,table,179,claimed,dialogue,,,080930C0,オイラを　シカトかい？/ナイス度胸　してやがるぜー！
08034D48,table,179,claimed,dialogue,,,080930F6,ムシスルノカ！
08034D4C,table,179,claimed,dialogue,,,08093106,よかよか　
08034D50,table,179,claimed,dialogue,,,08093112,かの　名を言うも　はばかれる/いと強き魔王に　栄光あれ！！
08034D54,table,179,claimed,dialogue,,,0809314E,ヒーホー！　
08034D58,table,179,claimed,dialogue,,,0809315C,□は/喜んでいる
08034D5C,table,179,claimed,dialogue,,,0809316E,フンガー！　
08034D60,table,179,claimed,dialogue,,,0809317C,かわいくねェなー！　
08034D64,table,179,claimed,dialogue,,,08093192,キーホー！　
08034D68,table,179,claimed,dialogue,,,080931A0,□は/低くうなっている　
08034D6C,table,179,claimed,dialogue,,,080931BA,そりゃそうだ/だが　お前と居たら/面白くなるかも知れんな
08034D70,table,179,claimed,dialogue,,,080931BA,そりゃそうだ/だが　お前と居たら/面白くなるかも知れんな
08034D74,table,179,claimed,dialogue,,,080931F4,でも　アンタと一緒なら/オモロクなりそー！
08034D78,table,179,claimed,dialogue,,,08093220,□は　しぶしぶ/·の後に従った
08034D7C,table,179,claimed,dialogue,,,08093240,ワシに　何か用か？
08034D80,table,179,claimed,dialogue,,,08093254,人間ごときが　何か用か！
08034D84,table,179,claimed,dialogue,,,0809326E,人間サマが　オイラに用かよ？
08034D88,table,179,claimed,dialogue,,,0809328C,……何ノ　ヨウダ？
08034D8C,table,179,claimed,dialogue,,,080932A0,地上じゃあ/ワシらはどうせ　長くない…·…·…··/·悲しい□さ
08034D90,table,179,claimed,dialogue,,,080932E2,人間には　メシアン支配の··ウラが　分かんねェのさ！
08034D94,table,179,claimed,dialogue,,,08093318,世の中しけてんぜー··オイラ　グレちゃう
08034D98,table,179,claimed,dialogue,,,08093342,ドコイッテモ/□ハ　オワレル
08034D9C,table,179,claimed,dialogue,,,08093360,すべては　運命のまま………
08034DA0,table,179,claimed,dialogue,,,0809337C,天使どもの　インボーだぜ/これは！
08034DA4,table,179,claimed,dialogue,,,080933A0,テンプルナイトって/ヤな奴でさー
08034DA8,table,179,claimed,dialogue,,,080933C2,我ラガ強イ上/自由ヲ求メルカラダ
08034DAC,table,179,claimed,dialogue,,,080933E4,そうだ/逆らう気など　起こすなよ！
08034DB0,table,179,claimed,dialogue,,,08093408,人間は俺たちに仕える奴隷だ！
08034DB4,table,179,claimed,dialogue,,,08093426,かわいいなー　お前たちは/オイラのペットさ！
08034DB8,table,179,claimed,dialogue,,,08093454,カチクメ………
08034DBC,table,179,claimed,dialogue,,,08093464,非道いぞ！
08034DC0,table,179,claimed,dialogue,,,08093470,返せ！！
08034DC4,table,179,claimed,dialogue,,,0809347A,返してちゃぶだい！
08034DC8,table,179,claimed,dialogue,,,0809348E,カエセー！
08034DCC,table,179,claimed,dialogue,,,0809349A,もっと　やれ/もっとじゃあ
08034DD0,table,179,claimed,dialogue,,,080934B6,まだ　SHOWは/始ったばかりだぜ？
08034DD4,table,179,claimed,dialogue,,,080934DC,アンコールぅ！
08034DD8,table,179,claimed,dialogue,,,080934EC,□は/じっと耳を傾けている··モット！　モット！
08034DDC,table,179,claimed,dialogue,,,0809351E,お前　ワシを殺しに来たのか
08034DE0,table,179,claimed,dialogue,,,0809353A,貴様！　/
08034DE4,table,179,claimed,dialogue,,,08093546,メシアンの手先だな！
08034DE8,table,179,claimed,dialogue,,,0809355C,メシアノ　マワシモノメ！
08034DEC,table,179,claimed,dialogue,,,08093576,イヤなヤツだ！
08034DF0,table,179,claimed,dialogue,,,08093586,ヤな世の中に　ヤなヤロー……/ったく　不幸だぜ！
08034DF4,table,179,claimed,dialogue,,,080935B8,オイラ　不幸だぜ！
08034DF8,table,179,claimed,dialogue,,,080935CC,□ハ/フコウダ………
08034DFC,table,179,claimed,dialogue,,,080935E2,むさくるしいヤツだ！
08034E00,table,179,claimed,dialogue,,,080935F8,ひんそうなツラ　してやがるぜ！
08034E04,table,179,claimed,dialogue,,,08093618,むさい！　くさい！
08034E08,table,179,claimed,dialogue,,,0809362C,ムサクルシイ　ヤツダ……
08034E0C,table,179,claimed,dialogue,,,08093646,ワシゃあ　腹立っとるんだ！/分かるか？
08034E10,table,179,claimed,dialogue,,,0809366E,ムカついてんのが　分かるか？
08034E14,table,179,claimed,dialogue,,,0809368C,イライラー！/ムカムカー！　わっかるぅ？
08034E18,table,179,claimed,dialogue,,,080936B6,□ハ　頭イタイ/ナゼダカ　ワカルカ？
08034E1C,table,179,claimed,dialogue,,,080936DC,分からせてくれるわ！
08034E20,table,179,claimed,dialogue,,,080936DC,分からせてくれるわ！
08034E24,table,179,claimed,dialogue,,,080936F2,分からせてやらあ！
08034E28,table,179,claimed,dialogue,,,08093706,グアアアッ！
08034E2C,table,179,claimed,dialogue,,,08093714,ワシに　構わんでくれい
08034E30,table,179,claimed,dialogue,,,0809372C,構うんじゃねーよ！
08034E34,table,179,claimed,dialogue,,,08093740,ほっといてくれー！
08034E38,table,179,claimed,dialogue,,,08093754,カマウナ
08034E3C,table,179,claimed,dialogue,,,0809375E,ワシはいつも孤独だ/
08034E40,table,179,claimed,dialogue,,,08093774,ああ　俺は孤独だ
08034E44,table,179,claimed,dialogue,,,08093786,オイラ　さびしーんだ/
08034E48,table,179,claimed,dialogue,,,0809379E,□は/さびしそうにしている
08034E4C,table,179,claimed,dialogue,,,080937BA,ジーン………
08034E50,table,179,claimed,dialogue,,,080937C8,俺はモーレツに感動してる……
08034E54,table,179,claimed,dialogue,,,080937E6,うる　うる　うるる………/
08034E58,table,179,claimed,dialogue,,,08093802,□は/感動している
08034E5C,table,179,claimed,dialogue,,,08093816,うおおおおー！/ヘー·ター·クー·ソー！！
08034E60,table,179,claimed,dialogue,,,08093842,ひでぇ歌だぜ　泣けてくるよ
08034E64,table,179,claimed,dialogue,,,0809385E,人殺しー！　いや□殺しー！/やめりー
08034E68,table,179,claimed,dialogue,,,08093884,□は/耳をふせている
08034E6C,table,179,claimed,dialogue,,,0809389A,な…何をするか！
08034E70,table,179,claimed,dialogue,,,0809389A,な…何をするか！
08034E74,table,179,claimed,dialogue,,,080938AC,ああ！　やめれー！
08034E78,table,179,claimed,dialogue,,,080938C0,？　クワ！
08034E7C,table,179,claimed,dialogue,,,080938CC,ちがうか？
08034E80,table,179,claimed,dialogue,,,080938CC,ちがうか？
08034E84,table,179,claimed,dialogue,,,080938CC,ちがうか？
08034E88,table,179,claimed,dialogue,,,080938D8,チガウカ？
08034E8C,table,179,claimed,dialogue,,,080938E4,そうなのか/誠意を　見せてくれ
08034E90,table,179,claimed,dialogue,,,080938E4,そうなのか/誠意を　見せてくれ
08034E94,table,179,claimed,dialogue,,,08093904,そうか/分かるように　して欲しーなー
08034E98,table,179,claimed,dialogue,,,0809392A,ホントカ/証シヲ　示セ………
08034E9C,table,179,claimed,dialogue,,,08093948,こっちが行ってやろう
08034EA0,table,179,claimed,dialogue,,,08093948,こっちが行ってやろう
08034EA4,table,179,claimed,dialogue,,,0809395E,オイラ　そっち行くよん
08034EA8,table,179,claimed,dialogue,,,08093976,意気地ナシガ………/□は/近づいてきた！
08034EAC,table,179,claimed,dialogue,,,080939A0,仲魔が　いらんとは　強気だな
08034EB0,table,179,claimed,dialogue,,,080939A0,仲魔が　いらんとは　強気だな
08034EB4,table,179,claimed,dialogue,,,080939BE,せっかく　ステデーな仲に/なれると　思ったのにナ
08034EB8,table,179,claimed,dialogue,,,080939F0,□は/不満そうだ
08034EBC,table,179,claimed,dialogue,,,08093A02,話が　できるな
08034EC0,table,179,claimed,dialogue,,,08093A12,話せるぜ
08034EC4,table,179,claimed,dialogue,,,08093A1C,話せるね
08034EC8,table,179,claimed,dialogue,,,08093A26,コレデ　話デキルナ
08034ECC,table,179,claimed,dialogue,,,08093A3A,ワケの分らんコトを/グチャグチャ言うな！
08034ED0,table,179,claimed,dialogue,,,08093A3A,ワケの分らんコトを/グチャグチャ言うな！
08034ED4,table,179,claimed,dialogue,,,08093A64,ホエッ？/わかんなーい！
08034ED8,table,179,claimed,dialogue,,,08093A7E,支離滅裂ナリ！
08034EDC,table,179,claimed,dialogue,,,08093A8E,まだまだじゃの
08034EE0,table,179,claimed,dialogue,,,08093A9E,ノリが悪ィぜ！
08034EE4,table,179,claimed,dialogue,,,08093A9E,ノリが悪ィぜ！
08034EE8,table,179,claimed,dialogue,,,08093AAE,ツカエンヤツメ！
08034EEC,table,179,claimed,dialogue,,,08093AC0,今日は　楽しかったわい
08034EF0,table,179,claimed,dialogue,,,08093AD8,ひさしぶりに　血がさわいだぜ！
08034EF4,table,179,claimed,dialogue,,,08093AF8,ヒーホー！　サイコー！
08034EF8,table,179,claimed,dialogue,,,08093B10,□は/十分楽しんだ
08034EFC,table,179,claimed,dialogue,,,08093B24,わしゃ　つまらんわい！
08034F00,table,179,claimed,dialogue,,,08093B3C,俺様を無視すんなー！
08034F04,table,179,claimed,dialogue,,,08093B52,チェッ！/□とばーッか！··あー　つっまぁーーんないィ！
08034F08,table,179,claimed,dialogue,,,08093B8C,コッチトハ　話サナイノカ？
08034F0C,table,179,claimed,dialogue,,,08093BA8,じゃから　/
08034F10,table,179,claimed,dialogue,,,08093BB6,だから　/
08034F14,table,179,claimed,dialogue,,,08093BB6,だから　/
08034F18,table,179,claimed,dialogue,,,08093BC2,ユエ　/
08034F1C,table,179,claimed,dialogue,,,08093BCC,何かの　足しにしてくれ
08034F20,table,179,claimed,dialogue,,,08093BCC,何かの　足しにしてくれ
08034F24,table,179,claimed,dialogue,,,08093BE4,ファンなんだ！/オイラだと思って/使ってちょーだい！
08034F28,table,179,claimed,dialogue,,,08093C1A,大好キ！/コレ　ヤル
08034F2C,table,179,claimed,dialogue,,,08093C34,正義の味方のつもりか？
08034F30,table,179,claimed,dialogue,,,08093C4C,正義の味方·マン/……ってな　つもりか？··お前かなり　頭あったけェだろ
08034F34,table,179,claimed,dialogue,,,08093C98,ヒーローなんだって？··かあっちょいいー！
08034F38,table,179,claimed,dialogue,,,08093CC4,人間ヲ　救エルダト？
08034F3C,table,179,claimed,dialogue,,,08093CDA,おめでたいヤツめ！
08034F40,table,179,claimed,dialogue,,,08093CEE,お前　ノーミソあったけェゾ！
08034F44,table,179,claimed,dialogue,,,08093D0C,じゃあ/オイラは/□イエローだ！
08034F48,table,179,claimed,dialogue,,,08093D2E,笑ウゾ………
08034F4C,table,179,claimed,dialogue,,,08093D3C,せいぜい　ガンバってくれい
08034F50,table,179,claimed,dialogue,,,08093D3C,せいぜい　ガンバってくれい
08034F54,table,179,claimed,dialogue,,,08093D3C,せいぜい　ガンバってくれい
08034F58,table,179,claimed,dialogue,,,08093D58,有言実行
08034F5C,table,179,claimed,dialogue,,,08093D62,今の自分に　満足してないのか？
08034F60,table,179,claimed,dialogue,,,08093D62,今の自分に　満足してないのか？
08034F64,table,179,claimed,dialogue,,,08093D82,レベルアップしたい？
08034F68,table,179,claimed,dialogue,,,08093D98,強サヲ　求メルカ？
08034F6C,table,179,claimed,dialogue,,,08093DAC,ワシの首が　目当てか？
08034F70,table,179,claimed,dialogue,,,08093DC4,オレを　殺りに　来たのか？
08034F74,table,179,claimed,dialogue,,,08093DE0,オイラを殺して/レベルアップする気だろ！
08034F78,table,179,claimed,dialogue,,,08093E0A,ハンティングカ？
08034F7C,table,179,claimed,dialogue,,,08093E1C,ワシを　倒してみろ！
08034F80,table,179,claimed,dialogue,,,08093E32,俺様を　倒してみろ！
08034F84,table,179,claimed,dialogue,,,08093E48,俺の　屍を乗りこえて行け！·/ああ　オイラ　カッコいい………
08034F88,table,179,claimed,dialogue,,,08093E86,弱キハ　滅ビン！
08034F8C,table,179,claimed,dialogue,,,08093E98,ワシの一族が/やっかいになったようで
08034F90,table,179,claimed,dialogue,,,08093EBE,仲魔が/世話になったみてぇだな
08034F94,table,179,claimed,dialogue,,,08093EDE,毎度お世話に　なってます
08034F98,table,179,claimed,dialogue,,,08093EF8,□ガ/セワニナッタナ
08034F9C,table,179,claimed,dialogue,,,08093F0E,どうだ？/ワシも　世話してくれんか？
08034FA0,table,179,claimed,dialogue,,,08093F34,ついでに　俺も頼むゼ！
08034FA4,table,179,claimed,dialogue,,,08093F4C,オイラも　いかがぁ？
08034FA8,table,179,claimed,dialogue,,,08093F62,我モ　頼ム………
08034FAC,table,179,claimed,dialogue,,,08093F74,ああ　そうかい　/
08034FB0,table,179,claimed,dialogue,,,08093F88,ケッ　そうかよ　/
08034FB4,table,179,claimed,dialogue,,,08093F9C,ちぇっ！　そうなの　/
08034FB8,table,179,claimed,dialogue,,,08093FB4,ファーア………　/
08034FBC,table,179,claimed,dialogue,,,08093FC8,ワシが　面倒　見てやろう
08034FC0,table,179,claimed,dialogue,,,08093FE2,俺様に任せろって！
08034FC4,table,179,claimed,dialogue,,,08093FF6,オイラが　育てちゃる！
08034FC8,table,179,claimed,dialogue,,,0809400E,□ニ/マカセロ！
08034FCC,table,179,claimed,dialogue,,,08094020,あー　何だってェ？
08034FD0,table,179,claimed,dialogue,,,08094020,あー　何だってェ？
08034FD4,table,179,claimed,dialogue,,,08094034,ナニ言ってんの？
08034FDC,table,111,claimed,dialogue,,,0809404E,近寄るなあ！
08034FE0,table,111,claimed,dialogue,,,0809404E,近寄るなあ！
08034FE4,table,111,claimed,dialogue,,,0809405C,こないでえ！
08034FE8,table,111,claimed,dialogue,,,0809406A,□は/うなりを上げ後ずさった
08034FEC,table,111,claimed,dialogue,,,08094088,ウリャアッ！
08034FF0,table,111,claimed,dialogue,,,08094096,ダーッ！
08034FF4,table,111,claimed,dialogue,,,080940A0,ヒャホーッ！
08034FF8,table,111,claimed,dialogue,,,080940AE,グワァオ！！
08034FFC,table,111,claimed,dialogue,,,080940BC,やるでは　ないか
08035000,table,111,claimed,dialogue,,,080940CE,いい根性　してやがるぜぇ
08035004,table,111,claimed,dialogue,,,080940E8,いい根性/すなわち　グッド根性ーっ！
08035008,table,111,claimed,dialogue,,,0809410E,イイ度胸ダ……
0803500C,table,111,claimed,dialogue,,,0809411E,みんな　お前にやられた/
08035010,table,111,claimed,dialogue,,,08094138,デビルバスターめ！
08035014,table,111,claimed,dialogue,,,08094138,デビルバスターめ！
08035018,table,111,claimed,dialogue,,,0809414C,オマエ　敵ダ！
0803501C,table,111,claimed,dialogue,,,0809415C,あんた　強いんだろ？
08035020,table,111,claimed,dialogue,,,0809415C,あんた　強いんだろ？
08035024,table,111,claimed,dialogue,,,08094172,つえーんだろ　兄貴ぃ？
08035028,table,111,claimed,dialogue,,,0809418A,オマエ　強イノカ？
0803502C,table,111,claimed,dialogue,,,0809419E,そっち行っても　いいか？
08035030,table,111,claimed,dialogue,,,0809419E,そっち行っても　いいか？
08035034,table,111,claimed,dialogue,,,080941B8,そばに行っても　イイ？
08035038,table,111,claimed,dialogue,,,080941D0,□は/近づいてきた/そのままにしますか？
0803503C,table,111,claimed,dialogue,,,080941FA,似てるぞ　似てるぞ
08035040,table,111,claimed,dialogue,,,080941FA,似てるぞ　似てるぞ
08035044,table,111,claimed,dialogue,,,080941FA,似てるぞ　似てるぞ
08035048,table,111,claimed,dialogue,,,080941FA,似てるぞ　似てるぞ
0803504C,table,111,claimed,dialogue,,,080941FA,似てるぞ　似てるぞ
08035050,table,111,claimed,dialogue,,,0809420E,ニテルゼー
08035054,table,111,claimed,dialogue,,,0809420E,ニテルゼー
08035058,table,111,claimed,dialogue,,,0809420E,ニテルゼー
0803505C,table,111,claimed,dialogue,,,0809421A,お前が　メシア様ってワケか？
08035060,table,111,claimed,dialogue,,,0809421A,お前が　メシア様ってワケか？
08035064,table,111,claimed,dialogue,,,08094238,ははぁ　アンタが　メシア様
08035068,table,111,claimed,dialogue,,,08094254,救世主ナノカ？
0803506C,table,111,claimed,dialogue,,,08094264,探しものは　イキのいい魂だ！
08035070,table,111,claimed,dialogue,,,08094264,探しものは　イキのいい魂だ！
08035074,table,111,claimed,dialogue,,,08094282,ギャーハハハ！　魂をよこせ/契約書にサインしたぞ！
08035078,table,111,claimed,dialogue,,,080942B6,□の身体が/突然はね上がった！
0803507C,table,111,claimed,dialogue,,,080942D6,笑わせるな！
08035080,table,111,claimed,dialogue,,,080942E4,調子くれてんじゃねえ！
08035084,table,111,claimed,dialogue,,,080942FC,ウケケ　かあっこいー！
08035088,table,111,claimed,dialogue,,,08094314,□の/はな息が荒くなった
0803508C,table,111,claimed,dialogue,,,0809432E,ぬぬー/
08035090,table,111,claimed,dialogue,,,08094338,ケッ　/
08035094,table,111,claimed,dialogue,,,08094342,およよ！　/
08035098,table,111,claimed,dialogue,,,08094350,□は/うなっている
0803509C,table,111,claimed,dialogue,,,08094364,ちょうどいい··探しものがあるのだ/手伝ってくれ
080350A0,table,111,claimed,dialogue,,,08094364,ちょうどいい··探しものがあるのだ/手伝ってくれ
080350A4,table,111,claimed,dialogue,,,08094396,あんたの　ファンなんだ··サインしてくれー！
080350A8,table,111,claimed,dialogue,,,080943C4,□は/その場に倒れ込んだ··みてやりますか？
080350AC,table,111,claimed,dialogue,,,080943F2,待て　怒るこたぁない
080350B0,table,111,claimed,dialogue,,,08094408,ま　そんなに　怒んなよ
080350B4,table,111,claimed,dialogue,,,08094408,ま　そんなに　怒んなよ
080350B8,table,111,claimed,dialogue,,,08094420,ソンナニ　怒ルナ………
080350BC,table,111,claimed,dialogue,,,08094438,頼む　もう許してくれ
080350C0,table,111,claimed,dialogue,,,08094438,頼む　もう許してくれ
080350C4,table,111,claimed,dialogue,,,08094438,頼む　もう許してくれ
080350C8,table,111,claimed,dialogue,,,08094438,頼む　もう許してくれ
080350CC,table,111,claimed,dialogue,,,08094438,頼む　もう許してくれ
080350D0,table,111,claimed,dialogue,,,08094438,頼む　もう許してくれ
080350D4,table,111,claimed,dialogue,,,08094438,頼む　もう許してくれ
080350D8,table,111,claimed,dialogue,,,08094438,頼む　もう許してくれ
080350DC,table,111,claimed,dialogue,,,08094438,頼む　もう許してくれ
080350E0,table,111,claimed,dialogue,,,08094438,頼む　もう許してくれ
080350E4,table,111,claimed,dialogue,,,08094438,頼む　もう許してくれ
080350E8,table,111,claimed,dialogue,,,08094438,頼む　もう許してくれ
080350EC,table,111,claimed,dialogue,,,08094438,頼む　もう許してくれ
080350F0,table,111,claimed,dialogue,,,08094438,頼む　もう許してくれ
080350F4,table,111,claimed,dialogue,,,0809444E,頼むよぉ　カンベンしてくれよぉ
080350F8,table,111,claimed,dialogue,,,0809446E,タノム　許シテクレ………
080350FC,table,111,claimed,dialogue,,,08094488,そう思うか？
08035100,table,111,claimed,dialogue,,,08094488,そう思うか？
08035104,table,111,claimed,dialogue,,,08094488,そう思うか？
08035108,table,111,claimed,dialogue,,,08094496,ソウ思ウノダナ？
0803510C,table,111,claimed,dialogue,,,080944A8,地獄に　案内してやるぜ！
08035110,table,111,claimed,dialogue,,,080944A8,地獄に　案内してやるぜ！
08035114,table,111,claimed,dialogue,,,080944C2,オイラが　地獄に御案内！
08035118,table,111,claimed,dialogue,,,080944DC,我ハ　地獄案内□！
0803511C,table,111,claimed,dialogue,,,080944F0,人間狩りも　楽しいぞ！
08035120,table,111,claimed,dialogue,,,080944F0,人間狩りも　楽しいぞ！
08035124,table,111,claimed,dialogue,,,08094508,人間狩りが/いっちゃんトレンデー！
08035128,table,111,claimed,dialogue,,,0809452C,我ハ人間狩獣！
0803512C,table,111,claimed,dialogue,,,0809453C,おーい！　ちょっと来いやー
08035130,table,111,claimed,dialogue,,,0809453C,おーい！　ちょっと来いやー
08035134,table,111,claimed,dialogue,,,08094558,ヘーイ！　マイ　ブラザー！
08035138,table,111,claimed,dialogue,,,08094574,□は/一声ほえた！
0803513C,table,111,claimed,dialogue,,,08094588,どうした　道に迷ったか？
08035140,table,111,claimed,dialogue,,,08094588,どうした　道に迷ったか？
08035144,table,111,claimed,dialogue,,,080945A2,アンタ　マイゴー？
08035148,table,111,claimed,dialogue,,,080945B6,道　迷ッタカ？
0803514C,table,111,claimed,dialogue,,,080945C6,この孤独な魂を揺さぶる歌を/歌ってくれ！
08035150,table,111,claimed,dialogue,,,080945C6,この孤独な魂を揺さぶる歌を/歌ってくれ！
08035154,table,111,claimed,dialogue,,,080945F0,心にひびく/歌を聞きたいのよん！
08035158,table,111,claimed,dialogue,,,08094612,歌ヲ　ヤッテクレ
0803515C,table,111,claimed,dialogue,,,08094624,憶病者めが　用などないわ
08035160,table,111,claimed,dialogue,,,08094624,憶病者めが　用などないわ
08035164,table,111,claimed,dialogue,,,0809463E,×ンポ　ついてんのかー？
08035168,table,111,claimed,dialogue,,,08094658,フッ………/□は/けいべつをあらわにしている
0803516C,table,111,claimed,dialogue,,,08094686,これで　安心して
08035170,table,111,claimed,dialogue,,,08094686,これで　安心して
08035174,table,111,claimed,dialogue,,,08094686,これで　安心して
08035178,table,111,claimed,dialogue,,,08094698,□は/ニコリと　笑った
0803517C,table,111,claimed,dialogue,,,080946B0,戦えるな
08035180,table,111,claimed,dialogue,,,080946BA,戦えるぜ
08035184,table,111,claimed,dialogue,,,080946C4,戦えるね
08035188,table,111,claimed,dialogue,,,080946CE,そして　とびかかってきた
0803518C,table,111,claimed,dialogue,,,080946E8,ならば　
08035190,table,111,claimed,dialogue,,,080946E8,ならば　
08035194,table,111,claimed,dialogue,,,080946F2,そんなら　
0803519C,table,9,claimed,dialogue,,,08094706,お主の目！　神がかり者かぁ！
080351A0,table,9,claimed,dialogue,,,08094706,お主の目！　神がかり者かぁ！
080351A4,table,9,claimed,dialogue,,,08094706,お主の目！　神がかり者かぁ！
080351A8,table,9,claimed,dialogue,,,08094706,お主の目！　神がかり者かぁ！
080351AC,table,9,claimed,dialogue,,,08094706,お主の目！　神がかり者かぁ！
080351B0,table,9,claimed,dialogue,,,08094724,スゲー　ガンを/飛ばしてくれンじゃねーか！
080351B4,table,9,claimed,dialogue,,,08094750,…·…·…·…··ポッ·❤︎⁠
080351B8,table,9,claimed,dialogue,,,0809476C,フウ………フウ………/見ルナア………
080351BC,table,9,claimed,dialogue,,,08094792,それで/
080351C4,table,10,claimed,dialogue,,,080947A4,それで/
080351C8,table,10,claimed,dialogue,,,080947AE,ソレデ/
080351CC,table,10,claimed,dialogue,,,080947B8,良かったら　話しを聞いてやろう
080351D0,table,10,claimed,dialogue,,,080947D8,こうなりゃ/話しを聞いてやろーじゃねえか
080351D4,table,10,claimed,dialogue,,,08094802,話し聞いちゃるー
080351D8,table,10,claimed,dialogue,,,08094814,□は/聞く体制に入った
080351DC,table,10,claimed,dialogue,,,0809482C,わしを　仲魔にして/ここから出してくれるのか？
080351E0,table,10,claimed,dialogue,,,0809485C,オヨヨ？/オイラと　話せるってェことは！··アンタ　味方かぁー？
080351E4,table,10,claimed,dialogue,,,0809485C,オヨヨ？/オイラと　話せるってェことは！··アンタ　味方かぁー？
080351E8,table,10,claimed,dialogue,,,0809489E,味方ナノカ？
080351FC,table,36,claimed,dialogue,,,080948B0,なぜ/そうまでして　悪魔を狩る？
08035200,table,36,claimed,dialogue,,,080948B0,なぜ/そうまでして　悪魔を狩る？
08035204,table,36,claimed,dialogue,,,080948D2,なして　アンタ悪魔狩るよ？
08035208,table,36,claimed,dialogue,,,080948EE,ナゼ　でびるはんとスル？
0803520C,table,36,claimed,dialogue,,,08094908,実は　ワシもだ
08035210,table,36,claimed,dialogue,,,08094918,俺もだぜ　ベイビー！
08035214,table,36,claimed,dialogue,,,0809492E,キヒヒ　オイラもさ！
08035218,table,36,claimed,dialogue,,,08094944,□も/迷っているらしい
0803521C,table,36,claimed,dialogue,,,0809495C,何ぞ　面白い事は　無いのか？
08035220,table,36,claimed,dialogue,,,0809497A,血わき肉踊るサバト！··あの感覚　もはや　無いのか？
08035224,table,36,claimed,dialogue,,,080949B0,なんか　面白いコトない？
08035228,table,36,claimed,dialogue,,,080949CA,イイコト　アルノカ？
0803522C,table,36,claimed,dialogue,,,080949E0,にとらん！
08035230,table,36,claimed,dialogue,,,080949EC,ダー！　なってないぜ！
08035234,table,36,claimed,dialogue,,,08094A04,？？/見なかったことにしよー
08035238,table,36,claimed,dialogue,,,08094A22,□は/嫌そうな顔をしている
0803523C,table,36,claimed,dialogue,,,08094A3E,つまらんわい　/
08035240,table,36,claimed,dialogue,,,08094A50,げろげろー/
08035244,table,36,claimed,dialogue,,,08094A5E,つまんねー！/
08035248,table,36,claimed,dialogue,,,08094A6E,□は/あくびをしている
0803524C,table,36,claimed,dialogue,,,08094A86,とっとと去れ！
08035250,table,36,claimed,dialogue,,,08094A96,俺の前から消えろ！
08035254,table,36,claimed,dialogue,,,08094AAA,ベー！/あっち行っちまえ！
08035258,table,36,claimed,dialogue,,,08094AC6,タチサレ！
0803525C,table,36,claimed,dialogue,,,08094AD2,ワシの　手下になりたいのか？
08035260,table,36,claimed,dialogue,,,08094AF0,キシシシ/オレの使い魔になるか？
08035264,table,36,claimed,dialogue,,,08094B12,オイラの/パシリになりたいかぁ？
08035268,table,36,claimed,dialogue,,,08094B34,□は/威嚇している/下手にでますか？
0803526C,table,36,claimed,dialogue,,,0808FF12,お前も死んで　仲魔になろれ！
08035270,table,36,claimed,dialogue,,,0808FF30,あんたも　ナカマにおなりィ！
08035274,table,36,claimed,dialogue,,,0808FF4E,イヤははははあ！
08035278,table,36,claimed,dialogue,,,0808FF60,キャーハハハハ！
0803527C,table,36,claimed,dialogue,,,0808FF72,仲魔は多い方がいいがあ………
08035280,table,36,claimed,dialogue,,,0808FF90,やっぱり　にぎやかな方が/いいわね
08035284,table,36,claimed,dialogue,,,0808FFB4,いだだきだあ
08035288,table,36,claimed,dialogue,,,0808FFC2,イケーイケー！
08035290,table,4,claimed,dialogue,,,0808FFDA,さぁ　何してるの？
08035294,table,4,claimed,dialogue,,,0808FFEE,じゃあ　ごっぢがら行っでやぐよ
08035298,table,4,claimed,dialogue,,,0809000E,ぐずぐずしないで
0803529C,table,4,claimed,dialogue,,,08090020,ぞうだろうな
080352AC,table,579,claimed,dialogue,,,0809003E,不死身の身体に　なでぃたいか？
080352B0,table,579,claimed,dialogue,,,0809005E,あたしが　欲しくない？
080352B4,table,579,claimed,dialogue,,,08090076,じゃあ　ごっぢにごいよお
080352B8,table,579,claimed,dialogue,,,08090090,じゃ　こっち　いらっしゃーイ❤︎⁠
080352BC,table,579,claimed,dialogue,,,080900B0,ぢょっといだいぞ！
080352C0,table,579,claimed,dialogue,,,080900C4,んー　ガマンできない！
080352C4,table,579,claimed,dialogue,,,080900DC,そおいうなああ！
080352C8,table,579,claimed,dialogue,,,080900EE,もぉ　つれないじゃない！
080352CC,table,579,claimed,dialogue,,,08090108,苦じいーこの苦じみ分るがあ
080352D0,table,579,claimed,dialogue,,,08090124,あたし　みにくくない？
080352D4,table,579,claimed,dialogue,,,0809013C,せめて□MAGでも/くでよお
080352D8,table,579,claimed,dialogue,,,0809015A,じゃあ　□MAG/くれるわよね
080352DC,table,579,claimed,dialogue,,,0809017A,ありがてえ
080352E0,table,579,claimed,dialogue,,,08090186,うれしいわ
080352E4,table,579,claimed,dialogue,,,08090192,苦しいー！
080352E8,table,579,claimed,dialogue,,,08090192,苦しいー！
080352EC,table,579,claimed,dialogue,,,0809019E,お前にも分がらぜでやズうぅぅ
080352F0,table,579,claimed,dialogue,,,080901BC,あんたも　こうなるのよー！
080352F4,table,579,claimed,dialogue,,,080901D8,じゃあ　成仏させでぐでえ！
080352F8,table,579,claimed,dialogue,,,080901F4,じゃあ　キレイなうちに殺して！
080352FC,table,579,claimed,dialogue,,,08090214,一緒に踊どうぜえ……/死のダンスをよお……
08035300,table,579,claimed,dialogue,,,08090240,ねぇ　昔みたいに　踊らない？
08035304,table,579,claimed,dialogue,,,0809025E,踊で　踊で！
08035308,table,579,claimed,dialogue,,,0809026C,イケイケー！
0803530C,table,579,claimed,dialogue,,,0809027A,ごでをやるがらよ　もういいぜえ
08035310,table,579,claimed,dialogue,,,0809029A,思い出を　ありがとう
08035314,table,579,claimed,dialogue,,,080902B0,ノリが悪いぞあ
08035318,table,579,claimed,dialogue,,,080902C0,ノリが悪いー！
0803531C,table,579,claimed,dialogue,,,080902D0,食いたいんだよお
08035320,table,579,claimed,dialogue,,,080902E2,食べたいほど好きよ❤︎⁠
08035324,table,579,claimed,dialogue,,,080902F8,ざぜるがあ！
08035328,table,579,claimed,dialogue,,,08090306,ヤメテー！
0803532C,table,579,claimed,dialogue,,,08090312,ざぜでぐでえ！
08035330,table,579,claimed,dialogue,,,08090322,してしてー！
08035334,table,579,claimed,dialogue,,,08090330,むぐむぐ………生きてたころは/良かったよなああ
08035338,table,579,claimed,dialogue,,,08090360,ああ………あの店で……/もう一度　あの人と………
0803533C,table,579,claimed,dialogue,,,08090392,おでは生ぎた肉を/ぐいてえんだあ！
08035340,table,579,claimed,dialogue,,,080903B6,あんたの肉が　食べたいのよお！
08035344,table,579,claimed,dialogue,,,080903D6,ぐうう………おでは……/何づコト　しようと……/すまながったあ……/こで
08035348,table,579,claimed,dialogue,,,08090438,あぁ　だめ………あたしには/できない/これを持って………/もう　ほうっと
0803534C,table,579,claimed,dialogue,,,08077D00,武器屋：/いらっしゃい
08035350,table,579,claimed,dialogue,,,08077D18,何をお買い上げで？　　　　　　
08035354,table,579,claimed,dialogue,,,08077D38,買いとれる物が　ないねえ/何か品物を　持って来て下さいよ
08035358,table,579,claimed,dialogue,,,08077D72,何か売っていただけるんで？　　
0803535C,table,579,claimed,dialogue,,,08077DA8,いくつにするかね？　　　　　　
08035360,table,579,claimed,dialogue,,,08077DA8,いくつにするかね？　　　　　　
08035364,table,579,claimed,dialogue,,,08077D92,毎度あり　またどうぞ
08035368,table,579,claimed,dialogue,,,08077DC8,装備できないが　いいかね？
0803536C,table,579,claimed,dialogue,,,08077DE4,すぐに装備するかね？
08035370,table,579,claimed,dialogue,,,08077DFA,お代が　足らないよ
08035374,table,579,claimed,dialogue,,,08077E0E,それ以上　持てないよ
08035378,table,579,claimed,dialogue,,,08077E24,そんなに　ћ　を　持てないよ
0803537C,table,579,claimed,dialogue,,,08077E42,□は/ћ□になるが/いいかね？
08035380,table,579,claimed,dialogue,,,08077E62,□は/ћ□になるが/いいかね？
08035384,table,579,claimed,dialogue,,,08077E82,防具屋：/あーら　いらっしゃい
08035388,table,579,claimed,dialogue,,,08077EA2,何をお買い上げかしらぁ？　　　
0803538C,table,579,claimed,dialogue,,,08077EC2,買いとれる品物がないわねぇ··品物を持ってきてねぇ
08035390,table,579,claimed,dialogue,,,08077EF6,何を売ってくれるのかしらぁ？　
08035394,table,579,claimed,dialogue,,,08077F74,いくつにするのかしらぁ？　　　
08035398,table,579,claimed,dialogue,,,08077F74,いくつにするのかしらぁ？　　　
0803539C,table,579,claimed,dialogue,,,08077F16,ありがと　また　いらしてねぇ
080353A0,table,579,claimed,dialogue,,,08077F94,装備できないけど/いいのかしらぁ？
080353A4,table,579,claimed,dialogue,,,08077FB8,すぐに装備するかしらぁ？
080353A8,table,579,claimed,dialogue,,,08077FD2,ћ　が　足らないわねぇ
080353AC,table,579,claimed,dialogue,,,08077FEA,それ以上　持てないわよ
080353B0,table,579,claimed,dialogue,,,08078002,そんなに　ћ　を　持てないわよ
080353B4,table,579,claimed,dialogue,,,08078022,□は/ћ□　になるけど/いいのかしらぁ？
080353B8,table,579,claimed,dialogue,,,0807804C,□は/ћ□になるけど/いいのかしらぁ？
080353BC,table,579,claimed,dialogue,,,08078074,ジャンク屋：/あんた客かい
080353C0,table,579,claimed,dialogue,,,08078090,何を買うんだい？　　　　　　　
080353C4,table,579,claimed,dialogue,,,080780B0,買いとれる品物がない··品物を持ってこい
080353C8,table,579,claimed,dialogue,,,080780DA,何を売ってくれるんだい？　　　
080353CC,table,579,claimed,dialogue,,,0807813E,いくつにするんだ？　　　　　　
080353D0,table,579,claimed,dialogue,,,0807813E,いくつにするんだ？　　　　　　
080353D4,table,579,claimed,dialogue,,,080780FA,毎度どうも
080353D8,table,579,claimed,dialogue,,,0807815E,装備できないがいいか？
080353DC,table,579,claimed,dialogue,,,08078176,すぐに装備するか？
080353E0,table,579,claimed,dialogue,,,0807818A,ћ　が　足らないな
080353E4,table,579,claimed,dialogue,,,0807819E,それ以上　持てないぜ
080353E8,table,579,claimed,dialogue,,,080781B4,そんなに　ћ　を　持てないぜ
080353EC,table,579,claimed,dialogue,,,080781D2,□は/ћ□　になるけど/いいのか？
080353F0,table,579,claimed,dialogue,,,080781F6,□は/ћ□になるけど/いいのか？
080353F4,table,579,claimed,dialogue,,,08077D00,武器屋：/いらっしゃい
080353F8,table,579,claimed,dialogue,,,08077D18,何をお買い上げで？　　　　　　
080353FC,table,579,claimed,dialogue,,,08077D38,買いとれる物が　ないねえ/何か品物を　持って来て下さいよ
08035400,table,579,claimed,dialogue,,,08077D72,何か売っていただけるんで？　　
08035404,table,579,claimed,dialogue,,,08077DA8,いくつにするかね？　　　　　　
08035408,table,579,claimed,dialogue,,,08077DA8,いくつにするかね？　　　　　　
0803540C,table,579,claimed,dialogue,,,08077D92,毎度あり　またどうぞ
08035410,table,579,claimed,dialogue,,,08077DC8,装備できないが　いいかね？
08035414,table,579,claimed,dialogue,,,08077DE4,すぐに装備するかね？
08035418,table,579,claimed,dialogue,,,08077DFA,お代が　足らないよ
0803541C,table,579,claimed,dialogue,,,08077E0E,それ以上　持てないよ
08035420,table,579,claimed,dialogue,,,08077E24,そんなに　ћ　を　持てないよ
08035424,table,579,claimed,dialogue,,,08077E42,□は/ћ□になるが/いいかね？
08035428,table,579,claimed,dialogue,,,08077E62,□は/ћ□になるが/いいかね？
0803542C,table,579,claimed,dialogue,,,08077E82,防具屋：/あーら　いらっしゃい
08035430,table,579,claimed,dialogue,,,08077EA2,何をお買い上げかしらぁ？　　　
08035434,table,579,claimed,dialogue,,,08077EC2,買いとれる品物がないわねぇ··品物を持ってきてねぇ
08035438,table,579,claimed,dialogue,,,08077EF6,何を売ってくれるのかしらぁ？　
0803543C,table,579,claimed,dialogue,,,08077F74,いくつにするのかしらぁ？　　　
08035440,table,579,claimed,dialogue,,,08077F74,いくつにするのかしらぁ？　　　
08035444,table,579,claimed,dialogue,,,08077F16,ありがと　また　いらしてねぇ
08035448,table,579,claimed,dialogue,,,08077F94,装備できないけど/いいのかしらぁ？
0803544C,table,579,claimed,dialogue,,,08077FB8,すぐに装備するかしらぁ？
08035450,table,579,claimed,dialogue,,,08077FD2,ћ　が　足らないわねぇ
08035454,table,579,claimed,dialogue,,,08077FEA,それ以上　持てないわよ
08035458,table,579,claimed,dialogue,,,08078002,そんなに　ћ　を　持てないわよ
0803545C,table,579,claimed,dialogue,,,08078022,□は/ћ□　になるけど/いいのかしらぁ？
08035460,table,579,claimed,dialogue,,,0807804C,□は/ћ□になるけど/いいのかしらぁ？
08035464,table,579,claimed,dialogue,,,08078074,ジャンク屋：/あんた客かい
08035468,table,579,claimed,dialogue,,,08078090,何を買うんだい？　　　　　　　
0803546C,table,579,claimed,dialogue,,,080780B0,買いとれる品物がない··品物を持ってこい
08035470,table,579,claimed,dialogue,,,080780DA,何を売ってくれるんだい？　　　
08035474,table,579,claimed,dialogue,,,0807813E,いくつにするんだ？　　　　　　
08035478,table,579,claimed,dialogue,,,0807813E,いくつにするんだ？　　　　　　
0803547C,table,579,claimed,dialogue,,,080780FA,毎度どうも
08035480,table,579,claimed,dialogue,,,0807815E,装備できないがいいか？
08035484,table,579,claimed,dialogue,,,08078176,すぐに装備するか？
08035488,table,579,claimed,dialogue,,,0807818A,ћ　が　足らないな
0803548C,table,579,claimed,dialogue,,,0807819E,それ以上　持てないぜ
08035490,table,579,claimed,dialogue,,,080781B4,そんなに　ћ　を　持てないぜ
08035494,table,579,claimed,dialogue,,,080781D2,□は/ћ□　になるけど/いいのか？
08035498,table,579,claimed,dialogue,,,080781F6,□は/ћ□になるけど/いいのか？
0803549C,table,579,claimed,dialogue,,,08077D00,武器屋：/いらっしゃい
080354A0,table,579,claimed,dialogue,,,08077D18,何をお買い上げで？　　　　　　
080354A4,table,579,claimed,dialogue,,,08077D38,買いとれる物が　ないねえ/何か品物を　持って来て下さいよ
080354A8,table,579,claimed,dialogue,,,08077D72,何か売っていただけるんで？　　
080354AC,table,579,claimed,dialogue,,,08077DA8,いくつにするかね？　　　　　　
080354B0,table,579,claimed,dialogue,,,08077DA8,いくつにするかね？　　　　　　
080354B4,table,579,claimed,dialogue,,,08077D92,毎度あり　またどうぞ
080354B8,table,579,claimed,dialogue,,,08077DC8,装備できないが　いいかね？
080354BC,table,579,claimed,dialogue,,,08077DE4,すぐに装備するかね？
080354C0,table,579,claimed,dialogue,,,08077DFA,お代が　足らないよ
080354C4,table,579,claimed,dialogue,,,08077E0E,それ以上　持てないよ
080354C8,table,579,claimed,dialogue,,,08077E24,そんなに　ћ　を　持てないよ
080354CC,table,579,claimed,dialogue,,,08077E42,□は/ћ□になるが/いいかね？
080354D0,table,579,claimed,dialogue,,,08077E62,□は/ћ□になるが/いいかね？
080354D4,table,579,claimed,dialogue,,,08077E82,防具屋：/あーら　いらっしゃい
080354D8,table,579,claimed,dialogue,,,08077EA2,何をお買い上げかしらぁ？　　　
080354DC,table,579,claimed,dialogue,,,08077EC2,買いとれる品物がないわねぇ··品物を持ってきてねぇ
080354E0,table,579,claimed,dialogue,,,08077EF6,何を売ってくれるのかしらぁ？　
080354E4,table,579,claimed,dialogue,,,08077F74,いくつにするのかしらぁ？　　　
080354E8,table,579,claimed,dialogue,,,08077F74,いくつにするのかしらぁ？　　　
080354EC,table,579,claimed,dialogue,,,08077F16,ありがと　また　いらしてねぇ
080354F0,table,579,claimed,dialogue,,,08077F94,装備できないけど/いいのかしらぁ？
080354F4,table,579,claimed,dialogue,,,08077FB8,すぐに装備するかしらぁ？
080354F8,table,579,claimed,dialogue,,,08077FD2,ћ　が　足らないわねぇ
080354FC,table,579,claimed,dialogue,,,08077FEA,それ以上　持てないわよ
08035500,table,579,claimed,dialogue,,,08078002,そんなに　ћ　を　持てないわよ
08035504,table,579,claimed,dialogue,,,08078022,□は/ћ□　になるけど/いいのかしらぁ？
08035508,table,579,claimed,dialogue,,,0807804C,□は/ћ□になるけど/いいのかしらぁ？
0803550C,table,579,claimed,dialogue,,,08078218,研究員：/我々の開発品をごらん下さい
08035510,table,579,claimed,dialogue,,,0807823E,何を　おゆずりしましょう？　　
08035514,table,579,claimed,dialogue,,,0807825E,買いとれる品物がありません··品物をお持ち下さい
08035518,table,579,claimed,dialogue,,,08078290,何を売っていただけますか？　　
0803551C,table,579,claimed,dialogue,,,08078302,いくつにしますか？　　　　　　
08035520,table,579,claimed,dialogue,,,08078302,いくつにしますか？　　　　　　
08035524,table,579,claimed,dialogue,,,080782B0,ありがとうございました
08035528,table,579,claimed,dialogue,,,08078322,装備できませんがよろしい？
0803552C,table,579,claimed,dialogue,,,0807833E,すぐに装備しますか？
08035530,table,579,claimed,dialogue,,,08078354,ћ　が　足らないようです
08035534,table,579,claimed,dialogue,,,0807836E,それ以上　持てませんよ
08035538,table,579,claimed,dialogue,,,08078386,そんなに　ћ　を　持てませんよ
0803553C,table,579,claimed,dialogue,,,080783A6,□は/ћ□　になりますが/いいですか？
08035540,table,579,claimed,dialogue,,,080783CE,□は/ћ□になりますが/いいですか？
08035544,table,579,claimed,dialogue,,,080783F4,防具屋：/いらっしゃい
08035548,table,579,claimed,dialogue,,,0807840C,どれを買う？　　　　　　　　　
0803554C,table,579,claimed,dialogue,,,0807842C,買いとれる物がない··品物を持って来い
08035550,table,579,claimed,dialogue,,,08078454,何を売る？　　　　　　　　　　
08035554,table,579,claimed,dialogue,,,080784BC,いくつだ？　　　　　　　　　　
08035558,table,579,claimed,dialogue,,,080784BC,いくつだ？　　　　　　　　　　
0803555C,table,579,claimed,dialogue,,,08078474,どうも　ありがとう
08035560,table,579,claimed,dialogue,,,080784DC,装備できないが　よいか？
08035564,table,579,claimed,dialogue,,,080784F6,すぐに装備するか？
08035568,table,579,claimed,dialogue,,,0807850A,ћ　が　足らない/ћ　を　持ってこい
0803556C,table,579,claimed,dialogue,,,08078530,それ以上　持てない/欲張るな
08035570,table,579,claimed,dialogue,,,0807854E,それ以上　ћ　を　持てない/欲張るな
08035574,table,579,claimed,dialogue,,,08078574,□は/ћ□　になるが/よいか？
08035578,table,579,claimed,dialogue,,,08078594,□は/ћ□になるが/よいか？
0803557C,table,579,claimed,dialogue,,,080785B2,楽屋アヌーン：/あ　いらっしゃいませ
08035580,table,579,claimed,dialogue,,,080785D8,な　何をお買い上げですか？　　
08035584,table,579,claimed,dialogue,,,080785F8,買いとれる品物が　ないです··品物を持って来て下さい
08035588,table,579,claimed,dialogue,,,0807862E,な　何を売っていただけますか？
0803558C,table,579,claimed,dialogue,,,080786AE,い　いくつにします？　　　　　
08035590,table,579,claimed,dialogue,,,080786AE,い　いくつにします？　　　　　
08035594,table,579,claimed,dialogue,,,0807864E,あ　ありがとうございました
08035598,table,579,claimed,dialogue,,,080786CE,装備できませんがよろしい？
0803559C,table,579,claimed,dialogue,,,080786EA,すぐに装備しますか？
080355A0,table,579,claimed,dialogue,,,08078700,ћ　が　た　足りません
080355A4,table,579,claimed,dialogue,,,08078718,それ以上　も　持てないです
080355A8,table,579,claimed,dialogue,,,08078734,そ　そんなに　ћ　を/持てないです
080355AC,table,579,claimed,dialogue,,,08078758,□は/ћ□になるけど/よ　よろしいですか？
080355B0,table,579,claimed,dialogue,,,08078758,□は/ћ□になるけど/よ　よろしいですか？
080355B4,table,579,claimed,dialogue,,,08078784,武器屋：/すばらしい業物ぞろいです
080355B8,table,579,claimed,dialogue,,,080787A8,どれを買いますか？　　　　　　
080355BC,table,579,claimed,dialogue,,,080787C8,買いとれる品物がありません··品物をお持ち下さい
080355C0,table,579,claimed,dialogue,,,080787FA,どれを売ってくれるのですか？　
080355C4,table,579,claimed,dialogue,,,08078876,いくつにしますか？　　　　　　
080355C8,table,579,claimed,dialogue,,,08078876,いくつにしますか？　　　　　　
080355CC,table,579,claimed,dialogue,,,0807881A,ありがとうございました/またどうぞ
080355D0,table,579,claimed,dialogue,,,08078896,装備できませんが/よろしいですか？
080355D4,table,579,claimed,dialogue,,,080788BA,すぐに装備しますか？
080355D8,table,579,claimed,dialogue,,,080788D0,もうしわけありません/これより　安くはなりません
080355DC,table,579,claimed,dialogue,,,08078902,それ以上　持てませんよ
080355E0,table,579,claimed,dialogue,,,0807891A,ћ　を　そんなに持てませんよ
080355E4,table,579,claimed,dialogue,,,08078938,□は/ћ□になりますが/よろしいですか？
080355E8,table,579,claimed,dialogue,,,08078938,□は/ћ□になりますが/よろしいですか？
080355EC,table,579,claimed,dialogue,,,08078962,防具屋：/どんな攻撃も　防ぎますです
080355F0,table,579,claimed,dialogue,,,08078988,どれを買い上げです？　　　　　
080355F4,table,579,claimed,dialogue,,,080789A8,買いとれる品物がありませんです··品物をお持ち下さい
080355F8,table,579,claimed,dialogue,,,080789DE,何を売っていただけますですか？
080355FC,table,579,claimed,dialogue,,,08078A48,いくつです？　　　　　　　　　
08035600,table,579,claimed,dialogue,,,08078A48,いくつです？　　　　　　　　　
08035604,table,579,claimed,dialogue,,,080789FE,ありがとうございますです
08035608,table,579,claimed,dialogue,,,08078A68,装備できませんが/買い上げです？
0803560C,table,579,claimed,dialogue,,,08078A8A,すぐに装備しますですか？
08035610,table,579,claimed,dialogue,,,08078AA4,ћ　が　足りませんです
08035614,table,579,claimed,dialogue,,,08078ABC,それ以上　持てませんです
08035618,table,579,claimed,dialogue,,,08078AD6,それ以上　ћ　を/持てませんです
0803561C,table,579,claimed,dialogue,,,08078AF8,□は/ћ□になりますが/よろしいです？
08035620,table,579,claimed,dialogue,,,08078AF8,□は/ћ□になりますが/よろしいです？
08035624,table,579,claimed,dialogue,,,08078784,武器屋：/すばらしい業物ぞろいです
08035628,table,579,claimed,dialogue,,,080787A8,どれを買いますか？　　　　　　
0803562C,table,579,claimed,dialogue,,,080787C8,買いとれる品物がありません··品物をお持ち下さい
08035630,table,579,claimed,dialogue,,,080787FA,どれを売ってくれるのですか？　
08035634,table,579,claimed,dialogue,,,08078876,いくつにしますか？　　　　　　
08035638,table,579,claimed,dialogue,,,08078876,いくつにしますか？　　　　　　
0803563C,table,579,claimed,dialogue,,,0807881A,ありがとうございました/またどうぞ
08035640,table,579,claimed,dialogue,,,08078896,装備できませんが/よろしいですか？
08035644,table,579,claimed,dialogue,,,080788BA,すぐに装備しますか？
08035648,table,579,claimed,dialogue,,,080788D0,もうしわけありません/これより　安くはなりません
0803564C,table,579,claimed,dialogue,,,08078902,それ以上　持てませんよ
08035650,table,579,claimed,dialogue,,,0807891A,ћ　を　そんなに持てませんよ
08035654,table,579,claimed,dialogue,,,08078938,□は/ћ□になりますが/よろしいですか？
08035658,table,579,claimed,dialogue,,,08078938,□は/ћ□になりますが/よろしいですか？
0803565C,table,579,claimed,dialogue,,,08078962,防具屋：/どんな攻撃も　防ぎますです
08035660,table,579,claimed,dialogue,,,08078988,どれを買い上げです？　　　　　
08035664,table,579,claimed,dialogue,,,080789A8,買いとれる品物がありませんです··品物をお持ち下さい
08035668,table,579,claimed,dialogue,,,080789DE,何を売っていただけますですか？
0803566C,table,579,claimed,dialogue,,,08078A48,いくつです？　　　　　　　　　
08035670,table,579,claimed,dialogue,,,08078A48,いくつです？　　　　　　　　　
08035674,table,579,claimed,dialogue,,,080789FE,ありがとうございますです
08035678,table,579,claimed,dialogue,,,08078A68,装備できませんが/買い上げです？
0803567C,table,579,claimed,dialogue,,,08078A8A,すぐに装備しますですか？
08035680,table,579,claimed,dialogue,,,08078AA4,ћ　が　足りませんです
08035684,table,579,claimed,dialogue,,,08078ABC,それ以上　持てませんです
08035688,table,579,claimed,dialogue,,,08078AD6,それ以上　ћ　を/持てませんです
0803568C,table,579,claimed,dialogue,,,08078AF8,□は/ћ□になりますが/よろしいです？
08035690,table,579,claimed,dialogue,,,08078AF8,□は/ћ□になりますが/よろしいです？
08035694,table,579,claimed,dialogue,,,08078B20,武器屋：/いい武器あるよ
08035698,table,579,claimed,dialogue,,,08078B3A,どれも　いい武器だよ　　　　　
0803569C,table,579,claimed,dialogue,,,08078B5A,こっちで　買いとれる物は無いな··いい物　持って来てくれよ
080356A0,table,579,claimed,dialogue,,,08078B96,何か売ってくれるのかい？　　　
080356A4,table,579,claimed,dialogue,,,08078C04,いくつだ？　　　　　　　　　　
080356A8,table,579,claimed,dialogue,,,08078C04,いくつだ？　　　　　　　　　　
080356AC,table,579,claimed,dialogue,,,08078BB6,ありがとうよ　またな
080356B0,table,579,claimed,dialogue,,,08078C24,装備できないが　いいかい？
080356B4,table,579,claimed,dialogue,,,08078C40,すぐに装備するかい？
080356B8,table,579,claimed,dialogue,,,08078C56,ћ　が　足らないな
080356BC,table,579,claimed,dialogue,,,08078C6A,それ以上　持てないな
080356C0,table,579,claimed,dialogue,,,08078C80,それ以上　ћ　を　持てないな
080356C4,table,579,claimed,dialogue,,,08078C9E,□は/ћ□になるが/いいか？
080356C8,table,579,claimed,dialogue,,,08078C9E,□は/ћ□になるが/いいか？
080356CC,table,579,claimed,dialogue,,,08078CBC,防具屋：/あーら　いらっしゃい
080356D0,table,579,claimed,dialogue,,,08078CDC,何をお買い上げかしらぁ？　　　
080356D4,table,579,claimed,dialogue,,,08078CFC,買いとれる品物がないわねぇ/品物を持ってきてねぇ
080356D8,table,579,claimed,dialogue,,,08078D2E,何を売ってくれるのかしらぁ？　
080356DC,table,579,claimed,dialogue,,,08078DA4,いくつにするのかしらぁ？　　　
080356E0,table,579,claimed,dialogue,,,08078DA4,いくつにするのかしらぁ？　　　
080356E4,table,579,claimed,dialogue,,,08078D4E,ありがと/また　いらしてねぇ
080356E8,table,579,claimed,dialogue,,,08078DC4,装備できないけど/いいのかしらぁ？
080356EC,table,579,claimed,dialogue,,,08078DE8,すぐに装備するかしらぁ？
080356F0,table,579,claimed,dialogue,,,08078E02,ћ　が　足らないわねぇ
080356F4,table,579,claimed,dialogue,,,08078E1A,それ以上　持てないわよ
080356F8,table,579,claimed,dialogue,,,08078E32,そんなに　ћ　を　持てないわよ
080356FC,table,579,claimed,dialogue,,,08078E52,□は/ћ□になるけど/いいのかしらぁ？
08035700,table,579,claimed,dialogue,,,08078E52,□は/ћ□になるけど/いいのかしらぁ？
08035704,table,579,claimed,dialogue,,,08078E7A,ジャンク屋：/いらはい　いらはい
08035708,table,579,claimed,dialogue,,,08078E9C,ささ　何をお買いでしょ？　　　
0803570C,table,579,claimed,dialogue,,,08078EBC,買える物を　お持ちでないねぇ/すまねぇな
08035710,table,579,claimed,dialogue,,,08078EE6,何をお売りでしょ？　　　　　　
08035714,table,579,claimed,dialogue,,,08078F40,いくつにします？　　　　　　　
08035718,table,579,claimed,dialogue,,,08078F40,いくつにします？　　　　　　　
0803571C,table,579,claimed,dialogue,,,08078F06,ありあとあしたー
08035720,table,579,claimed,dialogue,,,08078F60,装備できませんがよろしい？
08035724,table,579,claimed,dialogue,,,08078F7C,すぐに装備しますか？
08035728,table,579,claimed,dialogue,,,08078F92,ћ　が　足らないねぇ
0803572C,table,579,claimed,dialogue,,,08078FA8,それ以上　持てないねぇ
08035730,table,579,claimed,dialogue,,,08078FC0,それ以上　ћ　を　持てないねぇ
08035734,table,579,claimed,dialogue,,,08078FE0,□は/ћ□になるけど/いい？
08035738,table,579,claimed,dialogue,,,08078FE0,□は/ћ□になるけど/いい？
0803573C,table,579,claimed,dialogue,,,08078B20,武器屋：/いい武器あるよ
08035740,table,579,claimed,dialogue,,,08078B3A,どれも　いい武器だよ　　　　　
08035744,table,579,claimed,dialogue,,,08078B5A,こっちで　買いとれる物は無いな··いい物　持って来てくれよ
08035748,table,579,claimed,dialogue,,,08078B96,何か売ってくれるのかい？　　　
0803574C,table,579,claimed,dialogue,,,08078C04,いくつだ？　　　　　　　　　　
08035750,table,579,claimed,dialogue,,,08078C04,いくつだ？　　　　　　　　　　
08035754,table,579,claimed,dialogue,,,08078BB6,ありがとうよ　またな
08035758,table,579,claimed,dialogue,,,08078C24,装備できないが　いいかい？
0803575C,table,579,claimed,dialogue,,,08078C40,すぐに装備するかい？
08035760,table,579,claimed,dialogue,,,08078C56,ћ　が　足らないな
08035764,table,579,claimed,dialogue,,,08078C6A,それ以上　持てないな
08035768,table,579,claimed,dialogue,,,08078C80,それ以上　ћ　を　持てないな
0803576C,table,579,claimed,dialogue,,,08078C9E,□は/ћ□になるが/いいか？
08035770,table,579,claimed,dialogue,,,08078C9E,□は/ћ□になるが/いいか？
08035774,table,579,claimed,dialogue,,,08078CBC,防具屋：/あーら　いらっしゃい
08035778,table,579,claimed,dialogue,,,08078CDC,何をお買い上げかしらぁ？　　　
0803577C,table,579,claimed,dialogue,,,08078CFC,買いとれる品物がないわねぇ/品物を持ってきてねぇ
08035780,table,579,claimed,dialogue,,,08078D2E,何を売ってくれるのかしらぁ？　
08035784,table,579,claimed,dialogue,,,08078DA4,いくつにするのかしらぁ？　　　
08035788,table,579,claimed,dialogue,,,08078DA4,いくつにするのかしらぁ？　　　
0803578C,table,579,claimed,dialogue,,,08078D4E,ありがと/また　いらしてねぇ
08035790,table,579,claimed,dialogue,,,08078DC4,装備できないけど/いいのかしらぁ？
08035794,table,579,claimed,dialogue,,,08078DE8,すぐに装備するかしらぁ？
08035798,table,579,claimed,dialogue,,,08078E02,ћ　が　足らないわねぇ
0803579C,table,579,claimed,dialogue,,,08078E1A,それ以上　持てないわよ
080357A0,table,579,claimed,dialogue,,,08078E32,そんなに　ћ　を　持てないわよ
080357A4,table,579,claimed,dialogue,,,08078E52,□は/ћ□になるけど/いいのかしらぁ？
080357A8,table,579,claimed,dialogue,,,08078E52,□は/ћ□になるけど/いいのかしらぁ？
080357AC,table,579,claimed,dialogue,,,08078E7A,ジャンク屋：/いらはい　いらはい
080357B0,table,579,claimed,dialogue,,,08078E9C,ささ　何をお買いでしょ？　　　
080357B4,table,579,claimed,dialogue,,,08078EBC,買える物を　お持ちでないねぇ/すまねぇな
080357B8,table,579,claimed,dialogue,,,08078EE6,何をお売りでしょ？　　　　　　
080357BC,table,579,claimed,dialogue,,,08078F40,いくつにします？　　　　　　　
080357C0,table,579,claimed,dialogue,,,08078F40,いくつにします？　　　　　　　
080357C4,table,579,claimed,dialogue,,,08078F06,ありあとあしたー
080357C8,table,579,claimed,dialogue,,,08078F60,装備できませんがよろしい？
080357CC,table,579,claimed,dialogue,,,08078F7C,すぐに装備しますか？
080357D0,table,579,claimed,dialogue,,,08078F92,ћ　が　足らないねぇ
080357D4,table,579,claimed,dialogue,,,08078FA8,それ以上　持てないねぇ
080357D8,table,579,claimed,dialogue,,,08078FC0,それ以上　ћ　を　持てないねぇ
080357DC,table,579,claimed,dialogue,,,08078FE0,□は/ћ□になるけど/いい？
080357E0,table,579,claimed,dialogue,,,08078FE0,□は/ћ□になるけど/いい？
080357E4,table,579,claimed,dialogue,,,08078B20,武器屋：/いい武器あるよ
080357E8,table,579,claimed,dialogue,,,08078B3A,どれも　いい武器だよ　　　　　
080357EC,table,579,claimed,dialogue,,,08078B5A,こっちで　買いとれる物は無いな··いい物　持って来てくれよ
080357F0,table,579,claimed,dialogue,,,08078B96,何か売ってくれるのかい？　　　
080357F4,table,579,claimed,dialogue,,,08078C04,いくつだ？　　　　　　　　　　
080357F8,table,579,claimed,dialogue,,,08078C04,いくつだ？　　　　　　　　　　
080357FC,table,579,claimed,dialogue,,,08078BB6,ありがとうよ　またな
08035800,table,579,claimed,dialogue,,,08078C24,装備できないが　いいかい？
08035804,table,579,claimed,dialogue,,,08078C40,すぐに装備するかい？
08035808,table,579,claimed,dialogue,,,08078C56,ћ　が　足らないな
0803580C,table,579,claimed,dialogue,,,08078C6A,それ以上　持てないな
08035810,table,579,claimed,dialogue,,,08078C80,それ以上　ћ　を　持てないな
08035814,table,579,claimed,dialogue,,,08078C9E,□は/ћ□になるが/いいか？
08035818,table,579,claimed,dialogue,,,08078C9E,□は/ћ□になるが/いいか？
0803581C,table,579,claimed,dialogue,,,08078CBC,防具屋：/あーら　いらっしゃい
08035820,table,579,claimed,dialogue,,,08078CDC,何をお買い上げかしらぁ？　　　
08035824,table,579,claimed,dialogue,,,08078CFC,買いとれる品物がないわねぇ/品物を持ってきてねぇ
08035828,table,579,claimed,dialogue,,,08078D2E,何を売ってくれるのかしらぁ？　
0803582C,table,579,claimed,dialogue,,,08078DA4,いくつにするのかしらぁ？　　　
08035830,table,579,claimed,dialogue,,,08078DA4,いくつにするのかしらぁ？　　　
08035834,table,579,claimed,dialogue,,,08078D4E,ありがと/また　いらしてねぇ
08035838,table,579,claimed,dialogue,,,08078DC4,装備できないけど/いいのかしらぁ？
0803583C,table,579,claimed,dialogue,,,08078DE8,すぐに装備するかしらぁ？
08035840,table,579,claimed,dialogue,,,08078E02,ћ　が　足らないわねぇ
08035844,table,579,claimed,dialogue,,,08078E1A,それ以上　持てないわよ
08035848,table,579,claimed,dialogue,,,08078E32,そんなに　ћ　を　持てないわよ
0803584C,table,579,claimed,dialogue,,,08078E52,□は/ћ□になるけど/いいのかしらぁ？
08035850,table,579,claimed,dialogue,,,08078E52,□は/ћ□になるけど/いいのかしらぁ？
08035854,table,579,claimed,dialogue,,,08078E7A,ジャンク屋：/いらはい　いらはい
08035858,table,579,claimed,dialogue,,,08078E9C,ささ　何をお買いでしょ？　　　
0803585C,table,579,claimed,dialogue,,,08078EBC,買える物を　お持ちでないねぇ/すまねぇな
08035860,table,579,claimed,dialogue,,,08078EE6,何をお売りでしょ？　　　　　　
08035864,table,579,claimed,dialogue,,,08078F40,いくつにします？　　　　　　　
08035868,table,579,claimed,dialogue,,,08078F40,いくつにします？　　　　　　　
0803586C,table,579,claimed,dialogue,,,08078F06,ありあとあしたー
08035870,table,579,claimed,dialogue,,,08078F60,装備できませんがよろしい？
08035874,table,579,claimed,dialogue,,,08078F7C,すぐに装備しますか？
08035878,table,579,claimed,dialogue,,,08078F92,ћ　が　足らないねぇ
0803587C,table,579,claimed,dialogue,,,08078FA8,それ以上　持てないねぇ
08035880,table,579,claimed,dialogue,,,08078FC0,それ以上　ћ　を　持てないねぇ
08035884,table,579,claimed,dialogue,,,08078FE0,□は/ћ□になるけど/いい？
08035888,table,579,claimed,dialogue,,,08078FE0,□は/ћ□になるけど/いい？
0803588C,table,579,claimed,dialogue,,,08078B20,武器屋：/いい武器あるよ
08035890,table,579,claimed,dialogue,,,08078B3A,どれも　いい武器だよ　　　　　
08035894,table,579,claimed,dialogue,,,08078B5A,こっちで　買いとれる物は無いな··いい物　持って来てくれよ
08035898,table,579,claimed,dialogue,,,08078B96,何か売ってくれるのかい？　　　
0803589C,table,579,claimed,dialogue,,,08078C04,いくつだ？　　　　　　　　　　
080358A0,table,579,claimed,dialogue,,,08078C04,いくつだ？　　　　　　　　　　
080358A4,table,579,claimed,dialogue,,,08078BB6,ありがとうよ　またな
080358A8,table,579,claimed,dialogue,,,08078C24,装備できないが　いいかい？
080358AC,table,579,claimed,dialogue,,,08078C40,すぐに装備するかい？
080358B0,table,579,claimed,dialogue,,,08078C56,ћ　が　足らないな
080358B4,table,579,claimed,dialogue,,,08078C6A,それ以上　持てないな
080358B8,table,579,claimed,dialogue,,,08078C80,それ以上　ћ　を　持てないな
080358BC,table,579,claimed,dialogue,,,08078C9E,□は/ћ□になるが/いいか？
080358C0,table,579,claimed,dialogue,,,08078C9E,□は/ћ□になるが/いいか？
080358C4,table,579,claimed,dialogue,,,08078CBC,防具屋：/あーら　いらっしゃい
080358C8,table,579,claimed,dialogue,,,08078CDC,何をお買い上げかしらぁ？　　　
080358CC,table,579,claimed,dialogue,,,08078CFC,買いとれる品物がないわねぇ/品物を持ってきてねぇ
080358D0,table,579,claimed,dialogue,,,08078D2E,何を売ってくれるのかしらぁ？　
080358D4,table,579,claimed,dialogue,,,08078DA4,いくつにするのかしらぁ？　　　
080358D8,table,579,claimed,dialogue,,,08078DA4,いくつにするのかしらぁ？　　　
080358DC,table,579,claimed,dialogue,,,08078D4E,ありがと/また　いらしてねぇ
080358E0,table,579,claimed,dialogue,,,08078DC4,装備できないけど/いいのかしらぁ？
080358E4,table,579,claimed,dialogue,,,08078DE8,すぐに装備するかしらぁ？
080358E8,table,579,claimed,dialogue,,,08078E02,ћ　が　足らないわねぇ
080358EC,table,579,claimed,dialogue,,,08078E1A,それ以上　持てないわよ
080358F0,table,579,claimed,dialogue,,,08078E32,そんなに　ћ　を　持てないわよ
080358F4,table,579,claimed,dialogue,,,08078E52,□は/ћ□になるけど/いいのかしらぁ？
080358F8,table,579,claimed,dialogue,,,08078E52,□は/ћ□になるけど/いいのかしらぁ？
080358FC,table,579,claimed,dialogue,,,08078E7A,ジャンク屋：/いらはい　いらはい
08035900,table,579,claimed,dialogue,,,08078E9C,ささ　何をお買いでしょ？　　　
08035904,table,579,claimed,dialogue,,,08078EBC,買える物を　お持ちでないねぇ/すまねぇな
08035908,table,579,claimed,dialogue,,,08078EE6,何をお売りでしょ？　　　　　　
0803590C,table,579,claimed,dialogue,,,08078F40,いくつにします？　　　　　　　
08035910,table,579,claimed,dialogue,,,08078F40,いくつにします？　　　　　　　
08035914,table,579,claimed,dialogue,,,08078F06,ありあとあしたー
08035918,table,579,claimed,dialogue,,,08078F60,装備できませんがよろしい？
0803591C,table,579,claimed,dialogue,,,08078F7C,すぐに装備しますか？
08035920,table,579,claimed,dialogue,,,08078F92,ћ　が　足らないねぇ
08035924,table,579,claimed,dialogue,,,08078FA8,それ以上　持てないねぇ
08035928,table,579,claimed,dialogue,,,08078FC0,それ以上　ћ　を　持てないねぇ
0803592C,table,579,claimed,dialogue,,,08078FE0,□は/ћ□になるけど/いい？
08035930,table,579,claimed,dialogue,,,08078FE0,□は/ћ□になるけど/いい？
08035934,table,579,claimed,dialogue,,,08078E7A,ジャンク屋：/いらはい　いらはい
08035938,table,579,claimed,dialogue,,,08078E9C,ささ　何をお買いでしょ？　　　
0803593C,table,579,claimed,dialogue,,,08078EBC,買える物を　お持ちでないねぇ/すまねぇな
08035940,table,579,claimed,dialogue,,,08078EE6,何をお売りでしょ？　　　　　　
08035944,table,579,claimed,dialogue,,,08078F40,いくつにします？　　　　　　　
08035948,table,579,claimed,dialogue,,,08078F40,いくつにします？　　　　　　　
0803594C,table,579,claimed,dialogue,,,08078F06,ありあとあしたー
08035950,table,579,claimed,dialogue,,,08078F60,装備できませんがよろしい？
08035954,table,579,claimed,dialogue,,,08078F7C,すぐに装備しますか？
08035958,table,579,claimed,dialogue,,,08078F92,ћ　が　足らないねぇ
0803595C,table,579,claimed,dialogue,,,08078FA8,それ以上　持てないねぇ
08035960,table,579,claimed,dialogue,,,08078FC0,それ以上　ћ　を　持てないねぇ
08035964,table,579,claimed,dialogue,,,08078FE0,□は/ћ□になるけど/いい？
08035968,table,579,claimed,dialogue,,,08078FE0,□は/ћ□になるけど/いい？
0803596C,table,579,claimed,dialogue,,,08078FFE,神の御力が得られる品々です
08035970,table,579,claimed,dialogue,,,0807901A,どれにしますか？　　　　　　　
08035974,table,579,claimed,dialogue,,,0807903A,残念ながら　買い取り出来ません
08035978,table,579,claimed,dialogue,,,0807905A,何を売って下さるのでしょう？　
0803597C,table,579,claimed,dialogue,,,080790D2,いくつ買いますか？　　　　　　
08035980,table,579,claimed,dialogue,,,080790F2,「いくつ売りますか？」
08035984,table,579,claimed,dialogue,,,0807907A,入り用でしたら　いつでもどうぞ
08035988,table,579,claimed,dialogue,,,0807910A,「装備できませんがよろしい？」
0803598C,table,579,claimed,dialogue,,,0807912A,「すぐに装備しますか？」
08035990,table,579,claimed,dialogue,,,08079144,お布施が　足らないようです
08035994,table,579,claimed,dialogue,,,08079160,それ以上　持てませんよ
08035998,table,579,claimed,dialogue,,,08079178,「そんなに金をもてないぜ」
0803599C,table,579,claimed,dialogue,,,08079194,□は/ћ□になりますが/いいですか？
080359A0,table,579,claimed,dialogue,,,080791BA,「□ですか/￥□で/引き取りますが？」
080359A4,table,579,claimed,dialogue,,,080791E2,カオス・パワーが/こめられた物だ
080359A8,table,579,claimed,dialogue,,,08079204,どれにするのだ？　　　　　　　
080359AC,table,579,claimed,dialogue,,,08079224,買える物を/持って無いではないか
080359B0,table,579,claimed,dialogue,,,08079246,何を売るのだ？　　　　　　　　
080359B4,table,579,claimed,dialogue,,,080792B4,いくつにするんだ？　　　　　　
080359B8,table,579,claimed,dialogue,,,080792D4,「いくつ売りますか？」
080359BC,table,579,claimed,dialogue,,,08079266,欲しくなったら　いつでも来い
080359C0,table,579,claimed,dialogue,,,080792EC,「装備できませんがよろしい？」
080359C4,table,579,claimed,dialogue,,,0807930C,「すぐに装備しますか？」
080359C8,table,579,claimed,dialogue,,,08079326,布施が　足らん
080359CC,table,579,claimed,dialogue,,,08079336,それ以上は　持てないぞ
080359D0,table,579,claimed,dialogue,,,0807934E,「そんなに金をもてないぜ」
080359D4,table,579,claimed,dialogue,,,0807936A,□は/ћ□になるが/いいか？
080359D8,table,579,claimed,dialogue,,,08079388,「□ですか/￥□で/引き取りますが？」
080359DC,table,579,claimed,dialogue,,,080793B0,いろんなアイテム/売ってるよーん
080359E0,table,579,claimed,dialogue,,,080793D2,どれにするのかなー？　　　　　
080359E4,table,579,claimed,dialogue,,,080793F2,買える物が無いよーん
080359E8,table,579,claimed,dialogue,,,08079408,何を売ってくれるのかなー？　　
080359EC,table,579,claimed,dialogue,,,08079476,いくつだい？　　　　　　　　　
080359F0,table,579,claimed,dialogue,,,08079496,「いくつ売りますか？」
080359F4,table,579,claimed,dialogue,,,08079428,いつでも　売ってあげるよーん
080359F8,table,579,claimed,dialogue,,,080794AE,「装備できませんがよろしい？」
080359FC,table,579,claimed,dialogue,,,080794CE,「すぐに装備しますか？」
08035A00,table,579,claimed,dialogue,,,080794E8,ћ　が　足らないよーん
08035A04,table,579,claimed,dialogue,,,08079500,それ以上　持てないよーん
08035A08,table,579,claimed,dialogue,,,0807951A,「そんなに金をもてないぜ」
08035A0C,table,579,claimed,dialogue,,,08079536,□は/ћ□になるけど/OK？
08035A10,table,579,claimed,dialogue,,,08079554,「□ですか/￥□で/引き取りますが？」
08035A14,table,579,claimed,dialogue,,,0807957C,アイテムも売ってまーす
08035A18,table,579,claimed,dialogue,,,08079594,どれにしますかー？　　　　　　
08035A1C,table,579,claimed,dialogue,,,080795D4,買えるものがありませーん
08035A20,table,579,claimed,dialogue,,,08079610,何を売ってくれますかー？　　　
08035A24,table,579,claimed,dialogue,,,08079650,いくつですかー？　　　　　　　
08035A28,table,579,claimed,dialogue,,,08079670,「いくつ売りますか？」
08035A2C,table,579,claimed,dialogue,,,080795EE,回復の時には/アイテムもどうぞー
08035A30,table,579,claimed,dialogue,,,08079688,「装備できませんがよろしい？」
08035A34,table,579,claimed,dialogue,,,080796A8,「すぐに装備しますか？」
08035A38,table,579,claimed,dialogue,,,080796C2,ћ　が　足りませーん
08035A3C,table,579,claimed,dialogue,,,080796D8,それ以上　持てませーん
08035A40,table,579,claimed,dialogue,,,080796F0,「そんなに金をもてないぜ」
08035A44,table,579,claimed,dialogue,,,0807970C,□は/ћ□になるけど/いいですかー
08035A48,table,579,claimed,dialogue,,,08079730,「□ですか/￥□で/引き取りますが？」
08035A4C,table,579,claimed,dialogue,,,0807957C,アイテムも売ってまーす
08035A50,table,579,claimed,dialogue,,,08079594,どれにしますかー？　　　　　　
08035A54,table,579,claimed,dialogue,,,080795D4,買えるものがありませーん
08035A58,table,579,claimed,dialogue,,,08079610,何を売ってくれますかー？　　　
08035A5C,table,579,claimed,dialogue,,,08079650,いくつですかー？　　　　　　　
08035A60,table,579,claimed,dialogue,,,08079670,「いくつ売りますか？」
08035A64,table,579,claimed,dialogue,,,080795EE,回復の時には/アイテムもどうぞー
08035A68,table,579,claimed,dialogue,,,08079688,「装備できませんがよろしい？」
08035A6C,table,579,claimed,dialogue,,,080796A8,「すぐに装備しますか？」
08035A70,table,579,claimed,dialogue,,,080796C2,ћ　が　足りませーん
08035A74,table,579,claimed,dialogue,,,080796D8,それ以上　持てませーん
08035A78,table,579,claimed,dialogue,,,080796F0,「そんなに金をもてないぜ」
08035A7C,table,579,claimed,dialogue,,,0807970C,□は/ћ□になるけど/いいですかー
08035A80,table,579,claimed,dialogue,,,08079730,「□ですか/￥□で/引き取りますが？」
08035A84,table,579,claimed,dialogue,,,0807957C,アイテムも売ってまーす
08035A88,table,579,claimed,dialogue,,,08079594,どれにしますかー？　　　　　　
08035A8C,table,579,claimed,dialogue,,,080795D4,買えるものがありませーん
08035A90,table,579,claimed,dialogue,,,08079610,何を売ってくれますかー？　　　
08035A94,table,579,claimed,dialogue,,,08079650,いくつですかー？　　　　　　　
08035A98,table,579,claimed,dialogue,,,08079670,「いくつ売りますか？」
08035A9C,table,579,claimed,dialogue,,,080795EE,回復の時には/アイテムもどうぞー
08035AA0,table,579,claimed,dialogue,,,08079688,「装備できませんがよろしい？」
08035AA4,table,579,claimed,dialogue,,,080796A8,「すぐに装備しますか？」
08035AA8,table,579,claimed,dialogue,,,080796C2,ћ　が　足りませーん
08035AAC,table,579,claimed,dialogue,,,080796D8,それ以上　持てませーん
08035AB0,table,579,claimed,dialogue,,,080796F0,「そんなに金をもてないぜ」
08035AB4,table,579,claimed,dialogue,,,0807970C,□は/ћ□になるけど/いいですかー
08035AB8,table,579,claimed,dialogue,,,08079730,「□ですか/￥□で/引き取りますが？」
08035ABC,table,579,claimed,dialogue,,,08040E2C,バーテン：/いらっしゃい
08035AC0,table,579,claimed,dialogue,,,08040E46,何か御用で？
08035AC4,table,579,claimed,dialogue,,,08040E54,では　御注文をどうぞ
08035AC8,table,579,claimed,dialogue,,,08040E6A,＞他に客は　誰もいない
08035ACC,table,579,claimed,dialogue,,,08040E82,＞誰に話しかける？
08035AD0,table,579,claimed,dialogue,,,08040E96,ありがとうございました
08035AD4,table,579,claimed,dialogue,,,08040EAE,御注文　済みです
08035AD8,table,579,claimed,dialogue,,,08040EC0,バーテン：/いらっしゃいませ
08035ADC,table,579,claimed,dialogue,,,08040EDE,何か御用でしょうか？
08035AE0,table,579,claimed,dialogue,,,08040EF4,どちらを　御注文ですか？
08035AE4,table,579,claimed,dialogue,,,08040F0E,＞他に客は　誰もいない
08035AE8,table,579,claimed,dialogue,,,08040F26,＞誰に話しかける？
08035AEC,table,579,claimed,dialogue,,,08040F3A,ありがとうございました
08035AF0,table,579,claimed,dialogue,,,08040F52,すでに　御注文しています
08035AF4,table,579,claimed,dialogue,,,08040F6C,バーテン：/いらっしゃい……
08035AF8,table,579,claimed,dialogue,,,08040F8A,……用は何だい？
08035AFC,table,579,claimed,dialogue,,,08040F9C,どれを飲む？
08035B00,table,579,claimed,dialogue,,,08040FAA,＞他に客は　誰もいない
08035B04,table,579,claimed,dialogue,,,08040FC2,＞誰に話しかける？
08035B08,table,579,claimed,dialogue,,,08040FD6,どうも……
08035B0C,table,579,claimed,dialogue,,,08040FE2,もう　飲んでるよ……
08035B10,table,579,claimed,dialogue,,,08040FF8,バーテン：/いらっしゃい
08035B14,table,579,claimed,dialogue,,,08041012,どういった御用で？
08035B18,table,579,claimed,dialogue,,,08041026,どれを　飲む？
08035B1C,table,579,claimed,dialogue,,,08041036,＞他に客は　誰もいない
08035B20,table,579,claimed,dialogue,,,0804104E,＞誰に話しかける？
08035B24,table,579,claimed,dialogue,,,08041062,また　どうぞ
08035B28,table,579,claimed,dialogue,,,08041070,すでに/お飲みになっているようで
08035B2C,table,579,claimed,dialogue,,,08041092,バーテン：/どうぞ　よってってチョーダイ
08035B30,table,579,claimed,dialogue,,,080410BC,お客様　御用を言ってチョーダイ
08035B34,table,579,claimed,dialogue,,,080410DC,さあさ　注文してチョーダイ
08035B38,table,579,claimed,dialogue,,,080410F8,＞他に客は　誰もいない
08035B3C,table,579,claimed,dialogue,,,08041110,＞誰に話しかける？
08035B40,table,579,claimed,dialogue,,,08041124,また　来てチョーダイ
08035B44,table,579,claimed,dialogue,,,0804113A,他を　注文してチョーダイ
08035B48,table,579,claimed,dialogue,,,08041154,バーテン：/いらっしゃいませ
08035B4C,table,579,claimed,dialogue,,,08041172,お客様　御用の方は？
08035B50,table,579,claimed,dialogue,,,08041188,こちらを　取りそろえてますが？
08035B54,table,579,claimed,dialogue,,,080411A8,＞他に客は　誰もいない
08035B58,table,579,claimed,dialogue,,,080411C0,＞誰に話しかける？
08035B5C,table,579,claimed,dialogue,,,080411D4,またの　おこしを……
08035B60,table,579,claimed,dialogue,,,080411EA,もう　飲んでますよ
08035B64,table,579,claimed,dialogue,,,080411FE,バーテン：/いらっしゃい……
08035B68,table,579,claimed,dialogue,,,0804121C,お客様　御用は……？
08035B6C,table,579,claimed,dialogue,,,08041232,メニューは　こちら……
08035B70,table,579,claimed,dialogue,,,0804124A,＞他に客は　誰もいない
08035B74,table,579,claimed,dialogue,,,08041262,＞誰に話しかける？
08035B78,table,579,claimed,dialogue,,,08041276,またの　おこしを……
08035B7C,table,579,claimed,dialogue,,,0804128C,…もう　飲んでるよ
08035B80,table,579,claimed,dialogue,,,080411FE,バーテン：/いらっしゃい……
08035B84,table,579,claimed,dialogue,,,0804121C,お客様　御用は……？
08035B88,table,579,claimed,dialogue,,,08041232,メニューは　こちら……
08035B8C,table,579,claimed,dialogue,,,0804124A,＞他に客は　誰もいない
08035B90,table,579,claimed,dialogue,,,08041262,＞誰に話しかける？
08035B94,table,579,claimed,dialogue,,,08041276,またの　おこしを……
08035B98,table,579,claimed,dialogue,,,0804128C,…もう　飲んでるよ
08035B9C,table,579,claimed,dialogue,,,080411FE,バーテン：/いらっしゃい……
08035BA0,table,579,claimed,dialogue,,,0804121C,お客様　御用は……？
08035BA4,table,579,claimed,dialogue,,,08041232,メニューは　こちら……
08035BA8,table,579,claimed,dialogue,,,0804124A,＞他に客は　誰もいない
08035BAC,table,579,claimed,dialogue,,,08041262,＞誰に話しかける？
08035BB0,table,579,claimed,dialogue,,,08041276,またの　おこしを……
08035BB4,table,579,claimed,dialogue,,,0804128C,…もう　飲んでるよ
08035CC0,isolated,1,UNCLAIMED,,leak-risk,story,0803BC16,□、·、〈怖ダンディな男：/ヴァーチャル・バトル中に/車椅子の男を見た者
08035CDC,isolated,1,UNCLAIMED,,leak-risk,story,0803BC16,□、·、〈怖ダンディな男：/ヴァーチャル・バトル中に/車椅子の男を見た者
08035CE8,isolated,1,UNCLAIMED,,leak-risk,story,0803BE1A,□□·□〉□年老いた男：/岡本の奴め　カジノに/入りびたりだ··キラー・
08035CF8,isolated,1,UNCLAIMED,,leak-risk,story,0803BE92,□、·、〉怖年老いた男：/スラム街にある邪教の館は/悪魔を連れてこいって
08035D14,isolated,1,UNCLAIMED,,leak-risk,story,0803C018,□。·。｝□陽気な女：/マダムに会ったってほんと？/すごいじゃん··……
08035D24,isolated,1,UNCLAIMED,,leak-risk,story,0803C11E,□。·。〉□年老いた男：/どこかに　悪魔達を/みんな退治してくれる者は/
08035D34,isolated,1,UNCLAIMED,,leak-risk,story,0803C1E0,□、·、〈怖ダンディな男：/今　ヴァルハラで/1番の注目は……··コロシ
08035D50,isolated,1,UNCLAIMED,,leak-risk,story,0803C38C,□、·、〉□年老いた男：/あんた　メシアなら/悪魔をみんな退治してくれ·
08035D60,isolated,1,UNCLAIMED,,leak-risk,story,0803C44C,□、·、］怖テンプルナイト：/やあ　よく帰ってきてくれました/···ミレ
08035D6C,isolated,1,UNCLAIMED,,leak-risk,story,0803C60A,□□·□□□上品な男：/センターにある　4つの入□に/ついて　教えてあげ
08035D7C,isolated,1,UNCLAIMED,,leak-risk,story,0803C77A,□、·、］怖テンプルナイト：/キングフロストを/やっつけたそうですね/さ
08035D88,isolated,1,UNCLAIMED,,leak-risk,story,0803C60A,□□·□□□上品な男：/センターにある　4つの入□に/ついて　教えてあげ
08035D98,isolated,1,UNCLAIMED,,leak-risk,story,0803C7DE,□、·、］怖テンプルナイト：/ファクトリーは　ミレニアムに/必要な物を　
08035DA4,isolated,1,UNCLAIMED,,leak-risk,story,0803C60A,□□·□□□上品な男：/センターにある　4つの入□に/ついて　教えてあげ
08035DB4,isolated,1,UNCLAIMED,,leak-risk,story,0803C51C,"□。·。""□センター市民の女：/私　センターにいられて/本当に幸せだわ　"
08035DC4,isolated,1,UNCLAIMED,,leak-risk,story,0803C8E0,□、·、］□テンプルナイト：/とんでもない事に　ニセメシアが/出現したそ
08035DD4,isolated,1,UNCLAIMED,,leak-risk,story,0803C9E6,□、·、］怖テンプルナイト：/あなたが　まさかメシアであった/とは！/私
08035DE0,isolated,1,UNCLAIMED,,leak-risk,story,0803CACC,□□·□□□上品な男：/さあ　みなさん！··ついに現れたメシアに/みんな
08035DF0,isolated,1,UNCLAIMED,,leak-risk,story,0803CC00,□、·、］□テンプルナイト：/私達は　決して/反逆者□を/許しません··
08035E04,isolated,1,UNCLAIMED,,leak-risk,story,0803CD1C,□、·、《□うさんくさい男：/センターのさらに上にある階に/□が/上がっ
08035E18,isolated,1,UNCLAIMED,,leak-risk,story,0803CE72,□。·。⊃□戦士：/この街で　一発当ててやろうと/思って　やって来たんだ
08035E24,isolated,1,UNCLAIMED,,leak-risk,story,0803CF60,□.·.□□よっぱらい：/おう　見た見た/オレは　メシアを見たぞぉー/…
08035E34,isolated,1,UNCLAIMED,,leak-risk,story,0803CE72,□。·。⊃□戦士：/この街で　一発当ててやろうと/思って　やって来たんだ
08035E40,isolated,1,UNCLAIMED,,leak-risk,story,0803D052,□.·.∪□·N□吟ブロンドの男：/やあ………·/君と　会うのは初めて…
08035E50,isolated,1,UNCLAIMED,,leak-risk,story,0803D246,□。·。⊃□戦士：/ここに　来たのはいいが/どうも　パッとしなくてな……
08035E5C,isolated,1,UNCLAIMED,,leak-risk,story,0803D370,□.·.□□よっぱらい：/近ごろときたら/…ウイ··どいつもこいつも/ど
08035E6C,isolated,1,UNCLAIMED,,leak-risk,story,0803D4EE,□。·。∪□·N□吟ブロンドの男：/やあ………·/君と　会うのは初めて…
08035E78,isolated,1,UNCLAIMED,,leak-risk,story,0803D6F2,□.·.□□ジャンク屋：/花田とかいう男が　魔界へ/行くために　人形を集
08035E88,isolated,1,UNCLAIMED,,leak-risk,story,0803D83E,□。·。⊃□戦士：/センターなんか　くそくらえだ！/おれは　□を/支持す
08035E94,isolated,1,UNCLAIMED,,leak-risk,story,0803D91A,□.·.□□よっぱらい：/□なんて/あんた　信じられるぅ？/…ヒック··
08035EA4,isolated,1,UNCLAIMED,,leak-risk,story,0803D83E,□。·。⊃□戦士：/センターなんか　くそくらえだ！/おれは　□を/支持す
08035EB0,isolated,1,UNCLAIMED,,leak-risk,story,0803D998,□.·.□□·S□吟·Sよっぱらい：/おう！　いい話があるぜ！··まず　
08035EC0,isolated,1,UNCLAIMED,,leak-risk,story,0803DD62,□。·。⊃□戦士：/□には　堂々と/センターと戦って欲しいが··みんなの
08035ECC,isolated,1,UNCLAIMED,,leak-risk,story,0803DE4A,□.·.∪□·N□吟ブロンドの男：/やあ………·/君と　会うのは初めて…
08035EDC,isolated,1,UNCLAIMED,,leak-risk,story,0803DFE2,□。·。⊃□戦士：/けっきょく　おれには　何も/できなかった……·/おれ
08035EEC,isolated,1,UNCLAIMED,,leak-risk,story,0803E16A,□、·、⊂□みすぼらしい男：/ここが　助かって/ホッとしたせいか　最近　
08035EFC,isolated,1,UNCLAIMED,,leak-risk,story,0803E24A,□、·、⊂怖みすぼらしい男：/ここが　助かって/ホッとしたせいか　最近　
08035F1C,isolated,1,UNCLAIMED,,leak-risk,story,0803E3FA,□、·、%怖労働者の男：/おれは　ここの地下3階に/埋まっている　昔のマ
08035F28,isolated,1,UNCLAIMED,,leak-risk,story,0803E5CE,□□·□ћ□よっぱらい労働者：/きょうもいちにち/ホントよくはたらいたよ
08035F38,isolated,1,UNCLAIMED,,leak-risk,story,0803E6C8,□、·、%怖□・労働者の男：/□を　あなたが/倒して下さったおかげで/ま
08035F44,isolated,1,UNCLAIMED,,leak-risk,story,0803E5CE,□□·□ћ□よっぱらい労働者：/きょうもいちにち/ホントよくはたらいたよ
08035F54,isolated,1,UNCLAIMED,,leak-risk,story,0803E798,□、·、%怖労働者の男：/私は　この先ずっと/·様のため/みんなのため　
08035F60,isolated,1,UNCLAIMED,,leak-risk,story,0803E870,□□·□ћ□よっぱらい労働者：/まあ　オレほろの/ゆうりょうろうどうひゃ
08035F70,isolated,1,UNCLAIMED,,leak-risk,story,0803E7FE,□。·。#□労働者の女：/あなたが　メシアである/·様……··お目にかか
08035F7C,isolated,1,UNCLAIMED,,leak-risk,story,0803EA90,□.·.《□うさんくさい男：/ここの収容所から　女が1人/逃げ出したらし
08035F8C,isolated,1,UNCLAIMED,,leak-risk,story,0803EB52,□。·。《□·※□吟うさんくさい男：/ここの収容所から女が1人/逃げ出し
08035F9C,isolated,1,UNCLAIMED,,leak-risk,story,0803EE8E,□、·、%□労働者の男：/ファクトリーから出ていく/奴も多いが　おれはこ
08035FAC,isolated,1,UNCLAIMED,,leak-risk,story,0803F03A,□。·。□□親方ドワーフ：/ここ地下世界のあちこちに/悪魔達が大和の神々
08035FBC,isolated,1,UNCLAIMED,,leak-risk,story,0803EF7A,□、·、□怖ご隠居ドワーフ：/このあたりに埋まっとる武器は/わしらのお宝
08035FD8,isolated,1,UNCLAIMED,,leak-risk,story,0803F1A0,□、·、□怖親方ドワーフ：/最近　新しい話を聞いたん/だけどな··封印さ
08035FF4,isolated,1,UNCLAIMED,,leak-risk,story,0803F3A2,□。·。□□コボルト：/もう　安心だね/将門公が復活したトウキョウには/
08036000,isolated,1,UNCLAIMED,,leak-risk,story,0803F47C,□.·.∪□·N□吟ブロンドの男：/やあ………·/君と　会うのは初めて…
08036010,isolated,1,UNCLAIMED,,leak-risk,story,0803F5D8,□。·。□□コボルト：/おれだって　魔界へ行く/方法ぐらい　聞いたことあ
0803601C,isolated,1,UNCLAIMED,,leak-risk,story,0803F47C,□.·.∪□·N□吟ブロンドの男：/やあ………·/君と　会うのは初めて…
0803602C,isolated,1,UNCLAIMED,,leak-risk,story,0803F5D8,□。·。□□コボルト：/おれだって　魔界へ行く/方法ぐらい　聞いたことあ
0803603C,isolated,1,UNCLAIMED,,leak-risk,story,0803F324,□、·、□怖親方ドワーフ：/将門公が復活したんだってな……··だったら…
08036058,isolated,1,UNCLAIMED,,leak-risk,story,0803F804,□。·。□□親方ドワーフ：/わしは　あのゆれ方/全世界の終わりだと　思っ
08036064,isolated,1,UNCLAIMED,,leak-risk,story,0803F8C0,□.·.□□コボルト：/あの地震で　ミレニアムが/ブッこわれてたら　ここ
08036074,isolated,1,UNCLAIMED,,leak-risk,story,0803FA14,□。·。N□ガイコツ男：/東のほうで変な奴に会ったぜ/どっから来たのか/
08036084,isolated,1,UNCLAIMED,,leak-risk,story,0803FBD8,□、·、J怖魔界の女：/東へ行くと　ベリアー回廊の入□/ケセドとゲブラー
080360A0,isolated,1,UNCLAIMED,,leak-risk,story,0803FF3C,□、·、J怖·)□銀魔界の女：/動いてる山を見た？　あの山は/九頭竜なの
080360BC,isolated,1,UNCLAIMED,,leak-risk,story,080402EC,□。·。J□魔界の女：/ほらぁ　あたしが言った通り/セトは　復活したでし
080360C8,isolated,1,UNCLAIMED,,leak-risk,story,080403BA,□.·.《□うさんくさい男：/セトが飛んでったひょうしに/今度は　アバド
080360D8,isolated,1,UNCLAIMED,,leak-risk,story,080404D8,□。·。H□魔界の男：/アバドンは　消えたらしい/飲み込んだ物を　無にし
080360E8,isolated,1,UNCLAIMED,,leak-risk,story,0804060A,□。·。L□ゾンビ：/魔界のオレ達は　助かったな/これもルシファー様のお
080360F8,isolated,1,UNCLAIMED,,leak-risk,story,08040812,□、·、H怖魔界の男：/君は人間か？/魔界へようこそ/魔界のことを聞きた
08036114,isolated,1,UNCLAIMED,,leak-risk,story,08040B10,□。·。J□魔界の女：/ルシファー様は　魔界のため/立ち上がって下さるわ
08036124,isolated,1,UNCLAIMED,,leak-risk,story,08040BC0,□、·、H怖·□藻銀魔界の男：/セトが　復活しようとも/我々には　ルシフ
08036140,isolated,1,UNCLAIMED,,leak-risk,story,08040C7A,□。·。L□ゾンビ：/セトが　復活した！/うわさは　本当だった！·□。·
08036150,isolated,1,UNCLAIMED,,leak-risk,story,08040DAC,□、·、H□魔界の男：/九頭竜は　ルシファー様が/動かされたのか……··
08037570,isolated,1,UNCLAIMED,,leak-risk,story,0803759E,·：□吟街を歩いてみなさい··そなたに会いたがっている/男がいます··そ
08037624,isolated,1,UNCLAIMED,,leak-risk,story,08037672,·□□吟誰かがそなたに会いたがっている/・・・・・・/··このヴァルハラ
080377A0,isolated,1,UNCLAIMED,,leak-risk,story,080377B2,·□□吟·□吟そなたは使命を受けているはず··センタービルより西の方角・
080377A8,isolated,1,claimed,story,,,08037850,そなたの使命は続いています··センタービルより西の方角へ/向かい　凍てつ
080377BC,isolated,1,claimed,story,,,080378B8,そなたの使命は続いています/··センタービルより西の方角へ/向かいなさい
08037958,isolated,1,UNCLAIMED,,leak-risk,story,080379AE,·々□吟·□□吟·□吟·□□吟·□吟そなたは使命を受けたのです/··セン
080379C0,isolated,1,claimed,story,,,080379D2,そなたは使命を受けたのです/··センタービルより南の方角へ/向かいなさい
080379C8,isolated,1,UNCLAIMED,,leak-risk,story,08037B7C,·〆□吟そなたが成し遂げたことを/報告するべきです/··伝えてこそ使命は
08037B80,isolated,1,UNCLAIMED,,leak-risk,story,08037BD6,·ー□吟そなたが会うべき人物は/センタービルより東の方角/アルカディアの
08037C8C,isolated,1,UNCLAIMED,,leak-risk,story,08037CF8,·／□吟そなたの偽者を目指しなさい/··話はセンタービルの西方向で/聞け
08037CFC,isolated,1,UNCLAIMED,,leak-risk,story,08037DA2,·\□吟センタービルより北の汚れた街へ/向かいなさい/··そなたの向かう
08037E30,isolated,1,UNCLAIMED,,leak-risk,story,08037E84,·□□吟そなたに使命を依頼した男に/結果を伝えに行くべきでしょう/·
08037E88,isolated,1,UNCLAIMED,,leak-risk,story,08037ECA,·□□吟センタービルより西の地で/話を聞きなさい/··そなたが成すべき事
080380A8,isolated,1,claimed,story,,,08038134,古の武神を探す必要があります/··武神の6柱は地の底の古の都の/ほこらに
080380BC,isolated,1,claimed,story,,,08038134,古の武神を探す必要があります/··武神の6柱は地の底の古の都の/ほこらに
080380D0,isolated,1,claimed,story,,,08038134,古の武神を探す必要があります/··武神の6柱は地の底の古の都の/ほこらに
0803821C,isolated,1,UNCLAIMED,,leak-risk,story,08038248,·『□吟目的は叶えられたのでしょう/··されば旧ロッポンギ北東へ/向かい
0803824C,isolated,1,UNCLAIMED,,leak-risk,story,0803829C,·』□吟そなたには使命があるはずです/封印の地の深き場所にて/古の神々を
080382A0,isolated,1,UNCLAIMED,,leak-risk,story,080382F8,·※□吟センタービルより西に向かい/なさい/··そこで男と出会うでしょう
080382FC,isolated,1,UNCLAIMED,,leak-risk,story,08038346,·≥□吟センタービルの南/ファクトリーの最北端にある塔に/向かうのです·
080383C4,isolated,1,UNCLAIMED,,leak-risk,story,0803843C,·♂□吟センタービルの南/ファクトリーの最北端にある塔に/向かうのです/
08038440,isolated,1,UNCLAIMED,,leak-risk,story,080384B2,·ћ□吟センタービルより西の地で/男を捜しなさい/··男に会えるまでさま
0803867C,isolated,1,claimed,story,,,08038686,日の射さぬ地に住む異形の翁が/見えます・・・/この者の苦しみを癒せば/願
080386E8,isolated,1,claimed,story,,,08038722,そなたが欲しているもの・・・/··複数あるのでしょうか・・・/··様々な
080386F0,isolated,1,claimed,story,,,08038722,そなたが欲しているもの・・・/··複数あるのでしょうか・・・/··様々な
080386F8,isolated,1,claimed,story,,,08038722,そなたが欲しているもの・・・/··複数あるのでしょうか・・・/··様々な
08038700,isolated,1,claimed,story,,,08038722,そなたが欲しているもの・・・/··複数あるのでしょうか・・・/··様々な
08038708,isolated,1,claimed,story,,,08038722,そなたが欲しているもの・・・/··複数あるのでしょうか・・・/··様々な
08038710,isolated,1,claimed,story,,,08038722,そなたが欲しているもの・・・/··複数あるのでしょうか・・・/··様々な
08038718,isolated,1,claimed,story,,,08038722,そなたが欲しているもの・・・/··複数あるのでしょうか・・・/··様々な
0803897C,isolated,1,UNCLAIMED,,leak-risk,story,080389DC,·□□吟そなたには魔界でやる事が/あるようじゃが……/それ以上　わらわに
080389E0,isolated,1,claimed,story,,,08038A38,·2人の行く手は……/望み大なるも道険し/と出ています·
08038A9C,isolated,1,claimed,story,,,08038AAE,·占い師：/そなたの迷い　悩みを/打ちはらい　正しき道へと/導いてしんぜ
08038AA4,isolated,1,claimed,story,,,08038B8C,占い師：/そなたの背負いし　あまりに/大きな運命……···もはや　わらわ
08038C10,isolated,1,UNCLAIMED,,leak-risk,story,08038C70,·∪□吟ホドの街へと行くがよい/戦いが待っていようぞ/·
08038C74,isolated,1,UNCLAIMED,,leak-risk,story,08038CAA,·□□吟ネツァクの街へ行くがよい/出会いと戦いが待っていよう/··出会い
08038D0C,isolated,1,UNCLAIMED,,leak-risk,story,08038D42,·▲□吟ティフェレトの街へ向かえ/··そこの人の集まる場所が吉/と出てお
08038DF4,isolated,1,UNCLAIMED,,leak-risk,story,08038E2E,·□□吟ティフェレトより先の回廊へ/進むがよい/··街を飲み込んだ魔王が
08038FB8,isolated,1,UNCLAIMED,,leak-risk,story,08038FF2,·□□吟ティフェレトより先の回廊へ/進むがよい/··街を飲み込んだ魔王が
080391A0,isolated,1,UNCLAIMED,,leak-risk,story,080391DA,·□□吟ティフェレトより先の回廊へ/進むがよい/··街を飲み込んだ魔王が
08039330,isolated,1,UNCLAIMED,,leak-risk,story,0803936A,·⊇□吟エデンで待っている男が/見える・・・/·
08039BD4,isolated,1,claimed,story,,,08039F04,·』＞誰もいない……·
08039BE8,isolated,1,UNCLAIMED,,leak-risk,story,08039F1C,□：/·/ぼくも□の/放送を聞いたよ··彼は　なぜあんな事を言うんだ/ぼ
08039BF0,isolated,1,claimed,story,,,08039ED2,□：/ぼくの話を/もう一度聞くかい？/·□吟·□吟·』＞誰もいない……·
08039FD0,isolated,1,claimed,story,,,0803A17A,·￥□吟·$□吟·‖COMP：/救世主□は/消去されました/新救世主名を
0803A284,isolated,1,claimed,story,,,0803A17A,·￥□吟·$□吟·‖COMP：/救世主□は/消去されました/新救世主名を
0803A2F4,isolated,1,claimed,story,,,0803A302,キングマッスル：/·$□吟·°C□吟·∵□吟おれは　チャンピオン/ヴァル
0803A3CC,isolated,1,claimed,story,,,0803A426,新メシア　ばんざい！/·様ばんざい！·
0803A4AC,isolated,1,claimed,story,,,0803A4B8,アルカディア市民：/·$□吟·°C□吟·∵□吟おお　すばらしきは/我がア
0803A5A4,isolated,1,UNCLAIMED,,leak-risk,story,0803A5E4,……………………·
0803A688,isolated,1,claimed,story,,,0803A694,アルカディア市民：/·$□吟·°C□吟·∵□吟私達が　平和に/くらせるの
0803A75C,isolated,1,claimed,story,,,0803A7D4,私達が　平和に/くらせるのは　全て···様の/おかげです···様こそ/真
0803A830,isolated,1,UNCLAIMED,,leak-risk,story,0803A85E,……………………·
0803A8D8,isolated,1,claimed,story,,,0803A8E4,アルカディア市民：/·$□吟·°C□吟·∵□吟我々　アルカディアにすむ者
0803A9C0,isolated,1,claimed,story,,,0803AA06,·よ/救世主·よ/我々に　不死を　与えよ·
0803ABA0,isolated,1,claimed,story,,,0803ABCC,ぼくらの救世主/·様/バンザイ！·
0803B070,isolated,1,claimed,story,,,0803B408,メシア教神父：/ああ　教会再建のためのћが/全く集まらない/神よ　お許し
0803B470,isolated,1,claimed,story,,,0803B6F2,ストーカー：/おいしいアイテム/落ちてないか？·
0803B478,isolated,1,claimed,story,,,0803B6F2,ストーカー：/おいしいアイテム/落ちてないか？·
0803B480,isolated,1,claimed,story,,,0803B4B6,ストーカー：/なんだ？/この首　欲しいのか？/欲しいのか？□：·□吟ћ2
0803B5F0,isolated,1,claimed,story,,,0803B6D8,·いらないのか……·□i
0803B904,isolated,1,claimed,story,,,0803B94C,テンプルナイト：/センターから話は聞いています/どうぞ　お通り下さい·
0803BA10,isolated,1,claimed,story,,,0803BA56,男：/ち…力がぬけてく……·
0803D9A8,isolated,1,claimed,story,,,0803DC78,よっぱらい：/清涼飲料水なら/おごってもらわなくても/けっこうだよ··自
0803E058,isolated,1,claimed,story,,,0803E0D8,ルイ・サイファー：/いよいよだ……·/奴らが追いつめられ　その本性を/あ
0803E4D8,isolated,1,claimed,story,,,0803E574,□.労働者の女：/□は　食用に/ナンディを元につくられた/デモノイドなの
0803ECC4,isolated,1,claimed,story,,,0803EDD0,よっぱらいの労働者：/この　じめんのしたになぁ/ちかせかい　とかいうのが
0803F48C,isolated,1,claimed,story,,,0803F50C,ルイ・サイファー：/·君/アバドンなら　地下世界には/いないよ··センタ
0803FA8C,isolated,1,claimed,story,,,0803FB0C,ルイ・サイファー：/こんなところで会うとはね/·君/よく魔界まで　きたも
0803FE60,isolated,1,claimed,story,,,0803FEE0,ルイ・サイファー：/自力でイェソドからここへ/来たみたいだねえ　感心感心
0803FF4C,isolated,1,claimed,story,,,0804000C,魔界の女：/みんな言ってるわ/セトが動いたって/あたしは　見てないけど·
08040BD0,isolated,1,claimed,story,,,08040C24,魔界の男：/ルシファー様を倒した？/ハハハ　バカなこと言うなよ/ハハハ·
08041DF8,isolated,1,claimed,story,,,08041E02,"··いま　あなたの·,□銀·◯□銀·□銀ゴールド·□銀ダークコインは/□"
080422E0,isolated,1,claimed,story,,,080427D0,··あなたのコインは/□枚よ··コインは　こちらで/おあずかりしまーす/
0804231C,isolated,1,UNCLAIMED,,leak-risk,story,080423B6,"·,□銀·□□銀□%·□銀□@·□銀□○·□銀··スーパー27は/1ゲー"
0804238C,isolated,1,UNCLAIMED,,leak-risk,story,080423AC,"□★·□銀·,□銀·□□銀□%·□銀□@·□銀□○·□銀··スーパー27"
08042904,isolated,1,claimed,story,,,08042E0E,··終わるのね/コイン　□枚は/あずかっておくわ··来ればいつでも/使え
080429E0,isolated,1,UNCLAIMED,,leak-risk,story,08042A00,□↓·□銀··ラッキーシンボルは/1ゲーム　1コイン··このスロットは/
080429E8,isolated,1,UNCLAIMED,,leak-risk,story,080429F6,□〒·□銀□↓·□銀··ラッキーシンボルは/1ゲーム　1コイン··このス
08042F3C,isolated,1,claimed,story,,,08043006,·ジョーカーアンドスターズは/1ゲーム　1から8コインの/9リール　8ラ
08042F48,isolated,1,claimed,story,,,08043534,··残りのコインは/□枚です··こちらで　大切に　おあずかり/します/ま
08043644,isolated,1,claimed,story,,,0804365E,··KENOは/1から64の数の中から/1プレイで16の数が/選ばれるの
08043650,isolated,1,claimed,story,,,08043A4A,··KENOと　かいてキノ！/ケノって　よむなら/勝手にしな/じゃあ　ま
08043B34,isolated,1,claimed,story,,,08043B4E,··バカラで使うカードは/A・2から10・J・Q・Kの/13種類です··
08043B40,isolated,1,claimed,story,,,080440F6,··お客様のコインは　ただ今/□枚で/ございます··またおいで下さい·
080441D4,isolated,1,claimed,story,,,080441EE,··ルールは　かんたん/1プレイ10コイン··0から9のうち　選ばれた数
080441E0,isolated,1,claimed,story,,,08044378,··ビッグ　アンド　スモールで/ハンター　チャンス！！/ではまた明日·
080444C0,isolated,1,claimed,story,,,080446DE,··また来てネ/□持ってネ/ナマステ·
080444CC,isolated,1,claimed,story,,,080450B2,··□持ってない/コードブレイカーできない···また来てネ/□持ってネ/
08044800,isolated,1,claimed,story,,,08044820,·1回　1□ネ/ナンディさん　1から/7まで4けたの数/ANSWERに　
0804480C,isolated,1,claimed,story,,,08044A24,··また来てネ/□持ってネ/ナマステ·
0804481C,isolated,1,claimed,story,,,080447DC,··アナタ　どうするネ？·d　□銀÷□銀\□銀·□銀·□銀□＝·□銀·1
08044B4C,isolated,1,claimed,story,,,08044D6A,··また来てネ/□持ってネ/ナマステ·
08044B58,isolated,1,claimed,story,,,080450B2,··□持ってない/コードブレイカーできない···また来てネ/□持ってネ/
08044E94,isolated,1,claimed,story,,,080450DE,··また来てネ/□持ってネ/ナマステ·
08044EA0,isolated,1,claimed,story,,,080450B2,··□持ってない/コードブレイカーできない···また来てネ/□持ってネ/
08045DD0,isolated,1,UNCLAIMED,,leak-risk,story,08045F48,·‐□銀·→·
08045F4C,isolated,1,UNCLAIMED,,leak-risk,story,08046108,·／□銀·→·
08046190,isolated,1,claimed,story,,,08046244,センター司教：/·か…·/あなたに命令を下すのは/もう　私ではない··元
08046430,isolated,1,claimed,story,,,0804651A,大友アキラ：/せっかく　センター市民に/なれたってのに　センターが/つぶ
08046590,isolated,1,claimed,story,,,080466BC,·『＞誰もいない……·
0804663C,isolated,1,claimed,story,,,08046750,··◎·”□”ですか/これは…/··ジャイロジェット　　種類　銃/攻撃力
08046648,isolated,1,claimed,story,,,08046844,··←·”□”ですか/これは…/··レールガン　　　　　種類　銃/攻撃力
08046AC8,isolated,1,claimed,story,,,08046B0E,＞センター入□は/開ざされている·□□<
080474A4,isolated,1,claimed,story,,,080474AA,声：/見ろ！　あれがにせ者/いつわりの救世主/アンチ・メシアだ！/□つ□
08047500,isolated,1,claimed,story,,,08047782,·⇔□：·。’□·〉□つ□－·：/よく逃げずに/ここまで来たな··だが　
08048460,isolated,1,claimed,story,,,080484AC,＞ザ・ヒーローの像が/目から　涙を流している……·
08048664,isolated,1,claimed,story,,,08048842,·□·NOW　PLAYING/　　　　　　　　MUSIC··□銀·∋·N
08048670,isolated,1,claimed,story,,,080488C2,·∈·NOW　PLAYING/　　　　　　　　MUSIC··□銀·□·N
0804867C,isolated,1,claimed,story,,,08048942,□！·NOW　PLAYING/　　　　　　　　MUSIC··□銀·◆·N
08048688,isolated,1,claimed,story,,,080489C2,·◇·NOW　PLAYING/　　　　　　　　MUSIC··□銀·∪·N
08048694,isolated,1,claimed,story,,,08048A42,·□·NOW　PLAYING/　　　　　　　　MUSIC··□銀·↑·N
080486A0,isolated,1,claimed,story,,,08048772,·OK！　OK！/また　来てくれよナ/BYE　BYE！·
080486B0,isolated,1,claimed,story,,,08048842,·□·NOW　PLAYING/　　　　　　　　MUSIC··□銀·∋·N
080486BC,isolated,1,claimed,story,,,080488C2,·∈·NOW　PLAYING/　　　　　　　　MUSIC··□銀·□·N
080486C8,isolated,1,claimed,story,,,08048942,□！·NOW　PLAYING/　　　　　　　　MUSIC··□銀·◆·N
080486D4,isolated,1,claimed,story,,,080489C2,·◇·NOW　PLAYING/　　　　　　　　MUSIC··□銀·∪·N
080486E0,isolated,1,claimed,story,,,08048A42,·□·NOW　PLAYING/　　　　　　　　MUSIC··□銀·↑·N
080486EC,isolated,1,claimed,story,,,08048AC2,·→·NOW　PLAYING/　　　　　　　　MUSIC··□銀·□·N
080486F8,isolated,1,claimed,story,,,08048B42,·⊆·NOW　PLAYING/　　　　　　　　MUSIC··□銀·□·N
08048704,isolated,1,claimed,story,,,08048B82,·□·NOW　PLAYING/　　　　　　　　MUSIC··□銀·△·N
08048714,isolated,1,claimed,story,,,08048902,·□·NOW　PLAYING/　　　　　　　　MUSIC··□銀□！·N
08048720,isolated,1,claimed,story,,,08048982,·◆·NOW　PLAYING/　　　　　　　　MUSIC··□銀·◇·N
0804872C,isolated,1,claimed,story,,,08048A02,·∪·NOW　PLAYING/　　　　　　　　MUSIC··□銀·□·N
08048738,isolated,1,claimed,story,,,08048A82,·↑·NOW　PLAYING/　　　　　　　　MUSIC··□銀·→·N
08048744,isolated,1,claimed,story,,,08048B02,·□·NOW　PLAYING/　　　　　　　　MUSIC··□銀·⊆·N
08048750,isolated,1,claimed,story,,,08048B82,·□·NOW　PLAYING/　　　　　　　　MUSIC··□銀·△·N
0804875C,isolated,1,claimed,story,,,08048C02,·〒·NOW　PLAYING/　　　　　　　　MUSIC··□銀·=·N
08048768,isolated,1,claimed,story,,,08048772,·OK！　OK！/また　来てくれよナ/BYE　BYE！·
0804900C,isolated,1,UNCLAIMED,,leak-risk,story,08049EB4,·、X□スリラーくん：/フゥ！/ボクは　争うのはキライ/こどもの心が　大
0804924C,isolated,1,UNCLAIMED,,leak-risk,story,080496C0,·。□□女：/やっぱり　あたしが　1番よね/どう！　この魔力9のダンス！
08049254,isolated,1,UNCLAIMED,,leak-risk,story,080496C0,·。□□女：/やっぱり　あたしが　1番よね/どう！　この魔力9のダンス！
080495AC,isolated,1,claimed,story,,,080495F8,6番の彼女だ！　おめでとう！·
080495D4,isolated,1,claimed,story,,,080495F8,6番の彼女だ！　おめでとう！·
0804961C,isolated,1,claimed,story,,,0804955E,·エントリーナンバー……/□
08049AD4,isolated,1,claimed,story,,,08049BBA,女：/次のレイヴは　いつかなぁ·
08049ADC,isolated,1,claimed,story,,,08049B2E,女：/今度のレイヴ・パーティーでは/ダンス・コンテストも/あるんだって·
08049C94,isolated,1,claimed,story,,,08049CDC,女：/モロクのシッポは/地面の下から/出てきてるみたいね·
08049F28,isolated,1,UNCLAIMED,,leak-risk,story,0804A00E,·、？□·｛□、□。花田：/きさま！　ここは大天才科学者/ドクター花田様
08049F30,isolated,1,UNCLAIMED,,leak-risk,story,08049F94,·、⊂□·｛男：/こら！　ここに入っちゃ/ダメだっての··人を入れたら　
0804A678,isolated,1,claimed,story,,,0804A682,ドワーフ：/こご掘ると武器出でくるだよ/売り飛ばせば　いい儲けだ··いっ
0804AA70,isolated,1,claimed,story,,,0804AA7C,鍛冶屋：/見ての通り　いそがしいんだ/ひやかしなら　帰ってくれ·
0804AA78,isolated,1,claimed,story,,,0804AABE,□―鍛冶屋：/お　おまえ　何持ってる！？/それは　”□”/じゃないか！·
0804B59C,isolated,1,claimed,story,,,0804B8F2,·∞＞誰もいない……·□□$
0804C568,isolated,1,UNCLAIMED,,leak-risk,story,0804C56E,·∨·x·B·
0804D52C,isolated,1,UNCLAIMED,,leak-risk,story,0804D5C2,·♂□銀·△·
0804E65C,isolated,1,claimed,story,,,0804E6AE,□：/…なぜだ？/なぜみんな逃げ出そうと/しないんだ？···…そうか/塔
0804E72C,isolated,1,claimed,story,,,0804E78E,男：/た　助けてくれ！/ここから出してくれ！··＞中に人がいる/中の人を
0804EA00,isolated,1,claimed,story,,,0804EA72,女：/助けてーっ！　お願い！/私を助けて！/ここから　出してーっ！··＞
0804EB78,isolated,1,claimed,story,,,0804EBE8,子供：/たすけてくれよーっ！/オレをここから出してくれよー··＞中に人が
0804ECCC,isolated,1,claimed,story,,,0804ED1C,ゴウ・ミフネ：/おい　おまえ！　ここを開けろ！·□銀·！□。·チキショウ
0804EDD4,isolated,1,claimed,story,,,0804EEE0,トーマス・タンク：/………··＞彼は　死んでしまったようだ··て·□銀·
0804EDDC,isolated,1,claimed,story,,,0804EE5A,トーマス・タンク：/私は　もうだめだ…/体からMAGをすいつくされて/し
0804F578,isolated,1,UNCLAIMED,,leak-risk,story,0804F584,·□□銀テンプルナイト：/ただいま　ファクトリーへ/市民の方は入れません
0804F580,isolated,1,claimed,story,,,0804F630,テンプルナイト：/ありがとうございました/おかげ様で　ファクトリーは/無
0804F588,isolated,1,claimed,story,,,0804F5E2,テンプルナイト：/センターから話は聞いています/どうぞ　お通り下さい··
0804FB64,isolated,1,UNCLAIMED,,leak-risk,story,0804FBA2,□。□銀·…□銀·］ナジャ：/ここを通れば　ファクトリーの/収容所に行け
080506AC,isolated,1,UNCLAIMED,,leak-risk,story,08050868,□。·、√□·〇アヌーン：/あら·□。·、ћ□　·さん……···さんは/
080508F0,isolated,1,claimed,story,,,08050BFA,·<＞□は　もういない·
08050900,isolated,1,UNCLAIMED,,leak-risk,story,08050B5C,·〒盛九□：/早く”□”を/取ってくるのだ·
08050908,isolated,1,claimed,story,,,08050A8A,□：/アヌーンから話は聞いた/またパックの奴めが/いたずらをしおって…·
08050914,isolated,1,UNCLAIMED,,MISSING,,0805091E,·∨□、鵠九·嫉九·﹁□、恨九·嫉九·⇒□、査九·嫉九·⇔□、彩九·嫉九
0805092C,isolated,1,UNCLAIMED,,leak-risk,story,08050A12,·∨□：/妖精を仲魔にしておるのか/妖精の願いなら/聞いてやらん事もない
08050938,isolated,1,UNCLAIMED,,MISSING,,08050942,·⇒□、査九·嫉九·⇔□、彩九·嫉九·∡□、剤九·嫉九·∃□、咋九·嫉九
08050950,isolated,1,UNCLAIMED,,leak-risk,story,08050A12,·∨□：/妖精を仲魔にしておるのか/妖精の願いなら/聞いてやらん事もない
0805095C,isolated,1,UNCLAIMED,,leak-risk,,08050966,·∡□、剤九·嫉九·∃□、咋九·嫉九·□□、擦九·嫉九·□□、散九·嫉九
08050974,isolated,1,UNCLAIMED,,leak-risk,story,08050A12,·∨□：/妖精を仲魔にしておるのか/妖精の願いなら/聞いてやらん事もない
08050980,isolated,1,UNCLAIMED,,leak-risk,story,0805098A,·□□、擦九·嫉九·□□、散九·嫉九·∨□：/私は　妖精の王である··妖
08050998,isolated,1,UNCLAIMED,,leak-risk,story,08050A12,·∨□：/妖精を仲魔にしておるのか/妖精の願いなら/聞いてやらん事もない
080509A4,isolated,1,UNCLAIMED,,leak-risk,story,080509AE,·∨□：/私は　妖精の王である··妖精の1人も　連れておらぬ/人間の願い
08050B60,isolated,1,claimed,story,,,08050B8A,□：/”□”を取ってきたか/御苦労であったな··では　□の魔法を/解いて
08051094,isolated,1,claimed,story,,,0805148C,パック：/”□”は　もう無いよ/なかなか手に入らないんだ··□九□i
0805109C,isolated,1,claimed,story,,,0805120C,□：パック：/ћ10000　持ってきたぁー？···冉九パック：/……ごめ
080510A8,isolated,1,claimed,story,,,0805148C,パック：/”□”は　もう無いよ/なかなか手に入らないんだ··□九□i
08051900,isolated,1,claimed,story,,,0805193C,＞ほこらの中に入りますか？/·□九·
08051908,isolated,1,claimed,story,,,08051912,ヒルコの声：/そのほこらの中に入るのだ··＞ほこらの中に入りますか？/·
08051C04,isolated,1,claimed,story,,,08051C40,＞ほこらの中に入りますか？/·□九·
08051C0C,isolated,1,claimed,story,,,08051C16,ヒルコの声：/そのほこらの中に入るのだ··＞ほこらの中に入りますか？/·
08051EB8,isolated,1,claimed,story,,,08051EE6,＞ほこらの中に入りますか？/·□九·
080520A4,isolated,1,claimed,story,,,0805210A,＞ほこらの中に入りますか？/·□九·
080520AC,isolated,1,claimed,story,,,080520D8,·〈□九ヒルコの声：/そのほこらの中に入るのだ··＞ほこらの中に入ります
08052160,isolated,1,claimed,story,,,080521C6,＞ほこらの中に入りますか？/·□九·
08052168,isolated,1,claimed,story,,,08052194,·《□九ヒルコの声：/そのほこらの中に入るのだ··＞ほこらの中に入ります
080525A4,isolated,1,UNCLAIMED,,leak-risk,story,0805279A,·□九·±□九·」□九·□·□＞岩戸は/かたく開ざされている··□九·『
080525B8,isolated,1,UNCLAIMED,,leak-risk,story,0805279A,·□九·±□九·」□九·□·□＞岩戸は/かたく開ざされている··□九·『
080525CC,isolated,1,UNCLAIMED,,leak-risk,story,0805279A,·□九·±□九·」□九·□·□＞岩戸は/かたく開ざされている··□九·『
0805279C,isolated,1,claimed,story,,,0805A692,·主：/悪魔が集いし/邪教の館にようこそ··なんの用じゃ？/□□九□？□
080527AC,isolated,1,claimed,story,,,080527DE,·『□九·□·、∵□·。∫□·□ヒルコ：/公よ　ここを開けて下され··将
08053150,isolated,1,claimed,story,,,0805326C,·）＞□は/すでに封印を解かれた·
0805329C,isolated,1,claimed,story,,,08053354,·）＞□は/すでに封印を解かれた·
080533A0,isolated,1,claimed,story,,,08053408,□：/おまえが　·か··ルシファー様の命により/その力/試させてもらうぞ
080535C4,isolated,1,claimed,story,,,08053620,□：/·よ！··おまえの力/□□が/試させてもらうぞ！··
0805375C,isolated,1,claimed,story,,,080537B8,□：/·よ！··おまえの力/□□が/試させてもらうぞ！··
080538F4,isolated,1,claimed,story,,,08053950,□：/·よ！··おまえの力/□□が/試させてもらうぞ！··
08053A8C,isolated,1,claimed,story,,,08053AE8,□：/·よ！··おまえの力/□□が/試させてもらうぞ！··
08053C04,isolated,1,claimed,story,,,08053D60,·∋·¢＞□は/もういない·□
08053C24,isolated,1,claimed,story,,,08053C80,□：/·よ！··おまえの力/□□が/試させてもらうぞ！··
08053DBC,isolated,1,claimed,story,,,08053E18,□：/·よ！··おまえの力/□□が/試させてもらうぞ！··
08053F54,isolated,1,claimed,story,,,08053FB0,□：/·よ！··おまえの力/□□が/試させてもらうぞ！··
080540CC,isolated,1,claimed,story,,,08054228,·∋·¢＞□は/もういない·□
080540EC,isolated,1,claimed,story,,,08054148,□：/·よ！··おまえの力/□□が/試させてもらうぞ！··
08054284,isolated,1,claimed,story,,,080542E0,□：/·よ！··おまえの力/□□が/試させてもらうぞ！··
0805441C,isolated,1,claimed,story,,,08054478,□：/·よ！··おまえの力/□□が/試させてもらうぞ！··
080545B4,isolated,1,claimed,story,,,08054610,□：/·よ！··おまえの力/□□が/試させてもらうぞ！··
0805474C,isolated,1,claimed,story,,,080547A8,□：/·よ！··おまえの力/□□が/試させてもらうぞ！··
080548D0,isolated,1,claimed,story,,,08055068,·｛＞もう　魔界へは/通じていない·
080548E0,isolated,1,UNCLAIMED,,leak-risk,story,080548F6,·、づ□·｛·＞誰かが　ここで/魔界への入□を　開けようと/してるらしい
080558F8,isolated,1,claimed,story,,,08055970,＞アルター・ストーンがある……··□九·
08055B6C,isolated,1,claimed,story,,,08055BE4,＞アルター・ストーンがある……··□九·
08055DE0,isolated,1,claimed,story,,,08055E58,＞アルター・ストーンがある……··□九·
08056604,isolated,1,claimed,story,,,08056788,·%＞□は/すでに倒された……·□
08057780,isolated,1,claimed,story,,,080577C8,声：/汝らの戦いは　全て/我が行いのためとなったのだ·□□□□〆
08058764,isolated,1,UNCLAIMED,,leak-risk,story,08058774,·□□九·□□九·り□九岡本：/まったく/チャンプさまさまだなぁ··ジム
08058778,isolated,1,claimed,story,,,08058F92,·□□九岡本：/ジムもでっかくなって/ビンボーとも　おさらばして/もう言
080590B0,isolated,1,UNCLAIMED,,leak-risk,story,08059110,·／□九岡本：/ホ　ホーク！/…じゃなかった···よぉ！/おまえ　また戦
08059114,isolated,1,claimed,story,,,0805919E,岡本：/ホーク　いや/·が/今やメシア様か··もう　わしの手のとどかねぇ
08059300,isolated,1,claimed,story,,,0805938C,戦士：/メシア・·様が/所属したジムで　トレーニング/できるなんて　幸せ
08059308,isolated,1,claimed,story,,,08059342,戦士：/ああ　チャンピオン様/あなたにあこがれて/このジムに　来ました·
08059584,isolated,1,UNCLAIMED,,leak-risk,story,0805970A,·∋·¢＞□は/もういない·
08059740,isolated,1,claimed,story,,,0805A0CA,·‡□九·□九·STEVEN：/やっと　できたよ··仲魔データのサイズを
08059748,isolated,1,claimed,story,,,08059F14,·J□九·□九·STEVEN：/また　会えたね··君も　ずいぶんレベルが
08059750,isolated,1,claimed,story,,,08059D2C,·I□九·□九·STEVEN：/まだ　生き残って/くれているようだね/け
08059758,isolated,1,claimed,story,,,08059B8E,·STEVEN：/やあ　真面目に/ヴァーチャル・バトラーに通って/きたえ
0805A688,isolated,1,claimed,story,,,0805A692,·主：/悪魔が集いし/邪教の館にようこそ··なんの用じゃ？/□□九□？□
0805A6F8,isolated,1,claimed,story,,,0805A780,·仲魔がふえたら/また来るがよい·□□□
0805A720,isolated,1,claimed,story,,,0805A780,·仲魔がふえたら/また来るがよい·□□□
0805A77C,isolated,1,claimed,story,,,0805A780,·仲魔がふえたら/また来るがよい·□□□
0805A7E0,isolated,1,claimed,story,,,0805A780,·仲魔がふえたら/また来るがよい·□□□
0805A8F0,isolated,1,claimed,story,,,0805ADD2,·悪魔が基本的に持てないはずの/魔法も合体前の悪魔が持っている/魔法なら
0805A8FC,isolated,1,claimed,story,,,0805B1D0,·合体を行うために悪魔を選択/すると表示されるのが合体表/だ··表の記号
0805A908,isolated,1,claimed,story,,,0805B77A,·COMPから悪魔を召喚するには/マッカが必要だ··それぞれの悪魔には召
0805A914,isolated,1,claimed,story,,,0805BF68,·FULLMOONのときは/たいがいの悪魔と会話は不可能に/なる··説得
0805A92C,isolated,1,claimed,story,,,0805ADD2,·悪魔が基本的に持てないはずの/魔法も合体前の悪魔が持っている/魔法なら
0805A938,isolated,1,claimed,story,,,0805B1D0,·合体を行うために悪魔を選択/すると表示されるのが合体表/だ··表の記号
0805A944,isolated,1,claimed,story,,,0805B540,·人間だけで先に進もうとすると/行き詰まってしまうだろう··主に戦力不足
0805A950,isolated,1,claimed,story,,,0805B9BE,·敵悪魔のレベルがこちらより高い/ときはたとえ会話で説得に成功/しそうに
0805C400,isolated,3,claimed,story,,,0805C4A8,·いらっしゃい　用件はなんだい？·d◯□九'□九\□九·□九·いらっしゃ
0805C404,isolated,3,claimed,story,,,0805C4E4,·いらっしゃい　用件はなんだい？·
0805C408,isolated,3,claimed,story,,,0805C526,·いらっしゃい　用件はなんだい？·d/□九'□九\□九·□九·いらっしゃ
0805C414,isolated,2,claimed,story,,,0805C5F8,"·いらっしゃい　用件はなんだい？·□◯□九""□九!□九'□九\□九·□九"
0805C418,isolated,2,claimed,story,,,0805C640,·いらっしゃい　用件はなんだい？·
0805C43C,table,4,claimed,story,,,0805DCF0,·オレも　一度でいいからカジノで/遊んでみたいよ/···□九·SELEC
0805C440,table,4,claimed,story,,,0805DD2C,·SELECTボタンを押せば/オレ達の代わりに　いろいろと/説明してくれ
0805C444,table,4,claimed,story,,,0805DD84,·どこかに　コードブレイカーが/遊べる場所があるらしいが/“メタルカード
0805C448,table,4,claimed,story,,,0805DD84,·どこかに　コードブレイカーが/遊べる場所があるらしいが/“メタルカード
0805C460,table,4,claimed,story,,,0805E646,·なんでも昔あった　○○は/全て直っているらしい/オレには　何のことか/
0805C464,table,4,claimed,story,,,0805E646,·なんでも昔あった　○○は/全て直っているらしい/オレには　何のことか/
0805C468,table,4,claimed,story,,,0805E6AA,·きちんとセーブは/取っているかい？/まあ　余計な　お世話かも/しれない
0805C46C,table,4,claimed,story,,,0805E6AA,·きちんとセーブは/取っているかい？/まあ　余計な　お世話かも/しれない
0805C484,table,4,claimed,story,,,0805EEDA,·この街は　地霊どもが住んでいる/やつら　暇さえあれば/酒を飲んでやがる
0805C488,table,4,claimed,story,,,0805EF4C,·妖精の街にいる楽屋のアヌーンに/彼氏が　出来たらしい…/密かに　狙って
0805C48C,table,4,claimed,story,,,0805EF4C,·妖精の街にいる楽屋のアヌーンに/彼氏が　出来たらしい…/密かに　狙って
0805C490,table,4,claimed,story,,,0805EFAE,·ひとつ　いい事を教えよう/カジャ系の魔法は/重ねがけが　出来るんだ/戦
0805C4E0,isolated,1,claimed,story,,,0805C8E2,·また来てくれよ！·/
0805C510,isolated,1,claimed,story,,,0805CEBC,·□□□九□九真・女神転生のささった/ゲームボーイアドバンスを/通信ケー
0805C51C,isolated,1,claimed,story,,,0805C8E2,·また来てくれよ！·/
0805C558,isolated,1,claimed,story,,,0805C8E2,·また来てくれよ！·/
0805C594,isolated,1,claimed,story,,,0805D336,·□□□九□九□九□九□九□九元鑑定屋：/メモリーチップに還元する悪魔は
0805C5A0,isolated,1,claimed,story,,,0805C8E2,·また来てくれよ！·/
0805C5DC,isolated,1,claimed,story,,,0805CEBC,·□□□九□九真・女神転生のささった/ゲームボーイアドバンスを/通信ケー
0805C5F4,isolated,1,claimed,story,,,0805C8E2,·また来てくれよ！·/
0805C63C,isolated,1,claimed,story,,,0805C8E2,·また来てくれよ！·/
0805C66C,isolated,1,claimed,story,,,0805D336,·□□□九□九□九□九□九□九元鑑定屋：/メモリーチップに還元する悪魔は
0805C678,isolated,1,claimed,story,,,0805C8E2,·また来てくれよ！·/
0805C698,isolated,1,claimed,story,,,0805D4E4,·ビジョナリーアイテムを/手に入れたとき一部のアイテムは/壊れていること
0805C6C8,isolated,1,claimed,story,,,0805D81E,·複数のメモリーチップを/使って悪魔を呼び出すものが/イースターシステム
0805C6EC,isolated,1,claimed,story,,,0805DA6E,·イースターシステムやハロウィン/システムで召喚した悪魔は/修復悪魔と呼
0805C710,isolated,1,claimed,story,,,0805D92E,·リデュースとは　イースターシス/テムやハロウィンシステムで召喚/した悪
0805C758,isolated,1,claimed,story,,,0805D698,·複数のメモリーチップと通信機能/を使って悪魔を呼び出すものが/ハロウィ
0805C77C,isolated,1,claimed,story,,,0805DA6E,·イースターシステムやハロウィン/システムで召喚した悪魔は/修復悪魔と呼
0805C7B8,isolated,1,claimed,story,,,0805D4E4,·ビジョナリーアイテムを/手に入れたとき一部のアイテムは/壊れていること
0805C7DC,isolated,1,claimed,story,,,0805D698,·複数のメモリーチップと通信機能/を使って悪魔を呼び出すものが/ハロウィ
0805C800,isolated,1,claimed,story,,,0805DA6E,·イースターシステムやハロウィン/システムで召喚した悪魔は/修復悪魔と呼
0805C848,isolated,1,claimed,story,,,0805D81E,·複数のメモリーチップを/使って悪魔を呼び出すものが/イースターシステム
0805C86C,isolated,1,claimed,story,,,0805DA6E,·イースターシステムやハロウィン/システムで召喚した悪魔は/修復悪魔と呼
0805C8A8,isolated,1,claimed,story,,,0805D92E,·リデュースとは　イースターシス/テムやハロウィンシステムで召喚/した悪
0805C8C4,isolated,1,claimed,story,,,0805D698,·複数のメモリーチップと通信機能/を使って悪魔を呼び出すものが/ハロウィ
0805C8D0,isolated,1,claimed,story,,,0805D92E,·リデュースとは　イースターシス/テムやハロウィンシステムで召喚/した悪
0805C900,isolated,2,claimed,story,,,0805CDEA,·ビジョナリーアイテムがない···□九·通信エラーが発生しました！··通
0805C904,isolated,2,claimed,story,,,0805CDEA,·ビジョナリーアイテムがない···□九·通信エラーが発生しました！··通
0805C90C,isolated,3,claimed,story,,,0805C924,どのアイテムを修復するんだい？·□九どのアイテムを修復する？·□九どのア
0805C910,isolated,3,claimed,story,,,0805C948,どのアイテムを修復する？·□九どのアイテムを修復すんだ？·□九どのアイテ
0805C914,isolated,3,claimed,story,,,0805C966,どのアイテムを修復すんだ？·□九どのアイテムを修復するのー？·□九どのア
0805D22C,table,6,claimed,story,,,0805D26A,元鑑定屋：/どの悪魔を抽出するんだ·□九元鑑定屋：/どの悪魔を抽出すんだ
0805D230,table,6,claimed,story,,,0805D292,元鑑定屋：/どの悪魔を抽出すんだ·□九元鑑定屋：/どの悪魔を抽出するのー
0805D234,table,6,claimed,story,,,0805D2B8,元鑑定屋：/どの悪魔を抽出するのー·□九元鑑定屋：/どの悪魔を抽出するの
0805D238,table,6,claimed,story,,,0805D2E0,元鑑定屋：/どの悪魔を抽出するのかね·□九元鑑定屋：/どの悪魔を抽出する
0805D23C,table,6,claimed,story,,,0805D30A,元鑑定屋：/どの悪魔を抽出する？□‐··□九·□□□九□九□九□九□九□
0805D340,table,6,claimed,story,,,0805D390,元鑑定屋：/メモリーチップに還元する悪魔は/どれだ？·□九元鑑定屋：/メ
0805D344,table,6,claimed,story,,,0805D3CA,元鑑定屋：/メモリーチップに還元する悪魔は/どれだ？·□九元鑑定屋：/メ
0805D348,table,6,claimed,story,,,0805D404,元鑑定屋：/メモリーチップに還元する悪魔は/どれー？·□九元鑑定屋：/メ
0805D34C,table,6,claimed,story,,,0805D43E,元鑑定屋：/メモリーチップに還元する悪魔は/どれかね？·□九元鑑定屋：/
0805D350,table,6,claimed,story,,,0805D47A,元鑑定屋：/メモリーチップに還元する悪魔は/どれ？□／··□九··□1□
0805D4CC,isolated,1,claimed,story,,,0805D81E,·複数のメモリーチップを/使って悪魔を呼び出すものが/イースターシステム
0805D4D8,isolated,1,claimed,story,,,0805DA6E,·イースターシステムやハロウィン/システムで召喚した悪魔は/修復悪魔と呼
0805DC2C,isolated,1,claimed,story,,,0805DCDE,□□□九□九·□九·オレも　一度でいいからカジノで/遊んでみたいよ/··
0805F3A0,table,4,claimed,story,,,0805F3B0,·風の噂で　アヌーンちゃんに/恋人が出来た事を　聞いた…/ファンクラブも
0805F3A4,table,4,claimed,story,,,0805F3B0,·風の噂で　アヌーンちゃんに/恋人が出来た事を　聞いた…/ファンクラブも
0805F3A8,table,4,claimed,story,,,0805F416,·ひとつ　いい事を教えよう/悪魔達の中には　レベルが下がる/攻撃をしてく
0805F3AC,table,4,claimed,story,,,0805F48E,·この街は　ミュータント達が/住んでいるんだ/ここに住んでいるのには理由
0805F8A8,table,6,claimed,story,,,0805F8C0,元鑑定屋：/メモリーに空きが無いな/仲魔を減らしてから/また来ておくれ·
0805F8AC,table,6,claimed,story,,,0805F910,元鑑定屋：/メモリーの空きが無い/仲魔を減らしてから/来てくれ···□九
0805F8B0,table,6,claimed,story,,,0805F958,元鑑定屋：/メモリーの空きが無い/仲魔を減らしてから/また来てくれ···
0805F8B4,table,6,claimed,story,,,0805F9A4,元鑑定屋：/メモリーの空きが無いのー/仲魔を減らしてから来てー···□九
0805F8B8,table,6,claimed,story,,,0805F9EC,元鑑定屋：/メモリーの空きが無いよ/仲魔を減らしてから/来てくれ···□
0805F8BC,table,6,claimed,story,,,0805FA36,元鑑定屋：/メモリーの空きが無いよ/仲魔を減らしてから来て···□九□□
08061EF0,isolated,1,claimed,story,,,08061FF4,□：/また　来たか　少しは/レベルが上がって　いるかな？/どれどれ……·
0806213C,isolated,1,claimed,story,,,080625B6,·¢＞□は/もういない·
080625DC,isolated,1,claimed,story,,,08062D60,·◆□倶·□倶·D□、□倶·¢□：/我が　コクマの塔か/今は　おまえと行
080625F8,isolated,1,claimed,story,,,08062E52,□：/なんだ　その男のザマは？··それでは　私と話すことも/出来んな　出
08062600,isolated,1,claimed,story,,,08062E52,□：/なんだ　その男のザマは？··それでは　私と話すことも/出来んな　出
08062608,isolated,1,claimed,story,,,08062E52,□：/なんだ　その男のザマは？··それでは　私と話すことも/出来んな　出
08062610,isolated,1,claimed,story,,,08062B50,·□□倶□：/人の子　·よ··お前が　ここを通ってもよいか/試させてもら
08062F04,isolated,1,UNCLAIMED,,leak-risk,story,08062F12,·﹁·□□倶＞マーラの魔力で　開かない·□￥
08063020,isolated,1,claimed,story,,,0806304C,＞マーラの魔力は/もう失われている·□）□
080631E8,isolated,1,claimed,story,,,080631F4,金剛神界から/ここへ　やって来たそうだ··今　ここから/金剛神界へ行ける
080631F0,isolated,1,claimed,story,,,0806316C,どこからか現れた/ここが　その場所だそうだ··3人の男は/破壊後のトウキ
080633E0,isolated,1,claimed,story,,,080633EE,·＞魔人は　現れなかった……·
08063694,isolated,1,UNCLAIMED,,leak-risk,story,0806369A,·□□、□倶□：/·よ··ここ金剛神界には　役小角の/霊力により　大いな
08065F78,isolated,1,UNCLAIMED,,leak-risk,story,08065F7E,·□□□·□_□·…□倶·\□倶目加田：/…ひさしぶりだな/·よ…　私だ
08066EE8,isolated,1,UNCLAIMED,,leak-risk,story,08066EEE,·□□、□倶□：/右へ行って　奥の階段だ/この下の階から　におってくるぞ
08067D1C,isolated,1,UNCLAIMED,,leak-risk,story,08067D28,·∈·＝＞ヴァルハラ・エリアは/魔王アバドンに/飲み込まれてしまった·
08067D84,isolated,1,UNCLAIMED,,leak-risk,story,08067D92,·∇□倶·’·□倶·□□、□倶·’·□倶·∈声：/おい　おまえ/·　じゃ
08067DAC,isolated,1,claimed,story,,,08067DBA,·∈声：/おい　おまえ/·　じゃないか？/オレだ　オレだよ……···
080680E4,isolated,1,claimed,story,,,08068D7C,＞メシア教放送は　もう流れない·
080680F4,isolated,1,UNCLAIMED,,leak-risk,story,08068B68,·￣∬□□￣□：/……センターは/ファクトリーなんて言って/いるが　実は
08068310,isolated,1,claimed,story,,,080683BA,·コロシアム・トーナメントの/チャンピオン　ホークが　実は/センター市民
08069A80,isolated,1,claimed,story,,,0806A6F8,＞メシア教放送は/もう流れない·
08069A88,isolated,1,UNCLAIMED,,leak-risk,story,0806A5D0,□。·：□□センター司教：/センターより/□につぐ·/直ちに　センターへ
08069A90,isolated,1,UNCLAIMED,,leak-risk,story,0806A4EE,·￣∬□□￣□：/……センターは　ファクトリー/なんて言っているが/実は
08069CAC,isolated,1,claimed,story,,,08069D52,·コロシアム・トーナメントの/チャンピオン　ホークが··実は　センター市
0806A79C,isolated,1,UNCLAIMED,,leak-risk,story,0806A9FE,·→□：/…生産を　受け持つ/ファクトリー……/そこで働く人達……··死
0806B070,isolated,1,claimed,story,,,0806B0FE,老人：/あんたがメシアだって？/センターが　勝手に言ってるだけ/じゃ·
0806B278,isolated,1,claimed,story,,,0806B2C4,ガイア教徒：/センターは　ヴァルハラを/見捨てた··メシア教におどらされ
0806B6FC,isolated,1,claimed,story,,,0806B74A,男：/センターめ！　ヴァルハラ全部を/魔王アバドンに　飲み込ませる/とは
0806BB24,isolated,1,claimed,story,,,0806BDA0,□;男：/ちくしょう……/体に力が入りやがらねぇ……··こんな体じゃ…/
0806BB2C,isolated,1,claimed,story,,,0806BD42,男：/□が/向かってから　センターに/動きがないが……···一体　なにが
0806BB34,isolated,1,claimed,story,,,0806BCC0,男：/センターの奴らめ/きたない事を考えやがる…··ホーリータウンの人々
0806BB3C,isolated,1,claimed,story,,,0806BBCE,·□倶男：/センターと　正面切って戦う/とは□は/すごいよ··ここにいる
0806BBD0,isolated,1,UNCLAIMED,,leak-risk,story,0806BC58,·∞□倶男：/この間また　魔界へ行くって/言ってた奴に会ったけどな……·
0806BC5C,isolated,1,claimed,story,,,0806BBD4,男：/センターと　正面切って戦う/とは□は/すごいよ··ここにいる奴らは
0806C644,isolated,1,UNCLAIMED,,leak-risk,story,0806C64A,·」□倶声：/くっそー　また失敗だ！·
0806D7E8,isolated,1,claimed,story,,,0806D76E,私はまだ　エデンに/行くことが　できません··きっと私の行いが/神の御心
0806DA4C,isolated,1,claimed,story,,,0806DA56,なぜ　この私が方舟に/乗れないんだ！/おかしいぞ！···…あの方舟は/ニ
0806DCF4,isolated,1,claimed,story,,,0806DCFE,神のために　つくせば/救われるんじゃ/なかったのか！··方舟に　乗せてく
0806E010,isolated,1,claimed,story,,,0806E05A,男：/何で　あんなきつい仕事を/タダでやらされていたんだ？·
0806E390,isolated,1,claimed,story,,,0806E424,ガイコツ男：/アタバク達がいなくなったら/ビナーにも　行けるな··実は　
0806E4CC,isolated,1,claimed,story,,,0806E536,ドリアード：/あーあ　外に追い出されて/ひどい目に会ったわ·
0806EC48,isolated,1,claimed,story,,,0806EC8A,□□女：/クロウリーは　魔力が強いと/思ったら/□だったとはね··人間じ
0806EE38,isolated,1,claimed,story,,,0806EED2,エルフ：/九頭竜が　動くなんて……/魔界は　どうなるんでしょう？·
0806EE40,isolated,1,claimed,story,,,0806EED2,エルフ：/九頭竜が　動くなんて……/魔界は　どうなるんでしょう？·
0806EE48,isolated,1,claimed,story,,,0806EE8C,エルフ：/セトが　飛び立つのを見ました/どこへ　行ったんでしょう？·
0806EF24,isolated,1,claimed,story,,,0806F00E,魔界の女：/動いてた山って　ホントに/九頭竜だったのね·
0806EF2C,isolated,1,claimed,story,,,0806F00E,魔界の女：/動いてた山って　ホントに/九頭竜だったのね·
0806EF34,isolated,1,claimed,story,,,0806EFB0,魔界の女：/セトが飛んでったの　見た？··あれって　誰かに呼ばれた/みた
0806F110,isolated,1,claimed,story,,,0806F180,魔界の女：/九頭竜が動き出すなんてね/ひさびさの大事件よ·
0806F118,isolated,1,claimed,story,,,0806F180,魔界の女：/九頭竜が動き出すなんてね/ひさびさの大事件よ·
0806F474,isolated,1,claimed,story,,,0806F4E0,エルフ：/·には　私達/みんな助けられてるの··もしかしたら……·/·は
0806F77C,isolated,1,claimed,story,,,0806F82A,ゴブリン：/あんたらが　将門公を/復活させたんだって？/いやぁー　スゴい
0806F99C,isolated,1,claimed,story,,,0806FA5E,コボルト：/最近　やたら地震が多くて/武器掘りが　進まなくってさ··酒で
0806FF2C,isolated,1,claimed,story,,,08070006,ミュータント：/センターは滅びた……··しかし　私達の頭上には/ミレニア
08070450,isolated,1,claimed,story,,,080704BA,エルフ：/モロクは九頭竜を動かすため/エネルギーを　集めていたの/ですね
08070458,isolated,1,claimed,story,,,080704BA,エルフ：/モロクは九頭竜を動かすため/エネルギーを　集めていたの/ですね
08070E00,isolated,1,claimed,story,,,08070E7C,ヒルコ：/早く　将門公を/復活させなければ·
08070E14,isolated,1,claimed,story,,,08070E7C,ヒルコ：/早く　将門公を/復活させなければ·
08070E28,isolated,1,claimed,story,,,08070E7C,ヒルコ：/早く　将門公を/復活させなければ·
08072C60,isolated,1,claimed,story,,,08072D3C,··岡本：/さっさと/ヴァーチャル・トレーナーに/入んな··□〇□
08072C6C,isolated,1,claimed,story,,,08072D86,"··。□句□：□句·。□：□,□句·岡本：/ћを持ってんなら/ヴァーチャ"
080734B4,isolated,1,UNCLAIMED,,leak-risk,story,080734BE,·□□句·□句·：□句·□句·・□句·;□句岡本：/いつまで　ブラブラし
080734C8,isolated,1,UNCLAIMED,,leak-risk,story,080734E2,·;□句岡本：/いつまで　ブラブラしてやがる！/決勝戦の日は近いんだ！/
080734D0,isolated,1,UNCLAIMED,,leak-risk,story,080734DA,·・□句·;□句岡本：/いつまで　ブラブラしてやがる！/決勝戦の日は近い
08073AB8,isolated,1,claimed,story,,,08073ADA,＞とてつもなく恐ろしい/悪魔の気配がする……··ここに　とどまりますか？
08073ACC,isolated,1,claimed,story,,,08073ADA,＞とてつもなく恐ろしい/悪魔の気配がする……··ここに　とどまりますか？
08073C38,isolated,1,claimed,story,,,08074B98,神父：/混沌に満ちあふれた　あなたは/メシア教会に　入れません·
08073C8C,isolated,1,claimed,story,,,08074A86,□、□句·＞誰を　復活させるのか？□□句□句□句·□句·＞失敗してしまっ
08073CA4,isolated,1,claimed,story,,,08074B1E,□、·神の御加護が　ありますように·
08073DE4,isolated,1,claimed,story,,,08074882,·HPとMPが全て回復します··回復に必要な金額は回復の総量で/変化しま
08073DF0,isolated,1,claimed,story,,,0807499C,·ステータス異常のうちDEADと/DYINGから健康状態に戻すの/が復活
08074B48,isolated,1,claimed,story,,,08074B72,·どなたも呪われていませんが…··□句神父：/混沌に満ちあふれた　あなた
08074C00,isolated,1,claimed,story,,,08075A94,司祭：/LAWサイドの使徒　神の手先よ/早々に　立ち去れい！·□：·……
08074C54,isolated,1,UNCLAIMED,,leak-risk,story,08075A48,□.□句·＞誰の　呪いを解くのか？□□句·□句·誰も呪われてはいない··
08074C60,isolated,1,UNCLAIMED,,leak-risk,story,08074C70,··□□□句∫□句∬□句□□句□□句·□句·我らガイア神殿の事を/お聞き
08074C78,isolated,1,claimed,story,,,08074C9A,·我らガイア神殿の事を/お聞きか？··ここは自由を尊ぶ人達が/自由に使え
08074C84,isolated,1,claimed,story,,,080756B6,·HPとMPが全て回復する··回復に必要な金額は回復の総量で/変化する·
08074C90,isolated,1,claimed,story,,,080757C8,·ステータス異常のうちDEADと/DYINGから健康状態に戻すの/が復活
08075A4C,isolated,1,claimed,story,,,08075A76,·誰も呪われてはいない··□句司祭：/LAWサイドの使徒　神の手先よ/早
08075C28,isolated,1,UNCLAIMED,,leak-risk,story,08075C38,··□∵□句∫□句∬□句□□句□□句·□句·リペアガレージの事を/知りた
08075C34,isolated,1,claimed,story,,,08076B22,·ありがとうー/ございましたー·□□
08075C40,isolated,1,claimed,story,,,08075C62,·リペアガレージの事を/知りたいのー？··ここはあらゆる人に門扉を/開い
08075C4C,isolated,1,claimed,story,,,0807675A,·HPとMPが全て回復するよーん··回復に必要な金額は回復の総量で/変化
08075C58,isolated,1,claimed,story,,,08076890,·ステータス異常のうちDEADと/DYINGから健康状態に戻すの/が復活
08076B4C,isolated,1,claimed,story,,,08076B7C,·全員OKだよーん··□句□
08076C70,isolated,1,UNCLAIMED,,leak-risk,story,08076E46,□.□句·＞誰の呪いを解きますかー？□□句·□句·どなたも呪われていませ
08076C7C,isolated,1,claimed,story,,,08076E24,□、·また　いらしてくださーい·
08076FB4,isolated,1,claimed,story,,,080770DE,□、□句·＞誰を復活させますかー？□□句□句□句·□句·みなさん生きてま
08076FC0,isolated,1,claimed,story,,,0807716E,□。·また　いらしてくださーい·
08077194,isolated,1,claimed,story,,,080771C0,·どなたも呪われていませーん··□句·属性LAWの方が　入る場合は/ћ1
08077378,isolated,1,claimed,story,,,08077520,□□·また　いらしてくださーい·
0807765C,isolated,1,claimed,story,,,080779F8,··あんたの仲魔を/1体出してもらい/対戦者にも/1体出してもらう··ま
08077668,isolated,1,claimed,story,,,080779D0,··生きてたら　また会おうぜ/フハハ·
08077C48,isolated,1,UNCLAIMED,,leak-risk,story,08077C54,□□·□句·□句·=□句·ジャンク屋：/……ちょっと　待ちな/せっかく　
08079D0C,isolated,1,claimed,story,,,08079D5C,□、箱はからっぽだった·
08079DE8,isolated,1,UNCLAIMED,,noise,,08079DF2,"·""□句·⊇·"
08079EDC,isolated,1,UNCLAIMED,,leak-risk,story,08079EE6,"·""□句·⊇·"
0807A11C,isolated,1,claimed,story,,,0807A71A,□·$□句·⊂·□··声：/□/通信ターミナルです··御用件をどうぞ/·
0807A1A0,isolated,1,claimed,story,,,0807A822,"□·$□句·⊃·""□.··＞□/ターミナルストーンがある··どうしますか"
0807A1FC,isolated,1,claimed,story,,,0807A822,"□·$□句·⊃·""□.··＞□/ターミナルストーンがある··どうしますか"
0807A258,isolated,1,claimed,story,,,0807A822,"□·$□句·⊃·""□.··＞□/ターミナルストーンがある··どうしますか"
0807A2B4,isolated,1,claimed,story,,,0807A822,"□·$□句·⊃·""□.··＞□/ターミナルストーンがある··どうしますか"
0807A318,isolated,1,claimed,story,,,0807A31C,·またのご利用を/お待ちしております·
0807A5C8,isolated,1,claimed,story,,,0807A710,·X·□句□·$□句·⊂·□··声：/□/通信ターミナルです··御用件を
0807A61C,isolated,1,claimed,story,,,0807A620,·またのご利用を/お待ちしております·
0807A64C,isolated,1,claimed,story,,,0807A6EE,転送先が登録されていません··□句·X·□句□·$□句·⊂·□··声：/
0807A76C,isolated,1,claimed,story,,,0807A7CC,□·.·(·まだ続けますか？/·□句·□句転送先が登録されていません··
0807A880,isolated,1,UNCLAIMED,,leak-risk,story,0807A884,·…………·□
0807A898,isolated,1,claimed,story,,,0807A8F0,転送先が登録されていません··□句·X·□句··b□〇·□·それでは/P
0807ABEC,isolated,1,UNCLAIMED,,leak-risk,story,0807AD9C,□□·□ぜ□ルイ・サイファー：/·よ/今日は　君にお別れを/言いに来た·
0807BB98,isolated,1,claimed,story,,,0807C5E6,·】＞誰もいない……·
0807CCA4,isolated,1,claimed,story,,,0807CCBA,·、·あら　お金がたりないわねぇ/もっと　ћを持ってきてね··□句·ヴァ
0807CCB0,isolated,1,claimed,story,,,0807CCBA,·、·あら　お金がたりないわねぇ/もっと　ћを持ってきてね··□句·ヴァ
0807CEC8,isolated,1,UNCLAIMED,,leak-risk,story,0807CEFE,·@·§·☆·★·○
0807CEEC,isolated,1,UNCLAIMED,,leak-risk,story,0807CEFE,·@·§·☆·★·○
0807CF18,isolated,1,UNCLAIMED,,leak-risk,story,0807CF2C,·*□句□□iヴァーチャル・ガール：/おつかれさまぁ！/楽しんで　いただ
0807D530,isolated,1,UNCLAIMED,,leak-risk,story,080605E2,·∋·B·。∪□·$ルイ・サイファー：/·N英倶·煙倶やあ　また会ったね
0807DA14,isolated,2,claimed,story,,,0807E096,·武器パラメーターの見かたを説明/しますね··・性別/♂は男性用　♀は女
0807DA18,isolated,2,claimed,story,,,0807E096,·武器パラメーターの見かたを説明/しますね··・性別/♂は男性用　♀は女
0807DA20,isolated,2,claimed,story,,,0807EE64,·武器パラメーターの見かたを説明/します··・性別/♂は男性用　♀は女性
0807DA24,isolated,2,claimed,story,,,0807EE64,·武器パラメーターの見かたを説明/します··・性別/♂は男性用　♀は女性
0807DA2C,isolated,2,claimed,story,,,0807FC1E,·武器パラメーターの見かたを説明/するね··・性別/♂は男性用　♀は女性
0807DA30,isolated,2,claimed,story,,,0807FC1E,·武器パラメーターの見かたを説明/するね··・性別/♂は男性用　♀は女性
0807DA70,isolated,2,claimed,story,,,0807E42C,·攻撃回数は一度の攻撃で敵に何回/ダメージを与えられるかを表した/数です
0807DA74,isolated,2,claimed,story,,,0807E42C,·攻撃回数は一度の攻撃で敵に何回/ダメージを与えられるかを表した/数です
0807DA7C,isolated,2,claimed,story,,,0807F1F0,·攻撃回数は一度の攻撃で敵に何回/ダメージを与えられるかを表した/数です
0807DA80,isolated,2,claimed,story,,,0807F1F0,·攻撃回数は一度の攻撃で敵に何回/ダメージを与えられるかを表した/数です
0807DA88,isolated,2,claimed,story,,,0807FF90,·攻撃回数は一度の攻撃で敵に何回/ダメージを与えられるかを表した/数だね
0807DA8C,isolated,2,claimed,story,,,0807FF90,·攻撃回数は一度の攻撃で敵に何回/ダメージを与えられるかを表した/数だね
0807DACC,isolated,2,claimed,story,,,0807E976,·武器の中には装備者の能力を/上げるものがあります··もちろん能力をあげ
0807DAD0,isolated,2,claimed,story,,,0807E976,·武器の中には装備者の能力を/上げるものがあります··もちろん能力をあげ
0807DAD8,isolated,2,claimed,story,,,0807F72E,·武器の中には装備者の能力を/上げるものがあります··もちろん能力をあげ
0807DADC,isolated,2,claimed,story,,,0807F72E,·武器の中には装備者の能力を/上げるものがあります··もちろん能力をあげ
0807DAE4,isolated,2,claimed,story,,,08080498,·武器の中には装備者の能力を/上げるものがあるね··もちろん能力をあげる
0807DAE8,isolated,2,claimed,story,,,08080498,·武器の中には装備者の能力を/上げるものがあるね··もちろん能力をあげる
0807DB28,isolated,2,claimed,story,,,0807EBE0,·ほとんどの悪魔は「特技」を/持ってますよ··特技には通常攻撃のものと/
0807DB2C,isolated,2,claimed,story,,,0807EBE0,·ほとんどの悪魔は「特技」を/持ってますよ··特技には通常攻撃のものと/
0807DB34,isolated,2,claimed,story,,,0807F990,·ほとんどの悪魔は「特技」を/持っています··特技には通常攻撃のものと/
0807DB38,isolated,2,claimed,story,,,0807F990,·ほとんどの悪魔は「特技」を/持っています··特技には通常攻撃のものと/
0807DB40,isolated,2,claimed,story,,,080806E4,·ほとんどの悪魔は「特技」を/持ってるね··特技には通常攻撃のものと/追
0807DB44,isolated,2,claimed,story,,,080806E4,·ほとんどの悪魔は「特技」を/持ってるね··特技には通常攻撃のものと/追
0807DBE4,isolated,2,claimed,story,,,08080C1A,·防具の中には特定の攻撃に対する/防御相性を持つものがあるの··これらの
0807DBE8,isolated,2,claimed,story,,,08080C1A,·防具の中には特定の攻撃に対する/防御相性を持つものがあるの··これらの
0807DBF0,isolated,2,claimed,story,,,08081DF4,·防具の中には特定の攻撃に対する/防御相性を持つものがある··これらの防
0807DBF4,isolated,2,claimed,story,,,08081DF4,·防具の中には特定の攻撃に対する/防御相性を持つものがある··これらの防
0807DBFC,isolated,2,claimed,story,,,08082FB8,·防具の中には特定の攻撃に対する/防御相性を持つものがあるです··これら
0807DC00,isolated,2,claimed,story,,,08082FB8,·防具の中には特定の攻撃に対する/防御相性を持つものがあるです··これら
0807DC40,isolated,2,claimed,story,,,08081784,·パーティーは前街3体と後街3体/の計6体で構成されるの··前街は敵に狙
0807DC44,isolated,2,claimed,story,,,08081784,·パーティーは前街3体と後街3体/の計6体で構成されるの··前街は敵に狙
0807DC4C,isolated,2,claimed,story,,,0808290E,·パーティーは前街3体と後街3体/の計6体で構成される··前街は敵に狙わ
0807DC50,isolated,2,claimed,story,,,0808290E,·パーティーは前街3体と後街3体/の計6体で構成される··前街は敵に狙わ
0807DC58,isolated,2,claimed,story,,,08083BFE,·パーティーは前街3体と後街3体/の計6体で構成されますです··前街は敵
0807DC5C,isolated,2,claimed,story,,,08083BFE,·パーティーは前街3体と後街3体/の計6体で構成されますです··前街は敵
0807DC9C,isolated,2,claimed,story,,,080819F6,·戦闘時に攻撃力や防御力を一時的/に上げてくれるのが補助魔法や/防御魔法
0807DCA0,isolated,2,claimed,story,,,080819F6,·戦闘時に攻撃力や防御力を一時的/に上げてくれるのが補助魔法や/防御魔法
0807DCA8,isolated,2,claimed,story,,,08082B76,·戦闘時に攻撃力や防御力を一時的/に上げてくれるのが補助魔法や/防御魔法
0807DCAC,isolated,2,claimed,story,,,08082B76,·戦闘時に攻撃力や防御力を一時的/に上げてくれるのが補助魔法や/防御魔法
0807DCB4,isolated,2,claimed,story,,,08083EA4,·戦闘時に攻撃力や防御力を一時的/に上げてくれるのが補助魔法や/防御魔法
0807DCB8,isolated,2,claimed,story,,,08083EA4,·戦闘時に攻撃力や防御力を一時的/に上げてくれるのが補助魔法や/防御魔法
0807E090,isolated,1,claimed,story,,,0807E094,□·武器パラメーターの見かたを説明/しますね··・性別/♂は男性用　♀は
080857D8,isolated,1,claimed,story,,,08085894,··は/20連続とんぼ返り！/…·…·…·を　ひろうした···…·…·…
08085B90,isolated,1,claimed,story,,,08085FA8,··は/ガンを外している··□－··□
08085B98,isolated,1,claimed,story,,,08085F74,··が/抜いた瞬間··□の身が/ひるがえった！·□。··は/ガンを外して
08085BF0,isolated,1,claimed,story,,,080844AC,□a□」··気まずくなってきた··＞どうしますか？···/
08085C60,isolated,1,claimed,story,,,08085CCE,□、·＞何をする？·dћ□区｛□区·＞どんな芸？·d｝□区￣□区〈□区□
08085D18,isolated,1,claimed,story,,,08085D92,·)·高らかに/歌声が響きわたる·…·…·…··············
08085F10,isolated,1,claimed,story,,,08085FA8,··は/ガンを外している··□－··□
08085F18,isolated,1,claimed,story,,,08085FA8,··は/ガンを外している··□－··□
08085F20,isolated,1,claimed,story,,,08085F74,··が/抜いた瞬間··□の身が/ひるがえった！·□。··は/ガンを外して
08086214,isolated,1,claimed,story,,,080844AC,□a□」··気まずくなってきた··＞どうしますか？···/
0808642C,isolated,1,claimed,story,,,080864BA,□達は/ここちよい眠りについた………··□紅□
080867B4,isolated,1,claimed,story,,,080844AC,□a□」··気まずくなってきた··＞どうしますか？···/
08086848,isolated,1,claimed,story,,,080844AC,□a□」··気まずくなってきた··＞どうしますか？···/
08086E20,isolated,1,claimed,story,,,080844AC,□a□」··気まずくなってきた··＞どうしますか？···/
08087A80,isolated,1,UNCLAIMED,,leak-risk,story,08087A96,□￣□区·(高らかに/歌声がひびきわたる·…·…·…··········
08087A8C,isolated,1,claimed,story,,,08087C94,□￣□区·□区□￣□区·□区□￣□区·□：/何考えてるのよっ！··怒りの
08087F00,isolated,1,claimed,story,,,080844AC,□a□」··気まずくなってきた··＞どうしますか？···/
08088F18,isolated,1,claimed,story,,,080844AC,□a□」··気まずくなってきた··＞どうしますか？···/
080896B4,isolated,1,claimed,story,,,080844AC,□a□」··気まずくなってきた··＞どうしますか？···/
0808A960,isolated,1,claimed,story,,,0808AC0E,·□□··□？·□、·＞何をする？·d｝□区￣□区·(·高らかに/歌声が
0808A968,isolated,1,claimed,story,,,0808AAB4,·□：/私はイヤよ···□区□￣□区·□区□￣□区·□区□￣□区·□：/
0808B718,isolated,1,claimed,story,,,080844AC,□a□」··気まずくなってきた··＞どうしますか？···/
0808BBC4,isolated,1,UNCLAIMED,,leak-risk,story,0808A964,□￣□区·(·高らかに/歌声がひびきわたる·…·…·…·········
0808C32C,isolated,1,claimed,story,,,080844AC,□a□」··気まずくなってきた··＞どうしますか？···/
0808C414,isolated,1,claimed,story,,,0808C424,·(·高らかに/歌声がひびきわたる·…·…·…·············
0808D5B4,isolated,1,claimed,story,,,0808AC0E,·□□··□？·□、·＞何をする？·d｝□区￣□区·(·高らかに/歌声が
0808DC54,isolated,1,claimed,story,,,080844AC,□a□」··気まずくなってきた··＞どうしますか？···/
0808DEC4,isolated,1,claimed,story,,,080844AC,□a□」··気まずくなってきた··＞どうしますか？···/
0808DFAC,isolated,1,UNCLAIMED,,noise,,0808E274,··…·…·…·…·…/□、·□
0808E260,isolated,1,UNCLAIMED,,noise,,0808E274,··…·…·…·…·…/□、·□
080A1A0C,isolated,1,claimed,story,,,080A1A2C,·ヘルプ/·d…□玖□□玖□□玖··□玖·パーティーバトルはパーティーで
080A1A48,isolated,1,claimed,story,,,080A1C44,·サバイバルバトルはあなたの/パーティーが次々と悪魔と/戦っていくもので
080A4BB4,isolated,1,claimed,story,,,080A4C1C,·優勝賞品/□
080A4CDC,isolated,1,claimed,story,,,080A4D68,·優勝賞品/□
080A51E0,isolated,1,claimed,story,,,080A53B6,·司会：/残念でした/··長丁場の苦しさに/耐えられなかったようですね/
080AF07C,isolated,1,UNCLAIMED,,leak-risk,story,08072766,·□·b男の声：/……起きろ！···□·
080AF124,isolated,1,UNCLAIMED,,leak-risk,story,08072766,·□·b男の声：/……起きろ！···□·
080AF88C,isolated,1,UNCLAIMED,,leak-risk,story,08073AD0,□｝·□句＞とてつもなく恐ろしい/悪魔の気配がする……··ここに　とどま
080AF894,isolated,1,UNCLAIMED,,leak-risk,story,08073AB2,□〈·□句□〉·□句□《·□句□｝·□句＞とてつもなく恐ろしい/悪魔の気
080AF89C,isolated,1,UNCLAIMED,,leak-risk,story,08073ABC,□〉·□句□《·□句□｝·□句＞とてつもなく恐ろしい/悪魔の気配がする…
080AF8A4,isolated,1,UNCLAIMED,,leak-risk,story,08073AC6,□《·□句□｝·□句＞とてつもなく恐ろしい/悪魔の気配がする……··ここ
080AF8C8,isolated,1,UNCLAIMED,,leak-risk,story,08073AA8,□》·□句□〈·□句□〉·□句□《·□句□｝·□句＞とてつもなく恐ろしい
080B14A0,isolated,1,claimed,battle,,,08124DBC,階段をのぼりますか？·□愚
080B158C,isolated,1,claimed,battle,,,08124DD8,階段をおりますか？·□愚
080B5314,isolated,1,claimed,automap_markers,,,08162B1C,マーカーをセットします
080B532C,isolated,1,claimed,automap_markers,,,08162B56,この場所にはセットできません！
080B5390,isolated,1,claimed,automap_markers,,,08162B34,マーカーの種類を選択してください
080B53CC,isolated,2,claimed,automap_markers,,,08162B8E,通常の用途に
080B53D0,isolated,2,claimed,automap_markers,,,08162B9C,使用します
080B53EC,isolated,2,claimed,automap_markers,,,08162BA8,イベント発生ポイント
080B53F0,isolated,2,claimed,automap_markers,,,08162BBE,などに使用します
080B540C,isolated,2,claimed,automap_markers,,,08162BD0,宝箱などの設置場所
080B5410,isolated,2,claimed,automap_markers,,,08162BE4,などに使用します
080B543C,isolated,2,claimed,automap_markers,,,08162BF6,ボス部屋などに
080B5440,isolated,2,claimed,automap_markers,,,08162C06,使用します
080B5474,isolated,2,claimed,automap_markers,,,08162C12,その他状況に応じて
080B5478,isolated,2,claimed,automap_markers,,,08162C26,使用します
080B54FC,isolated,1,claimed,automap_markers,,,08162B76,このマーカーを消します
080B5530,isolated,1,claimed,automap_markers,,,08162B0C,NO　DATA
080B6810,isolated,1,UNCLAIMED,,noise,,081B8870,ぅぅぅぅぅぅぅぅぅぅぅぅぅぅぅぅぅぅぅぅぅぅぅぅぅぅぅぅぅぅ
080B8520,isolated,1,UNCLAIMED,,leak-risk,,08003502,□は/□をみつけた··しかし　持ちきれないので/□は/□をあきらめた·
080B8620,isolated,1,UNCLAIMED,,leak-risk,dungeon_events,080033D6,□は/□のマグネタイトを/みつけた·
080B8820,isolated,1,UNCLAIMED,,leak-risk,dungeon_events,08003432,·は/□のダメージを/受けた·
080B8828,isolated,1,UNCLAIMED,,leak-risk,,08003452,□は/□のダメージを/受けた·
080B8830,isolated,1,UNCLAIMED,,leak-risk,,08003472,·は/□のダメージを/受けた·
080B8840,isolated,1,UNCLAIMED,,leak-risk,,08003492,□は/□のダメージを/受けた·
080B8868,isolated,1,UNCLAIMED,,leak-risk,,080034B2,□は/□のダメージを/受けた·
080B8EF8,isolated,1,UNCLAIMED,,leak-risk,,080034EA,·は/毒におかされた·
080B8F90,isolated,1,UNCLAIMED,,leak-risk,dungeon_events,08003432,·は/□のダメージを/受けた·
080B8F98,isolated,1,UNCLAIMED,,leak-risk,,08003452,□は/□のダメージを/受けた·
080B8FA0,isolated,1,UNCLAIMED,,leak-risk,,08003472,·は/□のダメージを/受けた·
080B8FB0,isolated,1,UNCLAIMED,,leak-risk,,08003492,□は/□のダメージを/受けた·
080B8FD8,isolated,1,UNCLAIMED,,leak-risk,,080034B2,□は/□のダメージを/受けた·
080B9218,isolated,1,claimed,field_messages,,,081652D8,は力尽きた
080B95B8,isolated,1,claimed,field_messages,,,08165574,ここではCOMPを使用できません
080B970C,isolated,1,claimed,location_names,,,080A54AC,ヴァルハラ－スラム　B1@@@@ヴァルハラ－スラム　1F@@@@大手ジム
080B9AE0,isolated,1,UNCLAIMED,,leak-risk,field_messages,0816567E,0123456789
080B9B10,isolated,1,UNCLAIMED,,leak-risk,field_messages,0816567E,0123456789
080B9B64,isolated,1,UNCLAIMED,,leak-risk,field_messages,0816567E,0123456789
080B9B9C,isolated,1,UNCLAIMED,,leak-risk,field_messages,0816567E,0123456789
080B9C54,isolated,1,claimed,field_messages,,,08165654,声：/ご利用階をお選びください
080BD580,isolated,1,UNCLAIMED,,noise,,081974F4,;;;？;？？;;？;？、。□.・：;？;;？;？？;;
080BE944,isolated,1,UNCLAIMED,,leak-risk,door_check,08002EFE,入室チェックを行います/□□入室チェック終了/ドアを開きます·
080BE9C8,isolated,1,UNCLAIMED,,leak-risk,door_check,08002EFE,入室チェックを行います/□□入室チェック終了/ドアを開きます·
080BE9E0,isolated,1,UNCLAIMED,,leak-risk,,08003192,入室チェックを行います/□□入室チェック終了/··あなたは　属性が違うた
080BEB34,isolated,1,claimed,status_messages,,,0819873C,は倒された
080BEB3C,isolated,1,claimed,status_messages,,,08198748,はアンデッドにされた
080BEB44,isolated,1,claimed,status_messages,,,0819875E,は石にされた
080BEB4C,isolated,1,claimed,status_messages,,,0819876C,はからだがまひした
080BEB54,isolated,1,claimed,status_messages,,,08198780,はハエにかえられた
080BEB5C,isolated,1,claimed,status_messages,,,08198794,はこうもりになった
080BEB64,isolated,1,claimed,status_messages,,,081987A8,はとりこになった
080BEB6C,isolated,1,claimed,status_messages,,,081987BA,は凍りついた
080BEB74,isolated,1,claimed,status_messages,,,081987C8,は感電した
080BEB7C,isolated,1,claimed,status_messages,,,081987D4,は眠ってしまった
080BEB84,isolated,1,claimed,status_messages,,,081987E6,はかなしばりになった
080BEB8C,isolated,1,claimed,status_messages,,,081987FC,はおかしくなった
080BEB94,isolated,1,claimed,status_messages,,,0819880E,は幸せにつつまれた
080BEB9C,isolated,1,claimed,status_messages,,,08198822,は毒におかされた
080BEBB4,isolated,1,UNCLAIMED,,leak-risk,status_messages,08198834,は魔法を封じられた
080BF2E8,isolated,1,UNCLAIMED,,noise,,081B8370,"l÷＝≠<＞≤≥∞∴♂♀□□""°C￥$¢ћ%#&*@§☆★○餌"
080C0358,isolated,1,UNCLAIMED,,MISSING,,081A5A6C,　！♂♀&＋－.／0123456789？〜・@ABCDEFGHIJKLM
080C03A4,isolated,1,UNCLAIMED,,MISSING,,081A5A6C,　！♂♀&＋－.／0123456789？〜・@ABCDEFGHIJKLM
080C03CC,isolated,1,UNCLAIMED,,MISSING,,081A5A6C,　！♂♀&＋－.／0123456789？〜・@ABCDEFGHIJKLM
080C041C,isolated,1,UNCLAIMED,,MISSING,,081A5A6C,　！♂♀&＋－.／0123456789？〜・@ABCDEFGHIJKLM
080C1530,isolated,1,UNCLAIMED,,noise,,081B8370,"l÷＝≠<＞≤≥∞∴♂♀□□""°C￥$¢ћ%#&*@§☆★○餌"
080C1CE4,isolated,1,UNCLAIMED,,MISSING,,081A626A,÷￣？。□d□g⌒h∠m$nHv〜wFzIぉ‐おDかBが
080C261C,isolated,1,UNCLAIMED,,MISSING,,081A6272,□d□g⌒h∠m$nHv〜wFzIぉ‐おDかBが
080CB0B4,isolated,1,UNCLAIMED,,MISSING,,084F00C8,残りポイント
080CB880,isolated,1,UNCLAIMED,,noise,,084F01A0,§－－－－－－－－
080CB8C4,isolated,1,UNCLAIMED,,noise,,084F01A0,§－－－－－－－－
080CBA74,isolated,1,UNCLAIMED,,noise,,084F01A2,－－－－－－－－
080CD0E0,isolated,1,UNCLAIMED,,noise,,084F02C8,<－－－－－－－－
080CD134,isolated,1,UNCLAIMED,,noise,,084F02CA,－－－－－－－－
080CD4B4,isolated,1,UNCLAIMED,,noise,,084F02C8,<－－－－－－－－
080CD8BC,isolated,1,claimed,menu_element,,,084F032C,　　ノーマル
080CD904,isolated,1,claimed,menu_element_narrow,,,084F06D6,ノーマル
080CDEE4,isolated,1,UNCLAIMED,,leak-risk,,084F09B0,呪いで装備が外れない！
080CE560,isolated,1,UNCLAIMED,,leak-risk,,084F0CA0,これで/よろしいですか？
080CE8D0,isolated,1,claimed,fusion_menu,,,0815BF4A,同じ仲魔がおるようだな
080CE8DC,isolated,1,claimed,fusion_menu,,,0815BF0E,残念だが…お前のレベルでは/あつかえん
080CE8FC,isolated,1,claimed,fusion_menu,,,0815BF62,アイテムがいっぱいじゃ…
080CE920,isolated,1,claimed,fusion_menu,,,0815BF7C,仲魔がいっぱいじゃ…
080CE95C,isolated,1,claimed,fusion_menu,,,0815BED4,これでいいかね？
080CE9C4,isolated,1,claimed,fusion_menu,,,0815BF36,属性が違うがよいか
080CEA30,isolated,1,claimed,fusion_menu,,,0815BEFA,では　合体させるぞ
080CEAC0,isolated,1,claimed,comp_messages,,,0815BFBE,召喚するのに
080CEAC8,isolated,2,claimed,comp_messages,,,0815BFCC,かかるが
080CEACC,isolated,2,claimed,comp_messages,,,0815BFD6,これでよいのだな？
080CEB5C,isolated,1,UNCLAIMED,,noise,,084F0EAC,0123456789□
080CF24C,isolated,1,UNCLAIMED,,noise,,084F0EAC,0123456789□
080CF2C0,isolated,2,UNCLAIMED,,leak-risk,comp_messages,0815C0AA,この悪魔を還元するのに/ћ1　かかるが/いいかい？
080CF2C4,isolated,2,UNCLAIMED,,leak-risk,comp_messages,0815BFEA,抽出するのに/メモリーチップ　0枚と/ћ1　かかるが/いいかい？
080CF45C,isolated,1,claimed,comp_messages,,,0815C02C,メモリーチップが足りないよ
080CF468,isolated,1,claimed,comp_messages,,,0815C048,お金が足りないよ
080CF474,isolated,1,claimed,comp_messages,,,0815C05A,仲魔がいっぱいだよ
080CF494,isolated,1,claimed,comp_messages,,,0815C06E,レベルが足りないよ
080CF4D4,isolated,1,claimed,comp_messages,,,0815C082,属性が違うよ
080D03A0,isolated,1,UNCLAIMED,,leak-risk,save_screen,084F20A8,NEW　GAME@@@@@@@@カテドラルカオス
080D05B0,isolated,1,claimed,location_names,,,080A94AC,ヴァルハラ@@@@@@@@@@@センター@@@@@@@@@@@@ホーリー
080D0A54,isolated,1,claimed,save_screen,,,084F1F7C,ファイル1をロードします/よろしいですか？
080D0A5C,isolated,1,claimed,save_screen,,,084F1FA8,ファイル2をロードします/よろしいですか？
080D0A70,isolated,1,claimed,save_screen,,,084F1FD4,ファイル3をロードします/よろしいですか？
080D17BC,isolated,3,UNCLAIMED,,leak-risk,,084F2DDC,あいうえお　はひふへほかきくけこ　まみむめもさしすせそ　や　ゆ　よたちつ
080D17C0,isolated,3,UNCLAIMED,,MISSING,,084F3002,ひらがな/カタカナ/英数字　/END　
080D17C4,isolated,3,UNCLAIMED,,noise,,084F302A,NAME：
080D18B8,isolated,1,UNCLAIMED,,leak-risk,,084F2DDC,あいうえお　はひふへほかきくけこ　まみむめもさしすせそ　や　ゆ　よたちつ
080D2BC0,isolated,1,UNCLAIMED,,MISSING,,084F311E,　　　交換品
080D2C98,isolated,1,UNCLAIMED,,MISSING,,084F312C,　　　交換精霊
080D4820,isolated,1,claimed,comp_messages,,,0815C090,抽出に失敗しました！！·
080D4938,isolated,1,claimed,fusion_menu,,,0815C0DE,還元成功！/メモリーチップを　□枚/手に入れた·
080D4950,isolated,1,claimed,fusion_menu,,,0815C110,還元失敗！！/メモリーチップを失った・・・·
080D4E6C,isolated,1,UNCLAIMED,,leak-risk,,084F3FDC,コードを入力せよ：
080D4E74,isolated,1,UNCLAIMED,,noise,,084F4014,0123456789□
080D4EB4,isolated,1,UNCLAIMED,,leak-risk,,084F3FFC,あら　ћが　足りないわ
080D4F18,isolated,2,UNCLAIMED,,noise,,084F3FF0,COIN：
080D4F1C,isolated,2,UNCLAIMED,,noise,,084F4014,0123456789□
080D5EC4,isolated,1,UNCLAIMED,,noise,,084F9FE0,、、、、、、、、、、、、、、、、、、、、、、、、、、、、、、
080D5F1C,isolated,1,UNCLAIMED,,noise,,084FA860,銘銘銘銘銘銘銘銘銘銘銘銘銘銘銘銘銘銘銘銘銘銘銘銘銘銘銘銘銘銘銘銘鳴鳴鳴鳴
080D60C0,isolated,1,UNCLAIMED,,noise,,084FC660,銘銘銘銘銘銘銘銘銘銘銘銘銘銘銘銘銘銘銘銘銘銘銘銘銘銘銘銘銘銘
080D6100,isolated,1,UNCLAIMED,,noise,,084FC660,銘銘銘銘銘銘銘銘銘銘銘銘銘銘銘銘銘銘銘銘銘銘銘銘銘銘銘銘銘銘
080D6868,isolated,1,claimed,intro_disclaimer,,,085096C4,　このゲームは　フィクションであり登場する人物や集団は　実在の個人および
080DAA5C,isolated,1,UNCLAIMED,,leak-risk,,08009550,素材がありません！
080DAFE4,isolated,2,UNCLAIMED,,MISSING,,08009534,から幻想を
080DAFE8,isolated,2,UNCLAIMED,,MISSING,,08009540,抽出しますか？
080DB310,isolated,1,UNCLAIMED,,leak-risk,bank_sendback,080095B4,□覧できる悪魔がいません！
080DB400,isolated,1,UNCLAIMED,,noise,,08583258,□？？？？？？？？
080DB9A8,isolated,1,UNCLAIMED,,noise,,0858325A,？？？？？？？？
080DBDFC,isolated,1,UNCLAIMED,,noise,,0858325A,？？？？？？？？
080DBE80,isolated,1,claimed,comp_levelrange,,,0800974E,NO　DATA
080DC388,isolated,1,UNCLAIMED,,noise,,0858325A,？？？？？？？？
080DC414,isolated,1,claimed,comp_levelrange,,,0800974E,NO　DATA
080DC7C8,isolated,1,UNCLAIMED,,noise,,08583A28,LIGHT
080DC8B0,isolated,1,UNCLAIMED,,noise,,08583A48,DARK
080E1B88,isolated,1,UNCLAIMED,,leak-risk,link_comm,0800980C,これでよろしいですか？
080E5E84,isolated,1,UNCLAIMED,,leak-risk,system_battle_events,086BE5D2,□‖［【どうしますか？
080E5FC8,isolated,1,claimed,system_battle_events,,,086BE5DA,どうしますか？
080E6314,isolated,1,claimed,battlefrag+menu_comp,,,081230DC,これでよろしいですか？
080E6858,isolated,1,claimed,battlefrag+menu_config,,,0812326A,COMP作動
080E9118,isolated,1,claimed,battle,,,08126368,みんな一生懸命闘っている
080E98B4,isolated,1,UNCLAIMED,,leak-risk,,086BEC18,悪魔を倒した
080E98F4,isolated,1,claimed,system_menu,,,08124284,を倒した
080E9A2C,isolated,1,claimed,system_menu,,,08124270,悪魔/体をしとめた
080E9FD8,isolated,1,claimed,system_menu,,,0812434A,、/の/レベルが上がった
080EAE04,isolated,1,claimed,battlefrag,,,081236BC,はどうしますか？
080EAEB4,isolated,1,claimed,battlefrag,,,08123708,はを唱えた
080EAFA0,isolated,1,claimed,battlefrag,,,08123708,はを唱えた
080EB060,isolated,1,claimed,system_menu,,,0812430C,を覚えた
080EB104,isolated,1,claimed,battlefrag,,,081236FC,はを使った
080EB54C,isolated,1,UNCLAIMED,,noise,,086BEF74,0123456789□悶
080EB5EC,isolated,1,claimed,battlefrag,,,08123BC2,を倒した
080EB6A0,isolated,1,claimed,battlefrag,,,081230BE,やった！/はかわした
080EB9C8,isolated,1,UNCLAIMED,,noise,,086BEF74,0123456789□悶
080EBAFC,isolated,1,UNCLAIMED,,noise,,086BEF74,0123456789□悶
080EBBD0,isolated,1,UNCLAIMED,,noise,,086BEF74,0123456789□悶
080EC0C4,isolated,1,claimed,system_battle_events,,,081267E0,箱から□が出てきた
080EC280,isolated,1,claimed,system_battle_events,,,086BE5DA,どうしますか？
080EC2CC,isolated,1,claimed,system_battle_events,,,086BE5DA,どうしますか？
080EC3F4,isolated,1,claimed,system_battle_log,,,081265BE,戦闘状態で/それどころではありません·
080EC410,isolated,1,claimed,battle,,,0812490C,COMPは　使えません·
080EC478,isolated,1,claimed,system_battle_events,,,0812466C,はやる気だ
080EC4A0,isolated,1,claimed,battle,,,0812634E,□は/悪魔に話しかけた·
080EC85C,isolated,1,claimed,battle,,,08126254,□は逃げだした・···・···・···・···・··・··・··・··・
080EC874,isolated,1,claimed,battle,,,081262BE,□は逃げだした・···・···・···・···・··・··・··・··・
080ED0A0,isolated,1,claimed,system_battle_events,,,0812466C,はやる気だ
080ED0B0,isolated,1,claimed,system_battle_events,,,0812464E,□は悪魔のふいをついた！·
080ED0CC,isolated,1,claimed,system_battle_events,,,0812463A,にふいをつかれた！
080ED0E8,isolated,1,claimed,system_battle_events,,,08124608,は/仲魔を呼んだ
080ED110,isolated,1,claimed,system_battle_events,,,081245B4,□は/□の前より/立ち去った
080ED12C,isolated,1,claimed,system_battle_events,,,081245F6,は/逃げていった
080ED148,isolated,1,claimed,system_battle_events,,,081245D2,は/去っていった
080ED164,isolated,1,claimed,system_battle_events,,,081245F6,は/逃げていった
080ED18C,isolated,1,claimed,system_battle_events,,,0812461A,は/仲魔になった
080ED1C0,isolated,1,claimed,system_battle_events,,,0812461A,は/仲魔になった
080EF354,isolated,1,UNCLAIMED,,noise,,0876F7C6,c≒□〜
080F08CC,isolated,1,claimed,system_menu,,,08124264,は力尽きた
080F0DF0,isolated,1,claimed,system_menu,,,081241B0,しかし　魔法は封じ込まれている
080F0E04,isolated,1,claimed,system_menu,,,081241D0,MPが足りない
080F0E44,isolated,1,claimed,menu_comp,,,081241E0,HPが足りない
080F0E90,isolated,1,claimed,battlefrag,,,081230A8,しまった！かわされた
080F1314,isolated,1,UNCLAIMED,,noise,,0876E618,々K□K￣K｜K】K〜K\K【K‥K【KWKWKVKVKVKVKTK□K
080F1BFC,isolated,1,claimed,system_menu,,,08124316,すでに効いている
080F1E60,isolated,1,claimed,system_menu,,,081242EC,必殺の一撃！！
080F1E7C,isolated,1,claimed,system_menu,,,081242FC,会心の一撃！！
080F1FCC,isolated,1,claimed,system_menu,,,08124218,おっと！　はずしてしまった
080F1FF8,isolated,1,claimed,system_menu,,,08124234,おっと！/は平気だ
080F210C,isolated,1,claimed,system_menu,,,081241F0,は/跳ね返した
080F2188,isolated,1,claimed,system_menu,,,08124200,しまった　跳ね返された
080F24B8,isolated,1,claimed,battlefrag,,,08123BCC,に/のダメージを与えた
080F24EC,isolated,1,claimed,battlefrag,,,0812310C,は/のダメージを受けた
080F2790,isolated,1,claimed,system_battle_log,,,08124534,しかし　効果は無かった·
080F2948,isolated,1,claimed,battlefrag,,,0812310C,は/のダメージを受けた
080F2A90,isolated,1,claimed,system_battle_log,,,08124534,しかし　効果は無かった·
080F3468,isolated,1,claimed,battle,,,08124A62,アナライズできる悪魔はいません·
080F35D0,isolated,1,claimed,menu_comp,,,081242CE,どちらをアナライズしますか？
080F3638,isolated,1,claimed,battle,,,08124A50,NO　DATA·
080F3708,isolated,1,claimed,battle,,,08124A50,NO　DATA·
080F3BA8,isolated,1,UNCLAIMED,,noise,,0876F86C,NO　ITEM
080FE014,isolated,1,UNCLAIMED,,noise,,080FE004,。Xζ▼□ε／
0810A0BC,isolated,1,UNCLAIMED,,noise,,0810A0AC,。□δ▼VδI
0810EDA8,isolated,1,UNCLAIMED,,noise,,0810ED98,。□δSbδT
081294E8,isolated,1,claimed,menu_comp,,,0812410A,シングルバトルでは/仲魔を呼び出せない
0812956C,isolated,1,claimed,menu_comp,,,081240F0,呼び出せる仲魔はいません
081295D0,isolated,1,claimed,menu_comp,,,081240A0,どの悪魔を呼び出しますか？
081298D8,isolated,1,claimed,menu_comp,,,081240BC,どこに呼び出しますか？
08129BAC,isolated,1,claimed,menu_comp,,,081240F0,呼び出せる仲魔はいません
08129DA8,isolated,1,claimed,menu_comp,,,0812416C,戻せる仲魔はいません
08129DF0,isolated,1,claimed,menu_comp,,,08124154,どの悪魔を戻しますか？
08129F88,isolated,1,claimed,system_menu,,,08124182,は/COMPに戻った
0812A034,isolated,1,claimed,menu_comp,,,0812439A,外せる仲魔はいません
0812A098,isolated,1,claimed,menu_comp,,,08124364,どの悪魔と別れますか？
0812A1C4,isolated,1,claimed,menu_comp,,,08124364,どの悪魔と別れますか？
0812A2E8,isolated,1,claimed,system_menu,,,0812437C,と別れます/よろしいですか？
0812A37C,isolated,1,claimed,system_menu,,,081243C6,と別れました
0812A398,isolated,1,claimed,system_menu,,,081243B0,の死体を/捨てました
0812A4D8,isolated,2,UNCLAIMED,,leak-risk,,0800354A,と別れます
0812A4DC,isolated,2,UNCLAIMED,,leak-risk,,08003556,よろしいですか？
0812A508,isolated,1,UNCLAIMED,,leak-risk,,08003568,この仲魔ははずせない
0812A820,isolated,1,claimed,battle,,,08124A62,アナライズできる悪魔はいません·
0812AB40,isolated,1,claimed,menu_comp,,,08123DF0,誰のステータスを見ますか？
0812AF74,isolated,1,claimed,system_battle_log,,,08124C20,アイテムがありません·
0812AF90,isolated,1,claimed,menu_comp,,,081244BA,整頓中…
0812AFA4,isolated,1,claimed,menu_comp,,,081244C4,整頓終了
0812B514,isolated,1,claimed,battle,,,08124BD2,使えるアイテムは持っていません·
0812B594,isolated,1,claimed,battle,,,08124CC8,·どのアイテムを使いますか？
0812B874,isolated,1,claimed,battle,,,08124D72,·誰に使いますか？
0812BD58,isolated,1,claimed,system_battle_log,,,08124BF4,並び替えられる/アイテムは持っていません·
0812BEF4,isolated,1,claimed,system_battle_log,,,08124C38,捨てられる/アイテムは持っていません·
0812BF50,isolated,1,claimed,battle,,,08124CE6,·どのアイテムを捨てますか？
0812C124,isolated,1,claimed,system_battle_log,,,08124F82,ここでは使用できません·
0812C148,isolated,1,claimed,battle,,,08124EFA,·誰も魔法を使えない·
0812C178,isolated,1,claimed,battle,,,08124F12,·誰の魔法を使いますか？
0812C684,isolated,1,claimed,system_battle_log,,,08124F82,ここでは使用できません·
0812C6B0,isolated,1,claimed,battle,,,08124F46,使える魔法がありません·
0812C6C8,isolated,1,claimed,battle,,,08124F60,魔法を使える状態ではありません·
0812C744,isolated,1,claimed,battle,,,08124F2C,·どの魔法を使いますか？
0812C75C,isolated,1,claimed,system_battle_log,,,08124570,どのEXTRAを使用しますか？·
0812C984,isolated,1,claimed,menu_comp,,,081241E0,HPが足りない
0812CAD8,isolated,1,claimed,battle,,,08124D72,·誰に使いますか？
0812CD20,isolated,1,claimed,menu_comp,,,08123DF0,誰のステータスを見ますか？
0812CEDC,isolated,1,claimed,menu_comp,,,08124198,位置替えをしてください
0812D44C,isolated,1,claimed,battlefrag+menu_config,,,081232AE,戦闘設定を行います
0812D4C0,isolated,1,claimed,battlefrag+menu_config,,,081232AE,戦闘設定を行います
0812D6B4,isolated,1,claimed,battlefrag+menu_config,,,08123374,エフェクト設定を行います
0812D73C,isolated,1,claimed,battlefrag+menu_config,,,08123374,エフェクト設定を行います
0812D88C,isolated,1,claimed,battlefrag+menu_config,,,081233D2,メッセージスピード設定を行います
0812D918,isolated,1,claimed,battlefrag+menu_config,,,081233D2,メッセージスピード設定を行います
0812DA90,isolated,1,claimed,battlefrag+menu_config,,,08123444,オート戦闘設定を行います
0812DB1C,isolated,1,claimed,battlefrag+menu_config,,,08123444,オート戦闘設定を行います
0812E2D8,isolated,1,claimed,system_battle_log,,,08124534,しかし　効果は無かった·
0812EA30,isolated,1,claimed,system_battle_log,,,08124534,しかし　効果は無かった·
0812ED2C,isolated,1,claimed,system_battle_log,,,08124534,しかし　効果は無かった·
0812EE24,isolated,1,claimed,battle,,,08124D72,·誰に使いますか？
0812F194,isolated,1,UNCLAIMED,,noise,,0878FC6A,"★▽□★∈,$≥〉"
081305D4,isolated,1,UNCLAIMED,,noise,,0878F9B8,0123456789
08130CD0,isolated,1,UNCLAIMED,,noise,,0878FDEC,【』『」□【』『」「【』『」「【』『」「』『」「》』『」「》』『」「》『
08130D20,isolated,1,UNCLAIMED,,noise,,0878FDCC,□【：』！『□」ћ「□》□《b〉【』『」□【』『」「【』『」「【』『」「
08130E00,isolated,1,UNCLAIMED,,noise,,0878FDB4,FT□5□4□M7□KC□【：』！『□」ћ「□》□《b〉【』『」□【』『
08130EA0,isolated,1,UNCLAIMED,,noise,,0878FDB4,FT□5□4□M7□KC□【：』！『□」ћ「□》□《b〉【』『」□【』『
08130FBC,isolated,1,UNCLAIMED,,noise,,0878FDB4,FT□5□4□M7□KC□【：』！『□」ћ「□》□《b〉【』『」□【』『
08131028,isolated,1,UNCLAIMED,,noise,,0878FDB4,FT□5□4□M7□KC□【：』！『□」ћ「□》□《b〉【』『」□【』『
08131068,isolated,1,UNCLAIMED,,noise,,0878FDB4,FT□5□4□M7□KC□【：』！『□」ћ「□》□《b〉【』『」□【』『
081310C8,isolated,1,UNCLAIMED,,noise,,0878FDB4,FT□5□4□M7□KC□【：』！『□」ћ「□》□《b〉【』『」□【』『
08131140,isolated,1,UNCLAIMED,,noise,,0878FDB4,FT□5□4□M7□KC□【：』！『□」ћ「□》□《b〉【』『」□【』『
081311E4,isolated,1,UNCLAIMED,,noise,,0878FDB4,FT□5□4□M7□KC□【：』！『□」ћ「□》□《b〉【』『」□【』『
0813124C,isolated,1,UNCLAIMED,,noise,,0878FDB4,FT□5□4□M7□KC□【：』！『□」ћ「□》□《b〉【』『」□【』『
08132FDC,isolated,1,UNCLAIMED,,noise,,0878F9B8,0123456789
08132FF4,isolated,1,UNCLAIMED,,noise,,0878F9B8,0123456789
08133090,isolated,1,UNCLAIMED,,noise,,0878F9B8,0123456789
081330A8,isolated,1,UNCLAIMED,,noise,,0878F9B8,0123456789
08133228,isolated,1,claimed,fusion_menu,,,0878EF04,ブレンド
0813418C,isolated,1,UNCLAIMED,,noise,,0878F9B8,0123456789
08134238,isolated,1,UNCLAIMED,,noise,,0878F9B8,0123456789
08135288,isolated,2,UNCLAIMED,,MISSING,,087903B8,"cェ□ぱヲ跋,"
0813528C,isolated,2,UNCLAIMED,,MISSING,,087903BE,"ぱヲ跋,"
08136C58,isolated,1,UNCLAIMED,,MISSING,,08035ABC,覇銀□銀剥銀肇銀判銀煩銀皮銀毘銀飄銀頻銀賦銀覆銀文銀偏銀戊銀蜂銀房銀吠銀
0813703C,isolated,1,UNCLAIMED,,leak-risk,fusion_menu,0878EEDC,・∂∇≡≒≪≫b
081383EC,isolated,1,UNCLAIMED,,MISSING,,0803473C,噌狗相狗卒狗淹狗鐸狗鐸狗樽狗暖狗置狗酎狗朝狗痛狗吊狗蹄狗伝狗梼狗動狗督狗
0813841C,isolated,1,UNCLAIMED,,MISSING,,0803473C,噌狗相狗卒狗淹狗鐸狗鐸狗樽狗暖狗置狗酎狗朝狗痛狗吊狗蹄狗伝狗梼狗動狗督狗
08138554,isolated,1,UNCLAIMED,,MISSING,,08037322,Ⅴ狗戟狗□狗□狗□狗□狗□狗□狗□狗□狗茜狗囲狗逸狗丑狗瑛狗艶狗下狗歌狗
081394A4,isolated,1,UNCLAIMED,,noise,,0878F9B8,0123456789
0813A46C,isolated,1,UNCLAIMED,,noise,,0878FDB4,FT□5□4□M7□KC□【：』！『□」ћ「□》□《b〉【』『」□【』『
0813A4C0,isolated,1,UNCLAIMED,,noise,,0878FDCC,□【：』！『□」ћ「□》□《b〉【』『」□【』『」「【』『」「【』『」「
0813AE84,isolated,1,UNCLAIMED,,noise,,0878FDB4,FT□5□4□M7□KC□【：』！『□」ћ「□》□《b〉【』『」□【』『
0813B31C,isolated,1,claimed,story,,,080A0BC6,··は/”□”を/手に入れた··□
0813B348,isolated,1,UNCLAIMED,,MISSING,,08032BBC,憎玖存玖態玖淹玖只玖只玖胆玖蜘玖昼玖徴玖朕玖朕玖紬玖紬玖訂玖典玖屠玖唐玖
0813C79C,isolated,1,claimed,story,,,080A0BC6,··は/”□”を/手に入れた··□
0813C7B4,isolated,1,claimed,story,,,080A0C0A,しかし　アイテムがいっぱいだ··□
08144E90,isolated,1,UNCLAIMED,,MISSING,,0879A16C,斧空武空腹空□空並空片空歩空□空砲空<
08148E70,isolated,1,UNCLAIMED,,MISSING,,0879CD14,亡空膨空□空麻空□空魅空無空姪空盲空悶空訳空友空遊空庸空要空螺空□空率空
0814B740,isolated,1,UNCLAIMED,,noise,,0879E5B0,□‖ー‖）‖【‖∴‖￣＝
0814B7A4,isolated,1,UNCLAIMED,,noise,,0879E5B0,□‖ー‖）‖【‖∴‖￣＝
0814B8F0,isolated,1,UNCLAIMED,,noise,,0879E5B0,□‖ー‖）‖【‖∴‖￣＝
0814C1AC,isolated,1,UNCLAIMED,,noise,,0879E5B0,□‖ー‖）‖【‖∴‖￣＝
0814C214,isolated,1,UNCLAIMED,,noise,,0879E5B0,□‖ー‖）‖【‖∴‖￣＝
0814C370,isolated,1,UNCLAIMED,,noise,,0879ECB6,ITEM　MAX
0815545C,isolated,1,claimed,fusion_menu,,,0815BE50,まず1体目はどれじゃ？
08155464,isolated,1,claimed,fusion_menu,,,0815BE92,1本目はどれじゃ？
08155478,isolated,1,claimed,fusion_menu,,,0815BE68,2体目はどいつじゃ？
0815548C,isolated,1,claimed,fusion_menu,,,0815BEA6,では2本目はなんじゃ？
08155494,isolated,1,claimed,fusion_menu,,,0815BEBE,では仲魔はだれじゃ？
081554B4,isolated,1,claimed,fusion_menu,,,0815BE7E,3体目はだれじゃ？
08155508,isolated,1,claimed,fusion_menu,,,0815BEBE,では仲魔はだれじゃ？
0815661C,isolated,1,UNCLAIMED,,noise,,087E2E84,□っっっっっっっっ穏
08156644,isolated,1,UNCLAIMED,,noise,,087E3044,□っっっっっっっっっ下
08156798,isolated,3,UNCLAIMED,,noise,,087E327E,RACE
0815679C,isolated,3,UNCLAIMED,,noise,,087E3288,NAME
081567A0,isolated,3,UNCLAIMED,,noise,,087E3292,LEVEL
081574F4,isolated,1,UNCLAIMED,,MISSING,,087EF03C,￣・cぅ□□〜・：;？硬而場叢
08157A30,isolated,1,claimed,fusion_menu,,,0815BB90,しまった！　事故が起こった！/すまない　予定の悪魔が出来なかった/
08157A5C,isolated,1,claimed,comp_messages,,,0815BF92,これが　□　じゃ/持ってゆくがよい・・・/
0815CA78,isolated,1,UNCLAIMED,,leak-risk,,087F2D50,ゲームクリアデータをセーブすると/クリア情報を引きついで/新しくゲームを
0815F0C4,isolated,1,claimed,story,,,08080808,で戦闘時/に行動を実行すると以後AUTO/戦闘を行った時にそれが実行され
0815F0E4,isolated,1,claimed,story,,,08080808,で戦闘時/に行動を実行すると以後AUTO/戦闘を行った時にそれが実行され
0815F104,isolated,1,claimed,story,,,08080808,で戦闘時/に行動を実行すると以後AUTO/戦闘を行った時にそれが実行され
0815F124,isolated,1,claimed,story,,,08080808,で戦闘時/に行動を実行すると以後AUTO/戦闘を行った時にそれが実行され
08164BFC,isolated,1,UNCLAIMED,,leak-risk,dungeon_events,0800334A,＞箱を見つけた　開けますか？/·□謹
08164CE8,isolated,1,UNCLAIMED,,leak-risk,dungeon_events,08003372,·は/箱をあきらめた·
08164D24,isolated,1,claimed,dungeon_events,,,0800338A,箱はからっぽだった·
08164E88,isolated,1,claimed,dungeon_events,,,080033FC,しまった！　トラップだ！/·達は/ダメージを受けた·
08165250,isolated,1,claimed,battle,,,08124956,マッパーの効果がなくなった·
08165298,isolated,1,claimed,battle,,,08124974,コアシールドの効果がなくなった·
0816DD88,isolated,1,claimed,story,,,080710DE,戸へ参ろう·□！□·」·に·肋句·＞□は/□を手に入れた·
0816F198,isolated,1,claimed,skills,,,08004E12,　術者の/MAXHPにより威力が変わる
0816F874,isolated,1,claimed,skills,,,08004510,現を抑える
08171B98,isolated,1,claimed,lore,,,0800CCBC,の終末（カリ・ユガ）に現れ汚れ/た世界を破壊するといわれる。·
08176614,isolated,1,claimed,story,,,080468AC,数　5ー7···□銀··↓·”□”ですか/これは…/··ブラスターガン　
08177084,isolated,1,claimed,lore,,,0800CDCA,/された。バエルやベルゼブブ、ベル/フェゴールの原型となった。·
08179BCC,isolated,1,claimed,lore,,,0800D1AA,神と争い、戦いは/神々の法廷と実際の戦いの両方で繰/り広げられる。··最
0817AC60,isolated,1,UNCLAIMED,,leak-risk,link_comm,08009814,ろしいですか？
0817CC28,isolated,1,claimed,lore,,,0800FFFE,黄色い色をした美しい女戦士。··十の腕に様々な武器を握り、魔獣ド/ゥンに
081804D0,isolated,1,claimed,story,,,08071054,きによるものだ··将門公：/そうか/·とやら/礼を言うぞ··…ところでヒ
08180DC8,isolated,1,claimed,lore,,,08010700,）/と書く。··八千矛命（ヤチホコノミコト）顕国/玉神（ウツシクニダマノ
081877F8,isolated,1,claimed,lore,,,0800BA60,野那智神社で奉ら/れており、古来よりこの烏を図案化/して「熊野牛王宝印」
0818A25C,isolated,1,claimed,story,,,08071004,ヒルコか？/我を再び　蘇らせたのは？··ヒルコ：/公よ　ここにひかえし/
081914F4,isolated,1,claimed,lore,,,08012344,端者を徹底的に弾劾す/る。魔術結社の位階において、「入/門者」に位置する
08191B38,isolated,1,claimed,lore,,,0800C8D2,呼ばれる。··名は「光があまねく広く照らす」と/いう意味を持ち、物質だけ
08192D84,isolated,1,claimed,story,,,0804C888,ゃなく/地下世界も　全滅する/ところだった··それを止めてくれたんだ/何
081949D0,isolated,1,claimed,story,,,0802C40A,追われているのですか···
08195388,isolated,1,claimed,story,,,080983C2,だったら/一緒に死んでもらうゼ！
08195580,isolated,1,claimed,story,,,0802C404,ターに追われているのですか···
081955AC,isolated,1,claimed,lore,,,080147A8,鍮か青銅で出来ており、もう片/方には大きな鉤爪がついている。··主人ヘカ
08196468,isolated,1,claimed,story,,,0807C5C4,くれないか/お願いだ……·□□：
08198330,isolated,1,UNCLAIMED,,leak-risk,,08002E2C,声：IDコードを/　　入力してください·
081983D4,isolated,1,UNCLAIMED,,MISSING,,08002E56,IDコード確認しました/ドアを開きます·
08198418,isolated,1,UNCLAIMED,,MISSING,,08002E80,IDコードが違います··もう1度　入力しますか？·□謹
08198474,isolated,1,UNCLAIMED,,leak-risk,,08002EBA,IDコードが違います··もう入力できません/ドアは開けられません·
0819853C,table,6,claimed,door_check,,,08002F3E,入室チェックを行います/□□入室チェック終了/··あなたは力が足りません
08198540,table,6,claimed,door_check,,,08002FA0,入室チェックを行います/□□入室チェック終了/··あなたは知恵が足りませ
08198544,table,6,claimed,door_check,,,08003004,入室チェックを行います/□□入室チェック終了/··あなたは魔力が足りませ
08198548,table,6,claimed,door_check,,,08003068,入室チェックを行います/□□入室チェック終了/··あなたは体力が足りませ
0819854C,table,6,claimed,door_check,,,080030CC,入室チェックを行います/□□入室チェック終了/··あなたは速さが足りませ
08198550,table,6,claimed,door_check,,,08003130,入室チェックを行います/□□入室チェック終了/··あなたは運が足りません
0819A8D0,isolated,1,claimed,names_item,,,08003580,マハジオの力を持つ秘石
0819A8F0,isolated,1,claimed,names_item,,,08003598,マハーブフの力を持つ秘石
0819A910,isolated,1,claimed,names_item,,,080035B2,マハラギの力を持つ秘石
0819A930,isolated,1,claimed,names_item,,,080035CA,敵数体を/SLEEP状態にする
0819A950,isolated,1,claimed,names_item,,,080035EA,敵1体を弾き飛ばし/戦闘から強制離脱させる
0819A970,isolated,1,claimed,names_item,,,08003616,敵2体を呪殺する
0819A990,isolated,1,claimed,names_item,,,08003628,破魔の力で/敵2体を昇天させる
0819A9B0,isolated,1,claimed,names_item,,,08003648,敵数体を呪殺する
0819A9D0,isolated,1,claimed,names_item,,,0800365A,敵全体に万能属性の/ダメージを与える
0819A9F0,isolated,1,claimed,names_item,,,08003680,敵全体を/POISON状態にする
0819AA10,isolated,1,claimed,names_item,,,080036A2,味方1人のHPを/少し回復する
0819AA30,isolated,1,claimed,names_item,,,080036C2,味方1人のHPを/完全に回復する
0819AA50,isolated,1,claimed,names_item,,,080036E4,味方1人の/STONE状態を/回復する
0819AA70,isolated,1,claimed,names_item,,,0800370C,味方1人の/PALYZE状態を/回復する
0819AA90,isolated,1,claimed,names_item,,,08003736,味方1人の/POISON状態を/回復する
0819AAB0,isolated,1,claimed,names_item,,,08003760,味方1人のDYING・/DEADをHP1／4の/状態で回復する
0819AAD0,isolated,1,claimed,names_item,,,080037A0,人間の属性がLAW以外の時/エナジードレインを/回避する
0819AAF0,isolated,1,claimed,names_item,,,080037DA,COMPを使用せずに/仲魔を1体召喚できる
0819AB10,isolated,1,claimed,names_item,,,08003806,自分よりレベルの低い/敵の出現を抑える
0819AB30,isolated,1,claimed,names_item,,,0800382E,DARK悪魔の物理攻撃を/1ターンの間反射させる
0819AB50,isolated,1,claimed,names_item,,,08003860,味方1人の/HP・MPを回復する
0819AB70,isolated,1,claimed,names_item,,,08003882,味方1人のHPを/MAX値の25%程度/回復する
0819AB90,isolated,1,claimed,names_item,,,080038B4,味方1人のHPを/大きく回復するが/副作用も…？
0819ABB0,isolated,1,claimed,names_item,,,080038E6,味方1人の/HP・MPをMAXにし/ステータス異常を回復する
0819ABD0,isolated,1,claimed,names_item,,,08003924,味方1人のDYING・/DEADをHP1／8の/状態で回復する
0819ABF0,isolated,1,claimed,names_item,,,08003964,味方1人のDYING・/DEADをHPMAXの/状態で回復する
0819AC10,isolated,1,claimed,names_item,,,080039A4,HPを完全に回復し/運のポイントが1上がる
0819AC30,isolated,1,claimed,names_item,,,080039D0,HPを完全に回復し/体力のポイントが1上がる
0819AC50,isolated,1,claimed,names_item,,,080039FE,HPを完全に回復し/知恵のポイントが1上がる
0819AC70,isolated,1,claimed,names_item,,,08003A2C,HPを完全に回復し/力のポイントが1上がる
0819AC90,isolated,1,claimed,names_item,,,08003A58,HPを完全に回復し/速さのポイントが1上がる
0819ACB0,isolated,1,claimed,names_item,,,08003A86,HPを完全に回復し/魔力のポイントが1上がる
0819ACD0,isolated,1,claimed,names_item,,,08003AB4,4種類の回復魔法のうち/いずれかの効果が/ランダムで発生
0819ACF0,isolated,1,claimed,names_item,,,08003AEE,CHAOS属性の者を回復/するが　他属性の者には/ダメージを与える
0819AD10,isolated,1,claimed,names_item,,,08003B32,LAW属性の者を回復するが/他属性の者にはダメージを/与える
0819AD30,isolated,1,claimed,names_item,,,08003B70,LAW属性以外の者の/HPが0になると/自動的に回復する
0819AD50,isolated,1,claimed,names_item,,,08003BAA,LAW属性の者の/エナジードレインを防ぎ/HPが0になるとHP回復
0819AD70,isolated,1,claimed,names_item,,,08003BEE,敵全体を1／4の確率で/スライムに変える
0819AD90,isolated,1,claimed,names_item,,,08003C18,味方1人のHPを/著しく回復するが/副作用も…？
0819ADB0,isolated,1,claimed,names_item,,,08003C4A,次の満月まで/ダメージゾーンを/無効化する
0819ADD0,isolated,1,claimed,names_item,,,08003C76,4種類の攻撃魔法のうち/いずれかの効果が/ランダムで発生
0819ADF0,isolated,1,claimed,names_item,,,08003CB0,敵の全攻撃を/1回無効化する
0819AE10,isolated,1,claimed,names_item,,,08003CCE,次の満月まで/敵との戦闘で/先制攻撃が出来る
0819AE30,isolated,1,claimed,names_item,,,08003CFC,デビルアナライズに/登録されている悪魔を/1体出現させる
0819AE50,isolated,1,claimed,names_item,,,08003D36,現在位置から5×5マスの/未歩行地をオートマップに/書き込む
0819AE70,isolated,1,claimed,names_item,,,08003D74,現在いる階層の/ダメージゾーンを/無効化する
0819AE90,isolated,1,claimed,names_item,,,08003DA2,コードブレイカーを/プレイするのに/必要なカード
0819BA0C,isolated,1,claimed,skills,,,08003DD4,敵1体を火炎で焼く
0819BA28,isolated,1,claimed,skills,,,08003DE8,アギの強化版
0819BA44,isolated,1,claimed,skills,,,08003DF6,敵全体にアギの効果
0819BA60,isolated,1,claimed,skills,,,08003E0A,マハラギの強化版
0819BA7C,isolated,1,claimed,skills,,,08003E1C,敵1体を凍結させて/FREEZE状態にする
0819BA98,isolated,1,claimed,skills,,,08003E48,ブフの強化版
0819BAB4,isolated,1,claimed,skills,,,08003E56,敵全体にブフの効果
0819BAD0,isolated,1,claimed,skills,,,08003E6A,マハーブフの強化版
0819BAEC,isolated,1,claimed,skills,,,08003E7E,雷を落として敵1体を/SHOCK状態にする
0819BB08,isolated,1,claimed,skills,,,08003EAA,ジオの強化版
0819BB24,isolated,1,claimed,skills,,,08003EB8,敵全体にジオの効果
0819BB40,isolated,1,claimed,skills,,,08003ECC,マハジオの強化版
0819BB5C,isolated,1,claimed,skills,,,08003EDE,敵1体に衝撃波をぶつける
0819BB78,isolated,1,claimed,skills,,,08003EF8,ザンの強化版
0819BB94,isolated,1,claimed,skills,,,08003F06,敵全体にザンの効果
0819BBB0,isolated,1,claimed,skills,,,08003F1A,マハザンの強化版
0819BBCC,isolated,1,claimed,skills,,,08003F2C,敵全体をPANIC状態にする
0819BBE8,isolated,1,claimed,skills,,,08003F4A,敵全体に無属性のダメージを/与える
0819BC04,isolated,1,claimed,skills,,,08003F6E,メギドの強化版
0819BC20,isolated,1,claimed,skills,,,08003F7E,敵数体をSLEEP状態にする
0819BC3C,isolated,1,claimed,skills,,,08003F9C,敵数体をBIND状態にする
0819BC58,isolated,1,claimed,skills,,,08003FB8,敵1体をPANIC状態にする
0819BC74,isolated,1,claimed,skills,,,08003FD6,敵数体をHAPPY状態にする
0819BC90,isolated,1,claimed,skills,,,08003FF4,敵1体をCHARM状態にする
0819BCAC,isolated,1,claimed,skills,,,08004012,敵数体をCLOSE状態にする
0819BCC8,isolated,1,claimed,skills,,,08004030,敵2体を呪い殺す
0819BCE4,isolated,1,claimed,skills,,,08004042,敵数体を呪い殺す
0819BD00,isolated,1,claimed,skills,,,08004054,敵2体を破魔の力で昇天させる
0819BD1C,isolated,1,claimed,skills,,,08004072,敵全体にハンマの効果
0819BD38,isolated,1,claimed,skills,,,08004088,敵の攻撃力を下げる
0819BD54,isolated,1,claimed,skills,,,0800409C,敵の防御力を下げる
0819BD70,isolated,1,claimed,skills,,,080040B0,敵の命中率を下げる
0819BDA8,isolated,1,claimed,skills,,,080040CC,全てのカジャ系魔法の効果を消す
0819BDC4,isolated,1,claimed,skills,,,080040EC,ンダ系魔法で下げられた能力を/元に戻す
0819BDE0,isolated,1,claimed,skills,,,08004114,敵の魔法と特殊攻撃を/1ターン無効にする
0819BDFC,isolated,1,claimed,skills,,,0800413E,味方全員の攻撃力を上げる
0819BE18,isolated,1,claimed,skills,,,08004158,味方全員の防御力を上げる
0819BE34,isolated,1,claimed,skills,,,08004172,味方全員の命中率を上げる
0819BE50,isolated,1,claimed,skills,,,0800418C,味方全員の魔法力を上げる
0819BE6C,isolated,1,claimed,skills,,,080041A6,味方を敵のエナジードレイン/から防ぐ
0819BE88,isolated,1,claimed,skills,,,080041CC,敵の攻撃魔法を/1ターンの間はね返す
0819BEA4,isolated,1,claimed,skills,,,080041F2,敵の直接攻撃を/1ターンの間はね返す
0819BEC0,isolated,1,claimed,skills,,,08004218,味方1人のHPを/少し回復する
0819BEDC,isolated,1,claimed,skills,,,08004238,味方1人のHPを/大きく回復する
0819BEF8,isolated,1,claimed,skills,,,0800425A,味方1人のHPを/MAXまで回復する
0819BF14,isolated,1,claimed,skills,,,08004280,味方全体にディアの効果
0819BF30,isolated,1,claimed,skills,,,08004298,味方全体にディアラマの効果
0819BF4C,isolated,1,claimed,skills,,,080042B4,味方全体にディアラハンの効果
0819BF68,isolated,1,claimed,skills,,,080042D2,味方1人の軽いステータス異常を/回復する
0819BF84,isolated,1,claimed,skills,,,080042FC,味方全体の軽いステータス異常を/回復する
0819BFA0,isolated,1,claimed,skills,,,08004326,味方1人のPOISON状態を/回復する
0819BFBC,isolated,1,claimed,skills,,,0800434E,味方1人のPALYZE状態を/回復する
0819BFD8,isolated,1,claimed,skills,,,08004376,味方1人のSTONE状態を/回復する
0819BFF4,isolated,1,claimed,skills,,,0800439C,味方1人のDYING・DEAD/状態を　HP1／4の状態で回復
0819C010,isolated,1,claimed,skills,,,080043DC,味方1人のDYING・DEAD/状態を　HPMAX状態で回復
0819C02C,isolated,1,claimed,skills,,,0800441A,術者の命と引き替えに味方全体の/HPをMAXにする
0819C048,isolated,1,claimed,skills,,,0800444E,周囲のMAPを表示する/新月で効果が切れる
0819C064,isolated,1,claimed,skills,,,0800447A,3Dダンジョンから脱出し/進入地点に戻る
0819C080,isolated,1,claimed,skills,,,080044A4,最後にセーブしたポイントへ/ワープする
0819C09C,isolated,1,claimed,skills,,,080044CC,戦闘から必ず脱出できる/ボスには無効
0819C0B8,isolated,1,claimed,skills,,,080044F2,主人公より低レベルの/悪魔の出現を抑える
0819C0D4,isolated,1,claimed,skills,,,0800451C,マッカを使用せずに/仲魔を1体召喚できる
0819C0F0,isolated,1,claimed,skills,,,08004546,DEAD状態の仲魔を戦闘に/参加させる　戦闘時のみ有効
0819C10C,isolated,1,claimed,skills,,,0800457E,敵1体をPALYZE状態にする
0819C128,isolated,1,claimed,skills,,,0800459E,敵1体をSTONE状態にする
0819C144,isolated,1,claimed,skills,,,080045BC,敵1体をDEAD状態にする
0819C160,isolated,1,claimed,skills,,,080045D8,敵1体をFLY状態にする
0819C17C,isolated,1,claimed,skills,,,080045F2,敵全体をCHARM状態にする
0819C198,isolated,1,claimed,skills,,,08004610,敵全体をHAPPY状態にする
0819C1B4,isolated,1,claimed,skills,,,0800462E,敵全体をHAPPY状態にする
0819C1D0,isolated,1,claimed,skills,,,0800464C,敵全体をSLEEP状態にする
0819C1EC,isolated,1,claimed,skills,,,0800466A,敵全体をPANIC状態にする
0819C208,isolated,1,claimed,skills,,,08004688,敵全体をBIND状態にする
0819C224,isolated,1,claimed,skills,,,080046A4,敵1体をBAT状態にする
0819C240,isolated,1,claimed,skills,,,080046BE,敵数体に火炎系攻撃
0819C25C,isolated,1,claimed,skills,,,080046D2,敵数体に氷結系攻撃
0819C278,isolated,1,claimed,skills,,,080046E6,敵数体を攻撃し/POISON状態にする
0819C294,isolated,1,claimed,skills,,,0800470E,敵数体に電撃系攻撃
0819C2B0,isolated,1,claimed,skills,,,08004722,　/　/
0819C2CC,isolated,1,claimed,skills,,,0800472C,敵全体をPOISON状態にする
0819C2E8,isolated,1,claimed,skills,,,0800474C,敵全体をCHARM状態にする
0819C320,isolated,1,claimed,skills,,,08004772,敵全体をCLOSE状態にする
0819C374,isolated,1,claimed,skills,,,080047A0,敵全体の命中率を/1／2に下げる
0819C390,isolated,1,claimed,skills,,,080047C2,術者の攻撃力と命中率を/上昇させる
0819C3AC,isolated,1,claimed,skills,,,080047E6,術者の防御力と魔力を上昇させる
0819C3C8,isolated,1,claimed,skills,,,08004806,火炎系魔法を無効にする/シールドを張る
0819C3E4,isolated,1,claimed,skills,,,0800482E,氷結系魔法を無効にする/シールドを張る
0819C400,isolated,1,claimed,skills,,,08004856,敵全体をPANIC状態にする
0819C41C,isolated,1,claimed,skills,,,08004874,術者と違う属性の敵に現HPの/1／4　味方に1／8ダメージ
0819C438,isolated,1,claimed,skills,,,080048B0,敵のHPを吸収して/自分のHPにする
0819C470,isolated,1,claimed,skills,,,080048DE,月齢を4進める
0819C56C,isolated,1,claimed,skills,,,0800492E,敵1体に噛みつく
0819C588,isolated,1,claimed,skills,,,08004940,敵1体に噛みつき/POISON状態にする
0819C5A4,isolated,1,claimed,skills,,,0800496A,敵1体に噛みつき/PALYZE状態にする
0819C5C0,isolated,1,claimed,skills,,,08004994,敵1体に噛みつき/STONE状態にする
0819C5DC,isolated,1,claimed,skills,,,080049BC,敵1体に噛みつき/CHARM状態にする
0819C5F8,isolated,1,claimed,skills,,,080049E4,敵2体を引っかく
0819C614,isolated,1,claimed,skills,,,080049F6,敵2体を引っかき/POISON状態にする
0819C630,isolated,1,claimed,skills,,,08004A20,敵2体を引っかき/PALYZE状態にする
0819C64C,isolated,2,claimed,skills,,,08004A4A,敵1体に毒針を放って/POISON状態にする
0819C650,isolated,2,claimed,story,,,0805082E,クトリーの発掘現場から/出てきたって　聞いたことがある·
0819C668,isolated,1,claimed,skills,,,08004A78,敵数体に麻痺針を放って/PALYZE状態にする
0819C684,isolated,1,claimed,skills,,,08004AA8,敵1体に巻きつき/BIND状態にする
0819C6A0,isolated,2,claimed,skills,,,08004ACE,敵1体を攻撃し/CLOSE状態にする
0819C6A4,isolated,2,claimed,lore,,,0801142E,天使。··ミカエルら、四大天使も最初はこの/大天使として描かれていたが堕
0819C6BC,isolated,1,claimed,skills,,,08004AF4,敵2体を攻撃し/PALYZE状態にする
0819C6F4,isolated,1,claimed,skills,,,08004B24,敵全体を攻撃し/CLOSE状態にする
0819C710,isolated,1,claimed,skills,,,08004B4A,敵全体を攻撃し/FREEZE状態にする
0819C764,isolated,1,claimed,skills,,,08004B82,敵全体を攻撃し/CHARM状態にする
0819C780,isolated,1,claimed,skills,,,08004BA8,敵全体にダメージを与える
0819C79C,isolated,1,claimed,skills,,,08004BC2,敵数体にダメージを与える
0819C7B8,isolated,1,claimed,skills,,,08004BDC,敵に突進してダメージを与える
0819C7D4,isolated,1,claimed,skills,,,08004BFA,敵全体にダメージを与える
0819C7F0,isolated,1,claimed,skills,,,08004C14,敵1体を押しつぶす
0819C80C,isolated,1,claimed,skills,,,08004C28,敵全体にダメージを与える
0819C844,isolated,1,claimed,skills,,,08004C4A,敵1体を殴りダメージを与える
0819C860,isolated,1,claimed,skills,,,08004C68,殴るの強化版
0819C87C,isolated,1,claimed,skills,,,08004C76,敵数体を殴りダメージを与える
0819C898,isolated,1,claimed,skills,,,08004C94,敵全体を拳で攻撃する
0819C8B4,isolated,1,claimed,skills,,,08004CAA,敵1体を蹴りダメージを与える
0819C8D0,isolated,1,claimed,skills,,,08004CC8,蹴りの強化版
0819C8EC,isolated,1,claimed,skills,,,08004CD6,敵数体を蹴りダメージを与える
0819C908,isolated,1,claimed,skills,,,08004CF4,敵1体を銃で攻撃する
0819C924,isolated,1,claimed,skills,,,08004D0A,敵数体を銃で攻撃する
0819C940,isolated,1,claimed,skills,,,08004D20,敵全体を銃で攻撃する
0819C95C,isolated,1,claimed,skills,,,08004D36,敵1体を攻撃　術者の/MAXHPにより威力が変わる
0819C978,isolated,1,claimed,skills,,,08004D6A,敵数体を攻撃　術者の/MAXHPにより威力が変わる
0819C994,isolated,1,claimed,skills,,,08004D9E,敵数体を攻撃　術者の/MAXHPにより威力が変わる
0819C9B0,isolated,1,claimed,skills,,,08004DD2,敵1体を攻撃　術者の/MAXHPにより威力が変わる
0819C9CC,isolated,1,claimed,skills,,,08004E06,敵2体を攻撃　術者の/MAXHPにより威力が変わる
0819C9E8,isolated,1,claimed,skills,,,08004E3A,敵数体を攻撃　術者の/MAXHPにより威力が変わる
0819CA04,isolated,1,claimed,skills,,,08004E6E,敵数体を攻撃　術者の/MAXHPにより威力が変わる
0819CA20,isolated,1,claimed,skills,,,08004EA2,敵1体を攻撃　術者の/MAXHPにより威力が変わる
0819CA58,isolated,1,claimed,skills,,,08004EDE,1ターンの間敵の物理攻撃を/術者が受ける
0819CA90,isolated,1,claimed,skills,,,08004F10,術者LOSTで戦闘を/強制的に終了させる
0819CAAC,isolated,1,claimed,skills,,,08004F3A,敵に与えたダメージの/1／2のHPが回復する
0819CAC8,isolated,1,claimed,skills,,,08004F68,敵1体を戦線離脱させる
0819CAE4,isolated,1,claimed,skills,,,08004F80,術者のHPが/使用HPの3倍回復する
0819D11C,isolated,1,claimed,dialogue,,,08090C06,げの様に　かるい！
0819D178,isolated,1,claimed,dialogue,,,080A005A,あたしを　さらってぇ！
0819D89C,isolated,1,claimed,dialogue,,,080A0A0C,行こうかのう
0819DA7C,isolated,1,claimed,dialogue,,,080A0A0C,行こうかのう
0819E078,isolated,1,claimed,story,,,08040014,：/みんな言ってるわ/セトが動いたって/あたしは　見てないけど··セトの
0819E49C,isolated,1,claimed,dialogue,,,08090C08,の様に　かるい！
0819E4FC,isolated,1,claimed,story,,,08070A08,群れが大和にも現れ/混乱をまき起こすと/国津神達は　好機と考えた··長く
0819EAFC,isolated,1,claimed,negotiate_status,,,080A0D0E,/ハエにかえられた··□
0819EC7C,isolated,1,claimed,story,,,08080A06,EUTRALの属性の/人だけが装備できる防具よ··ALLは　どの属性の人
0819ECDC,isolated,1,claimed,story,,,08060506,来たから相手に　しねぇゼ··ジジイだから/話合わねぇしよぉ··太った男：
0819F27C,isolated,1,claimed,negotiate_outcomes+story,,,080A110E,存玖··達は/□EXP手に入れた··□
0819F698,isolated,1,claimed,dialogue,,,080A005E,しを　さらってぇ！
081A05F8,isolated,1,claimed,dialogue,,,080A0030,に置いてくりゃれ………
081A0A1C,isolated,1,claimed,story,,,08080910,れてしまい非常に/危険だよ··相手の特性だけには気を付けて/おくように·
081A1BB8,isolated,1,claimed,lore,,,08020034,が、背中に窪み/や、長い牛の尾があるといわれてい/る。··王国を形成し、
081A2D5C,isolated,1,claimed,story,,,0807060C,/イェツラー回廊の入□がある··ネツァクと　ホドと/ティフェレトに/通じ
081A305C,isolated,1,claimed,negotiate_outcomes,,,080A1014,□しかし　強烈なヒジテツをくらい/倒れた··□
081A33BC,isolated,1,claimed,story,,,08081E12,る/防御相性を持つものがある··これらの防具を装備すると対応/する属性の
081A5A38,isolated,1,claimed,story,,,08080808,で戦闘時/に行動を実行すると以後AUTO/戦闘を行った時にそれが実行され
081A6CDC,isolated,2,claimed,story,,,08080404,SON/敵にかかると敵の攻撃力が/下がる··・PALYZE/麻痺状態とな
081A6CE0,isolated,2,claimed,story,,,08080808,で戦闘時/に行動を実行すると以後AUTO/戦闘を行った時にそれが実行され
081A6CEC,isolated,2,claimed,story,,,08080404,SON/敵にかかると敵の攻撃力が/下がる··・PALYZE/麻痺状態とな
081A6CF0,isolated,2,claimed,story,,,08080808,で戦闘時/に行動を実行すると以後AUTO/戦闘を行った時にそれが実行され
081A6CFC,isolated,2,claimed,story,,,08080404,SON/敵にかかると敵の攻撃力が/下がる··・PALYZE/麻痺状態とな
081A6D00,isolated,2,claimed,story,,,08080808,で戦闘時/に行動を実行すると以後AUTO/戦闘を行った時にそれが実行され
081A6D0C,isolated,2,claimed,story,,,08080404,SON/敵にかかると敵の攻撃力が/下がる··・PALYZE/麻痺状態とな
081A6D10,isolated,2,claimed,story,,,08080808,で戦闘時/に行動を実行すると以後AUTO/戦闘を行った時にそれが実行され
081B6370,isolated,1,claimed,lore,,,08009E00,サタンは、起源をエジプトの邪神セ/トに求めている。/セトもまた、蛇に変身
081C8118,isolated,1,claimed,story,,,0802C802,全て再点検した・・・··結果はもちろん完全だ··当初の予定通り/センター
081C813C,isolated,1,claimed,lore,,,08020002,コットランドが発祥とされ、その/姿は美しい娘であるが、背中に窪み/や、長
081C88BC,isolated,1,claimed,lore,,,08020002,コットランドが発祥とされ、その/姿は美しい娘であるが、背中に窪み/や、長
081C88DC,isolated,1,claimed,lore,,,08020002,コットランドが発祥とされ、その/姿は美しい娘であるが、背中に窪み/や、長
081C8C3C,isolated,1,claimed,story,,,08080808,で戦闘時/に行動を実行すると以後AUTO/戦闘を行った時にそれが実行され
081CB958,isolated,1,claimed,lore,,,0800CB00,/　出身地　　：インド/シヴァ神と彼の神妃パールヴァティ/の合体した姿。
081CC224,isolated,1,claimed,lore,,,0800FB00,いる/。·
081CC41C,isolated,1,claimed,story,,,0802C802,全て再点検した・・・··結果はもちろん完全だ··当初の予定通り/センター
081CCC3C,isolated,1,claimed,story,,,08020802,自分のための時間や余裕など/取れはしない··ましてや　子供のために割ける
081CD0D8,isolated,1,claimed,story,,,0802F802,？··敵への悪□を一緒に言えば/敵も攻撃がおろそかになり/戦いが楽になる
081CDA04,isolated,1,claimed,lore,,,0800FB00,いる/。·
081D17FC,isolated,1,claimed,story,,,08020B0E,に住むだけの/能力を持っているようだ··立派なテンプルナイトの両親の/も
081D1AA4,isolated,1,claimed,story,,,08080808,で戦闘時/に行動を実行すると以後AUTO/戦闘を行った時にそれが実行され
081D1E1C,isolated,2,claimed,lore,,,08020000,スコットランドが発祥とされ、その/姿は美しい娘であるが、背中に窪み/や、
081D1E20,isolated,2,claimed,story,,,08020802,自分のための時間や余裕など/取れはしない··ましてや　子供のために割ける
081D205C,isolated,1,claimed,story,,,08020802,自分のための時間や余裕など/取れはしない··ましてや　子供のために割ける
081D213C,isolated,1,claimed,story,,,08080008,ても回数が勝ること/で合計ダメージを大きくすること/が可能だよ··ただ　
081D23BC,isolated,1,claimed,story,,,08080008,ても回数が勝ること/で合計ダメージを大きくすること/が可能だよ··ただ　
081D2580,isolated,1,claimed,dialogue,,,080A0808,てくれる？
081D2644,isolated,1,claimed,dialogue,,,080A0802,い聞いてくれる？
081D283C,isolated,1,claimed,story,,,08020B02,してセンターに住むだけの/能力を持っているようだ··立派なテンプルナイト
081D5CB8,isolated,1,claimed,story,,,08020802,自分のための時間や余裕など/取れはしない··ましてや　子供のために割ける
081D609C,isolated,1,claimed,story,,,0802C802,全て再点検した・・・··結果はもちろん完全だ··当初の予定通り/センター
081D65E0,isolated,1,claimed,lore,,,08020002,コットランドが発祥とされ、その/姿は美しい娘であるが、背中に窪み/や、長
081D6624,isolated,1,claimed,negotiate_status,,,080A0F02,の/魔法を封じた··□
081D6E5C,isolated,1,claimed,lore,,,08020000,スコットランドが発祥とされ、その/姿は美しい娘であるが、背中に窪み/や、
081D723C,isolated,1,claimed,lore,,,08020000,スコットランドが発祥とされ、その/姿は美しい娘であるが、背中に窪み/や、
081D75E4,isolated,1,claimed,story,,,08020802,自分のための時間や余裕など/取れはしない··ましてや　子供のために割ける
081D75FC,isolated,1,claimed,story,,,08080000,力が低くても回数が勝ること/で合計ダメージを大きくすること/が可能だよ·
081D76FC,isolated,1,claimed,lore,,,08020000,スコットランドが発祥とされ、その/姿は美しい娘であるが、背中に窪み/や、
081D789C,isolated,1,claimed,story,,,08020802,自分のための時間や余裕など/取れはしない··ましてや　子供のために割ける
081D7D7C,isolated,1,claimed,lore,,,08020000,スコットランドが発祥とされ、その/姿は美しい娘であるが、背中に窪み/や、
081D7E9C,isolated,1,claimed,lore,,,08020000,スコットランドが発祥とされ、その/姿は美しい娘であるが、背中に窪み/や、
081D7FBC,isolated,1,claimed,story,,,08020B02,してセンターに住むだけの/能力を持っているようだ··立派なテンプルナイト
081D80FC,isolated,1,claimed,story,,,08023802,つとの差がそんなにあるとは/思えん··しかしそのほんの少しの差が/永遠に
081D873C,isolated,1,claimed,lore,,,08020000,スコットランドが発祥とされ、その/姿は美しい娘であるが、背中に窪み/や、
081D877C,isolated,1,claimed,story,,,08020B02,してセンターに住むだけの/能力を持っているようだ··立派なテンプルナイト
081D87BC,isolated,1,claimed,story,,,0803CB02,たメシアに/みんなで　カンパイといこうでは/ありませんか！··メシアがい
081D9244,isolated,1,claimed,story,,,080A3B02,あればすぐに敗戦が/待っているのです！/··先日の試合では190戦目で/
081D93F8,isolated,1,claimed,story,,,0802080E,時間や余裕など/取れはしない··ましてや　子供のために割ける/時間などあ
081D9418,isolated,1,claimed,story,,,08020B0E,に住むだけの/能力を持っているようだ··立派なテンプルナイトの両親の/も
081D9438,isolated,2,claimed,story,,,0802080E,時間や余裕など/取れはしない··ましてや　子供のために割ける/時間などあ
081D943C,isolated,2,claimed,story,,,08020802,自分のための時間や余裕など/取れはしない··ましてや　子供のために割ける
081D9458,isolated,2,claimed,story,,,08020B0E,に住むだけの/能力を持っているようだ··立派なテンプルナイトの両親の/も
081D945C,isolated,2,claimed,story,,,08020802,自分のための時間や余裕など/取れはしない··ましてや　子供のために割ける
081D94B8,isolated,1,claimed,story,,,0802F802,？··敵への悪□を一緒に言えば/敵も攻撃がおろそかになり/戦いが楽になる
081D9880,isolated,1,claimed,story,,,08020802,自分のための時間や余裕など/取れはしない··ましてや　子供のために割ける
081D9A3C,isolated,1,claimed,lore,,,08020000,スコットランドが発祥とされ、その/姿は美しい娘であるが、背中に窪み/や、
081DA27C,isolated,1,claimed,lore,,,08020000,スコットランドが発祥とされ、その/姿は美しい娘であるが、背中に窪み/や、
081DA2A4,isolated,1,claimed,story,,,08020802,自分のための時間や余裕など/取れはしない··ましてや　子供のために割ける
081DA47C,isolated,1,claimed,story,,,08023B02,今のおれには/この暮らしを捨てる気にはならん··君に会っておれは/生まれ
081DADFC,isolated,1,claimed,lore,,,08020000,スコットランドが発祥とされ、その/姿は美しい娘であるが、背中に窪み/や、
081DAEFC,isolated,1,claimed,lore,,,08020000,スコットランドが発祥とされ、その/姿は美しい娘であるが、背中に窪み/や、
081DB040,isolated,1,claimed,story,,,0802C802,全て再点検した・・・··結果はもちろん完全だ··当初の予定通り/センター
081DBA20,isolated,1,claimed,story,,,08080800,コマンドで戦闘時/に行動を実行すると以後AUTO/戦闘を行った時にそれが
081DBB1C,isolated,1,claimed,lore,,,08020000,スコットランドが発祥とされ、その/姿は美しい娘であるが、背中に窪み/や、
081DBC98,isolated,2,claimed,story,,,08020F0E,・メシア教徒としての/役目なのかしら・・・··判らない・・・/自然の摂理
081DBC9C,isolated,2,claimed,story,,,08020802,自分のための時間や余裕など/取れはしない··ましてや　子供のために割ける
081DC5A0,isolated,1,claimed,story,,,0802F802,？··敵への悪□を一緒に言えば/敵も攻撃がおろそかになり/戦いが楽になる
081DC79C,isolated,1,claimed,story,,,0802F802,？··敵への悪□を一緒に言えば/敵も攻撃がおろそかになり/戦いが楽になる
081DCAC0,isolated,1,claimed,story,,,0802FF02,の翼を駆って大空を/自由に飛び回っていた/あの頃・・・··あの姿に比べた
081DCF5C,isolated,1,claimed,lore,,,08020000,スコットランドが発祥とされ、その/姿は美しい娘であるが、背中に窪み/や、
081DCF7C,isolated,1,claimed,story,,,08020802,自分のための時間や余裕など/取れはしない··ましてや　子供のために割ける
081DD23C,isolated,1,claimed,lore,,,08020000,スコットランドが発祥とされ、その/姿は美しい娘であるが、背中に窪み/や、
081DD480,isolated,1,claimed,story,,,08020B02,してセンターに住むだけの/能力を持っているようだ··立派なテンプルナイト
081DD73C,isolated,1,claimed,lore,,,08020000,スコットランドが発祥とされ、その/姿は美しい娘であるが、背中に窪み/や、
081DD97C,isolated,1,claimed,lore,,,08020000,スコットランドが発祥とされ、その/姿は美しい娘であるが、背中に窪み/や、
081DE5FC,isolated,1,claimed,lore,,,08020000,スコットランドが発祥とされ、その/姿は美しい娘であるが、背中に窪み/や、
081DE61C,isolated,1,claimed,lore,,,08020000,スコットランドが発祥とされ、その/姿は美しい娘であるが、背中に窪み/や、
081DE6FC,isolated,1,claimed,lore,,,08020000,スコットランドが発祥とされ、その/姿は美しい娘であるが、背中に窪み/や、
081DEBDC,isolated,2,claimed,story,,,08020B02,してセンターに住むだけの/能力を持っているようだ··立派なテンプルナイト
081DEBE0,isolated,2,claimed,story,,,08020802,自分のための時間や余裕など/取れはしない··ましてや　子供のために割ける
081DEC7C,isolated,1,claimed,story,,,08023B02,今のおれには/この暮らしを捨てる気にはならん··君に会っておれは/生まれ
081DF1DC,isolated,1,claimed,lore,,,08020000,スコットランドが発祥とされ、その/姿は美しい娘であるが、背中に窪み/や、
081DF204,isolated,1,claimed,dialogue,,,080A0802,い聞いてくれる？
081DF3F8,isolated,1,claimed,story,,,0802080E,時間や余裕など/取れはしない··ましてや　子供のために割ける/時間などあ
081DFF64,isolated,1,claimed,story,,,0802CB0E,完成半年では/メシアが現れるには/短すぎるのか？···÷□□·、”□元老
081E015C,isolated,1,claimed,story,,,0802080E,時間や余裕など/取れはしない··ましてや　子供のために割ける/時間などあ
081E0680,isolated,1,claimed,story,,,0802FB0E,がいやなのか？··おまえはワシを醜いからといって/無理矢理に嫌おうとして
081E0724,isolated,1,claimed,story,,,0802FB0E,がいやなのか？··おまえはワシを醜いからといって/無理矢理に嫌おうとして
081E0760,isolated,1,claimed,story,,,0802FB0E,がいやなのか？··おまえはワシを醜いからといって/無理矢理に嫌おうとして
081E0878,isolated,2,claimed,story,,,0802FB0E,がいやなのか？··おまえはワシを醜いからといって/無理矢理に嫌おうとして
081E087C,isolated,2,claimed,story,,,08020802,自分のための時間や余裕など/取れはしない··ましてや　子供のために割ける
081E0958,isolated,2,claimed,story,,,0802FB0E,がいやなのか？··おまえはワシを醜いからといって/無理矢理に嫌おうとして
081E095C,isolated,2,claimed,story,,,08020802,自分のための時間や余裕など/取れはしない··ましてや　子供のために割ける
081E0DFC,isolated,1,claimed,lore,,,08020000,スコットランドが発祥とされ、その/姿は美しい娘であるが、背中に窪み/や、
081E0FDC,isolated,1,claimed,story,,,0802FB0E,がいやなのか？··おまえはワシを醜いからといって/無理矢理に嫌おうとして
081E11BC,isolated,1,claimed,story,,,08080000,力が低くても回数が勝ること/で合計ダメージを大きくすること/が可能だよ·
081E1224,isolated,1,claimed,story,,,080A3B02,あればすぐに敗戦が/待っているのです！/··先日の試合では190戦目で/
081E127C,isolated,1,claimed,story,,,08080000,力が低くても回数が勝ること/で合計ダメージを大きくすること/が可能だよ·
081E12E4,isolated,1,claimed,story,,,0802FB02,えはワシの姿がいやなのか？··おまえはワシを醜いからといって/無理矢理に
081E14D8,isolated,2,claimed,story,,,08020802,自分のための時間や余裕など/取れはしない··ましてや　子供のために割ける
081E14DC,isolated,2,claimed,story,,,08020802,自分のための時間や余裕など/取れはしない··ましてや　子供のために割ける
081E15A4,isolated,1,claimed,dialogue,,,080A0B02,仕方なし
081E21A4,isolated,1,claimed,dialogue,,,080A0802,い聞いてくれる？
081E2398,isolated,2,claimed,story,,,0802080E,時間や余裕など/取れはしない··ましてや　子供のために割ける/時間などあ
081E239C,isolated,2,claimed,story,,,08020802,自分のための時間や余裕など/取れはしない··ましてや　子供のために割ける
081E27BC,isolated,1,claimed,story,,,08020802,自分のための時間や余裕など/取れはしない··ましてや　子供のために割ける
081E27FC,isolated,1,claimed,lore,,,08020302,天使　　：サルガタナス/　出身地　　：イスラエル/アスタロトの直属の部下
081E29DC,isolated,1,claimed,lore,,,08020000,スコットランドが発祥とされ、その/姿は美しい娘であるが、背中に窪み/や、
081E38BC,isolated,1,claimed,story,,,08023F02,？···÷｜□·、￣□□：/神に従う者/・・・・・・/□∈献身的に生きる
081E4F04,isolated,1,claimed,story,,,08020802,自分のための時間や余裕など/取れはしない··ましてや　子供のために割ける
081E5B1C,isolated,1,claimed,story,,,08080000,力が低くても回数が勝ること/で合計ダメージを大きくすること/が可能だよ·
081E5E60,isolated,2,claimed,story,,,0802FB02,えはワシの姿がいやなのか？··おまえはワシを醜いからといって/無理矢理に
081E5E64,isolated,2,claimed,story,,,08020802,自分のための時間や余裕など/取れはしない··ましてや　子供のために割ける
081E5E84,isolated,1,claimed,story,,,0802FF02,の翼を駆って大空を/自由に飛び回っていた/あの頃・・・··あの姿に比べた
081E5F3C,isolated,1,claimed,lore,,,08020000,スコットランドが発祥とされ、その/姿は美しい娘であるが、背中に窪み/や、
081E605C,isolated,1,claimed,story,,,08020802,自分のための時間や余裕など/取れはしない··ましてや　子供のために割ける
081E6244,isolated,1,claimed,story,,,08020802,自分のための時間や余裕など/取れはしない··ましてや　子供のために割ける
081E631C,isolated,1,claimed,lore,,,08020000,スコットランドが発祥とされ、その/姿は美しい娘であるが、背中に窪み/や、
081E63DC,isolated,1,claimed,story,,,08020B0E,に住むだけの/能力を持っているようだ··立派なテンプルナイトの両親の/も
081E6438,isolated,2,claimed,story,,,08020802,自分のための時間や余裕など/取れはしない··ましてや　子供のために割ける
081E643C,isolated,2,claimed,story,,,08020802,自分のための時間や余裕など/取れはしない··ましてや　子供のために割ける
081E6520,isolated,1,claimed,dialogue,,,080A0B02,仕方なし
081E6DDC,isolated,1,claimed,lore,,,08020000,スコットランドが発祥とされ、その/姿は美しい娘であるが、背中に窪み/や、
081E7584,isolated,1,claimed,dialogue,,,080A0802,い聞いてくれる？
081E75C0,isolated,1,claimed,story,,,08020B02,してセンターに住むだけの/能力を持っているようだ··立派なテンプルナイト
081E769C,isolated,1,claimed,story,,,08080000,力が低くても回数が勝ること/で合計ダメージを大きくすること/が可能だよ·
081E7778,isolated,1,claimed,story,,,0802080E,時間や余裕など/取れはしない··ましてや　子供のために割ける/時間などあ
081E789C,isolated,1,claimed,story,,,08023B02,今のおれには/この暮らしを捨てる気にはならん··君に会っておれは/生まれ
081E801C,isolated,1,claimed,story,,,08020802,自分のための時間や余裕など/取れはしない··ましてや　子供のために割ける
081E8580,isolated,1,claimed,story,,,0802FB0E,がいやなのか？··おまえはワシを醜いからといって/無理矢理に嫌おうとして
081E8958,isolated,1,claimed,story,,,0802F802,？··敵への悪□を一緒に言えば/敵も攻撃がおろそかになり/戦いが楽になる
081E8CE0,isolated,1,claimed,story,,,08020B02,してセンターに住むだけの/能力を持っているようだ··立派なテンプルナイト
081E8E00,isolated,2,claimed,story,,,08020802,自分のための時間や余裕など/取れはしない··ましてや　子供のために割ける
081E8E04,isolated,2,claimed,story,,,08020802,自分のための時間や余裕など/取れはしない··ましてや　子供のために割ける
081E8EFC,isolated,1,claimed,lore,,,08020000,スコットランドが発祥とされ、その/姿は美しい娘であるが、背中に窪み/や、
081E8FC0,isolated,1,claimed,story,,,08020802,自分のための時間や余裕など/取れはしない··ましてや　子供のために割ける
081E90FC,isolated,1,claimed,story,,,08020802,自分のための時間や余裕など/取れはしない··ましてや　子供のために割ける
081E9F7C,isolated,1,claimed,story,,,08020802,自分のための時間や余裕など/取れはしない··ましてや　子供のために割ける
081EA05C,isolated,1,claimed,story,,,08020802,自分のための時間や余裕など/取れはしない··ましてや　子供のために割ける
081EA184,isolated,1,claimed,story,,,0802F802,？··敵への悪□を一緒に言えば/敵も攻撃がおろそかになり/戦いが楽になる
081EA3F8,isolated,1,claimed,story,,,0802FB02,えはワシの姿がいやなのか？··おまえはワシを醜いからといって/無理矢理に
081EC158,isolated,1,claimed,story,,,08020B0E,に住むだけの/能力を持っているようだ··立派なテンプルナイトの両親の/も
081EC9A4,isolated,1,claimed,story,,,08020800,/自分のための時間や余裕など/取れはしない··ましてや　子供のために割け
081ED45C,isolated,1,claimed,story,,,0802FB0E,がいやなのか？··おまえはワシを醜いからといって/無理矢理に嫌おうとして
081ED63C,isolated,1,claimed,story,,,08080000,力が低くても回数が勝ること/で合計ダメージを大きくすること/が可能だよ·
081ED91C,isolated,1,claimed,story,,,08020802,自分のための時間や余裕など/取れはしない··ましてや　子供のために割ける
081ED95C,isolated,1,claimed,story,,,08020802,自分のための時間や余裕など/取れはしない··ましてや　子供のために割ける
081EDD58,isolated,1,claimed,story,,,0802FB02,えはワシの姿がいやなのか？··おまえはワシを醜いからといって/無理矢理に
081EDDDC,isolated,1,claimed,story,,,08080000,力が低くても回数が勝ること/で合計ダメージを大きくすること/が可能だよ·
081EE684,isolated,1,claimed,dialogue,,,080A0802,い聞いてくれる？
081EE79C,isolated,1,claimed,story,,,0802FC0E,はないというのか？··ふむ・・・/□∈これほど厄介な男に会ったのは/2度
081EE878,isolated,2,claimed,story,,,0802080E,時間や余裕など/取れはしない··ましてや　子供のために割ける/時間などあ
081EE87C,isolated,2,claimed,story,,,08020802,自分のための時間や余裕など/取れはしない··ましてや　子供のために割ける
081EEDE4,isolated,1,claimed,story,,,0802F802,？··敵への悪□を一緒に言えば/敵も攻撃がおろそかになり/戦いが楽になる
081EF19C,isolated,1,claimed,story,,,08080000,力が低くても回数が勝ること/で合計ダメージを大きくすること/が可能だよ·
081EF29C,isolated,1,claimed,lore,,,08020000,スコットランドが発祥とされ、その/姿は美しい娘であるが、背中に窪み/や、
081EF6DC,isolated,1,claimed,story,,,08080000,力が低くても回数が勝ること/で合計ダメージを大きくすること/が可能だよ·
081EF97C,isolated,1,claimed,lore,,,08020000,スコットランドが発祥とされ、その/姿は美しい娘であるが、背中に窪み/や、
081EFDDC,isolated,1,claimed,lore,,,08020000,スコットランドが発祥とされ、その/姿は美しい娘であるが、背中に窪み/や、
081F07D8,isolated,2,claimed,lore,,,0802000E,が発祥とされ、その/姿は美しい娘であるが、背中に窪み/や、長い牛の尾があ
081F07DC,isolated,2,claimed,story,,,08020802,自分のための時間や余裕など/取れはしない··ましてや　子供のために割ける
081F07F8,isolated,1,claimed,story,,,08020B0E,に住むだけの/能力を持っているようだ··立派なテンプルナイトの両親の/も
081F0800,isolated,1,claimed,story,,,08020802,自分のための時間や余裕など/取れはしない··ましてや　子供のために割ける
081F0838,isolated,1,claimed,story,,,0802FF02,の翼を駆って大空を/自由に飛び回っていた/あの頃・・・··あの姿に比べた
081F0CFC,isolated,1,claimed,story,,,08020802,自分のための時間や余裕など/取れはしない··ましてや　子供のために割ける
081F127C,isolated,1,claimed,story,,,08080000,力が低くても回数が勝ること/で合計ダメージを大きくすること/が可能だよ·
081F16DC,isolated,1,claimed,story,,,08080000,力が低くても回数が勝ること/で合計ダメージを大きくすること/が可能だよ·
081F1B24,isolated,1,claimed,story,,,08080808,で戦闘時/に行動を実行すると以後AUTO/戦闘を行った時にそれが実行され
081F1BBC,isolated,1,claimed,story,,,08020802,自分のための時間や余裕など/取れはしない··ましてや　子供のために割ける
081F1D18,isolated,1,claimed,story,,,08080808,で戦闘時/に行動を実行すると以後AUTO/戦闘を行った時にそれが実行され
081F1F1C,isolated,1,claimed,lore,,,08020000,スコットランドが発祥とされ、その/姿は美しい娘であるが、背中に窪み/や、
081F227C,isolated,1,claimed,lore,,,08020000,スコットランドが発祥とされ、その/姿は美しい娘であるが、背中に窪み/や、
081F2438,isolated,1,claimed,story,,,0802FF02,の翼を駆って大空を/自由に飛び回っていた/あの頃・・・··あの姿に比べた
081F26A4,isolated,1,claimed,dialogue,,,080A0802,い聞いてくれる？
081F2898,isolated,2,claimed,story,,,0802080E,時間や余裕など/取れはしない··ましてや　子供のために割ける/時間などあ
081F289C,isolated,2,claimed,story,,,08020802,自分のための時間や余裕など/取れはしない··ましてや　子供のために割ける
081F295C,isolated,1,claimed,story,,,08020802,自分のための時間や余裕など/取れはしない··ましてや　子供のために割ける
081F2E04,isolated,1,claimed,dialogue,,,080A0B02,仕方なし
081F365C,isolated,1,claimed,story,,,08080000,力が低くても回数が勝ること/で合計ダメージを大きくすること/が可能だよ·
081F3F04,isolated,1,claimed,dialogue,,,080A0802,い聞いてくれる？
081F40FC,isolated,1,claimed,story,,,08020802,自分のための時間や余裕など/取れはしない··ましてや　子供のために割ける
081F42A4,isolated,1,claimed,story,,,08020802,自分のための時間や余裕など/取れはしない··ましてや　子供のために割ける
081F4498,isolated,2,claimed,story,,,08020802,自分のための時間や余裕など/取れはしない··ましてや　子供のために割ける
081F449C,isolated,2,claimed,story,,,08020802,自分のための時間や余裕など/取れはしない··ましてや　子供のために割ける
081F4538,isolated,1,claimed,story,,,08020B0E,に住むだけの/能力を持っているようだ··立派なテンプルナイトの両親の/も
081F4CB8,isolated,1,claimed,story,,,0802FB02,えはワシの姿がいやなのか？··おまえはワシを醜いからといって/無理矢理に
081F4D3C,isolated,1,claimed,story,,,08020802,自分のための時間や余裕など/取れはしない··ましてや　子供のために割ける
081F4D5C,isolated,2,claimed,story,,,0802080E,時間や余裕など/取れはしない··ましてや　子供のために割ける/時間などあ
081F4D60,isolated,2,claimed,dialogue,,,080A0802,い聞いてくれる？
081F4FBC,isolated,1,claimed,story,,,08020802,自分のための時間や余裕など/取れはしない··ましてや　子供のために割ける
081F5138,isolated,1,claimed,story,,,0802FB02,えはワシの姿がいやなのか？··おまえはワシを醜いからといって/無理矢理に
081F52E4,isolated,1,claimed,story,,,0802FF02,の翼を駆って大空を/自由に飛び回っていた/あの頃・・・··あの姿に比べた
081F5324,isolated,1,claimed,story,,,08080808,で戦闘時/に行動を実行すると以後AUTO/戦闘を行った時にそれが実行され
081F539C,isolated,1,claimed,story,,,0802FB02,えはワシの姿がいやなのか？··おまえはワシを醜いからといって/無理矢理に
081F53DC,isolated,1,claimed,story,,,08023002,···÷□□·、’□·：/受難か・・・··メシアには必要なんだね···
081F551C,isolated,1,claimed,story,,,08080808,で戦闘時/に行動を実行すると以後AUTO/戦闘を行った時にそれが実行され
081F581C,isolated,1,claimed,story,,,08020802,自分のための時間や余裕など/取れはしない··ましてや　子供のために割ける
081F5EDC,isolated,1,claimed,lore,,,08020000,スコットランドが発祥とされ、その/姿は美しい娘であるが、背中に窪み/や、
081F60DC,isolated,1,claimed,story,,,08023F02,？···÷｜□·、￣□□：/神に従う者/・・・・・・/□∈献身的に生きる
081F693C,isolated,1,claimed,story,,,08020802,自分のための時間や余裕など/取れはしない··ましてや　子供のために割ける
081F6EFC,isolated,1,claimed,story,,,08080000,力が低くても回数が勝ること/で合計ダメージを大きくすること/が可能だよ·
081F78F8,isolated,1,claimed,story,,,08020802,自分のための時間や余裕など/取れはしない··ましてや　子供のために割ける
081F7D60,isolated,1,claimed,story,,,08020B02,してセンターに住むだけの/能力を持っているようだ··立派なテンプルナイト
081F7E7C,isolated,1,claimed,lore,,,08020000,スコットランドが発祥とされ、その/姿は美しい娘であるが、背中に窪み/や、
081F853C,isolated,1,claimed,story,,,08020802,自分のための時間や余裕など/取れはしない··ましてや　子供のために割ける
081F9A5C,isolated,1,claimed,lore,,,08020000,スコットランドが発祥とされ、その/姿は美しい娘であるが、背中に窪み/や、
081F9B44,isolated,1,claimed,story,,,08020802,自分のための時間や余裕など/取れはしない··ましてや　子供のために割ける
081FA41C,isolated,1,claimed,story,,,08020802,自分のための時間や余裕など/取れはしない··ましてや　子供のために割ける
081FA4DC,isolated,1,claimed,lore,,,08020002,コットランドが発祥とされ、その/姿は美しい娘であるが、背中に窪み/や、長
081FA800,isolated,1,claimed,story,,,08020B02,してセンターに住むだけの/能力を持っているようだ··立派なテンプルナイト
081FA8F8,isolated,2,claimed,story,,,0802080E,時間や余裕など/取れはしない··ましてや　子供のために割ける/時間などあ
081FA8FC,isolated,2,claimed,story,,,08020802,自分のための時間や余裕など/取れはしない··ましてや　子供のために割ける
081FB59C,isolated,1,claimed,story,,,08080000,力が低くても回数が勝ること/で合計ダメージを大きくすること/が可能だよ·
081FB63C,isolated,1,claimed,story,,,08080000,力が低くても回数が勝ること/で合計ダメージを大きくすること/が可能だよ·
081FB764,isolated,1,claimed,story,,,08020802,自分のための時間や余裕など/取れはしない··ましてや　子供のために割ける
081FBDDC,isolated,1,claimed,lore,,,08020000,スコットランドが発祥とされ、その/姿は美しい娘であるが、背中に窪み/や、
081FBFA0,isolated,1,claimed,story,,,08080808,で戦闘時/に行動を実行すると以後AUTO/戦闘を行った時にそれが実行され
081FBFBC,isolated,1,claimed,story,,,08023B02,今のおれには/この暮らしを捨てる気にはならん··君に会っておれは/生まれ
081FC0DC,isolated,1,claimed,story,,,0802FB02,えはワシの姿がいやなのか？··おまえはワシを醜いからといって/無理矢理に
081FC13C,isolated,1,claimed,story,,,08020B02,してセンターに住むだけの/能力を持っているようだ··立派なテンプルナイト
081FC25C,isolated,1,claimed,lore,,,08020000,スコットランドが発祥とされ、その/姿は美しい娘であるが、背中に窪み/や、
081FCD3C,isolated,1,claimed,story,,,0802F802,？··敵への悪□を一緒に言えば/敵も攻撃がおろそかになり/戦いが楽になる
081FCFC0,isolated,1,claimed,story,,,0802CB02,：/センター完成半年では/メシアが現れるには/短すぎるのか？···÷□□
081FD798,isolated,2,claimed,story,,,08020B0E,に住むだけの/能力を持っているようだ··立派なテンプルナイトの両親の/も
081FD79C,isolated,2,claimed,story,,,08020802,自分のための時間や余裕など/取れはしない··ましてや　子供のために割ける
081FD980,isolated,1,claimed,story,,,0802F802,？··敵への悪□を一緒に言えば/敵も攻撃がおろそかになり/戦いが楽になる
081FDB7C,isolated,1,claimed,story,,,0802F802,？··敵への悪□を一緒に言えば/敵も攻撃がおろそかになり/戦いが楽になる
081FDBBC,isolated,1,claimed,story,,,08020B02,してセンターに住むだけの/能力を持っているようだ··立派なテンプルナイト
081FE898,isolated,1,claimed,story,,,08020802,自分のための時間や余裕など/取れはしない··ましてや　子供のために割ける
081FEC9C,isolated,1,claimed,story,,,0802FB0E,がいやなのか？··おまえはワシを醜いからといって/無理矢理に嫌おうとして
081FEFD8,isolated,1,claimed,story,,,08020802,自分のための時間や余裕など/取れはしない··ましてや　子供のために割ける
081FF640,isolated,1,claimed,lore,,,0800FF00,まった為、/植物の生長と生物の生殖行為が止ま/ってしまったが、水神エンキ
081FFC3C,isolated,1,claimed,story,,,08020802,自分のための時間や余裕など/取れはしない··ましてや　子供のために割ける
08200304,isolated,1,claimed,story,,,0802F802,？··敵への悪□を一緒に言えば/敵も攻撃がおろそかになり/戦いが楽になる
08200778,isolated,2,claimed,story,,,08020802,自分のための時間や余裕など/取れはしない··ましてや　子供のために割ける
0820077C,isolated,2,claimed,story,,,08020802,自分のための時間や余裕など/取れはしない··ましてや　子供のために割ける
082008FC,isolated,1,claimed,story,,,08020B02,してセンターに住むだけの/能力を持っているようだ··立派なテンプルナイト
08200EC0,isolated,1,claimed,lore,,,0800FF00,まった為、/植物の生長と生物の生殖行為が止ま/ってしまったが、水神エンキ
08201378,isolated,1,claimed,story,,,0802080E,時間や余裕など/取れはしない··ましてや　子供のために割ける/時間などあ
08201604,isolated,1,claimed,story,,,0802FB02,えはワシの姿がいやなのか？··おまえはワシを醜いからといって/無理矢理に
082016BC,isolated,1,claimed,lore,,,08020000,スコットランドが発祥とされ、その/姿は美しい娘であるが、背中に窪み/や、
082018FC,isolated,1,claimed,story,,,0802F802,？··敵への悪□を一緒に言えば/敵も攻撃がおろそかになり/戦いが楽になる
08201BBC,isolated,1,claimed,story,,,08020802,自分のための時間や余裕など/取れはしない··ましてや　子供のために割ける
082024BC,isolated,1,claimed,story,,,08020802,自分のための時間や余裕など/取れはしない··ましてや　子供のために割ける
082024F8,isolated,1,claimed,story,,,0802CF0E,··、”□·≠（□元老院B：/いや　そういう言い方ではなく··センターを
082027DC,isolated,1,claimed,story,,,08020B02,してセンターに住むだけの/能力を持っているようだ··立派なテンプルナイト
08202D20,isolated,1,claimed,story,,,08020B02,してセンターに住むだけの/能力を持っているようだ··立派なテンプルナイト
08202D7C,isolated,1,claimed,lore,,,08020000,スコットランドが発祥とされ、その/姿は美しい娘であるが、背中に窪み/や、
08202F7C,isolated,1,claimed,story,,,0802C800,/全て再点検した・・・··結果はもちろん完全だ··当初の予定通り/センタ
08203160,isolated,1,claimed,story,,,08020B02,してセンターに住むだけの/能力を持っているようだ··立派なテンプルナイト
08203340,isolated,1,claimed,story,,,0802FB02,えはワシの姿がいやなのか？··おまえはワシを醜いからといって/無理矢理に
08203604,isolated,1,claimed,story,,,08020802,自分のための時間や余裕など/取れはしない··ましてや　子供のために割ける
0820383C,isolated,1,claimed,story,,,08020802,自分のための時間や余裕など/取れはしない··ましてや　子供のために割ける
08203A1C,isolated,1,claimed,lore,,,08020000,スコットランドが発祥とされ、その/姿は美しい娘であるが、背中に窪み/や、
08203CFC,isolated,1,claimed,story,,,08020802,自分のための時間や余裕など/取れはしない··ましてや　子供のために割ける
08204920,isolated,1,claimed,story,,,0802F802,？··敵への悪□を一緒に言えば/敵も攻撃がおろそかになり/戦いが楽になる
08204F7C,isolated,1,claimed,story,,,08020802,自分のための時間や余裕など/取れはしない··ましてや　子供のために割ける
08205684,isolated,1,claimed,story,,,080A3F02,こりず　また挑戦して/ください！/·
082056C4,isolated,1,claimed,dialogue,,,080A0002,てきな相手にしてね❤︎⁠
08205900,isolated,1,claimed,story,,,08020B02,してセンターに住むだけの/能力を持っているようだ··立派なテンプルナイト
08205D40,isolated,1,claimed,story,,,08020802,自分のための時間や余裕など/取れはしない··ましてや　子供のために割ける
08205F04,isolated,1,claimed,dialogue,,,080A0B02,仕方なし
08206020,isolated,1,claimed,story,,,08020802,自分のための時間や余裕など/取れはしない··ましてや　子供のために割ける
082060D8,isolated,2,claimed,story,,,08020B0E,に住むだけの/能力を持っているようだ··立派なテンプルナイトの両親の/も
082060DC,isolated,2,claimed,story,,,08020802,自分のための時間や余裕など/取れはしない··ましてや　子供のために割ける
082060F8,isolated,2,claimed,story,,,0802080E,時間や余裕など/取れはしない··ましてや　子供のために割ける/時間などあ
082060FC,isolated,2,claimed,story,,,08020802,自分のための時間や余裕など/取れはしない··ましてや　子供のために割ける
08206244,isolated,1,claimed,dialogue,,,080A0802,い聞いてくれる？
082062A4,isolated,1,claimed,dialogue,,,080A0802,い聞いてくれる？
08206364,isolated,1,claimed,story,,,080A3B02,あればすぐに敗戦が/待っているのです！/··先日の試合では190戦目で/
08206398,isolated,1,claimed,story,,,08023B0E,/この暮らしを捨てる気にはならん··君に会っておれは/生まれ変わったんだ
082063E0,isolated,1,claimed,story,,,08020B02,してセンターに住むだけの/能力を持っているようだ··立派なテンプルナイト
0820643C,isolated,1,claimed,story,,,08020B02,してセンターに住むだけの/能力を持っているようだ··立派なテンプルナイト
08206458,isolated,3,claimed,story,,,08020B0E,に住むだけの/能力を持っているようだ··立派なテンプルナイトの両親の/も
0820645C,isolated,3,claimed,story,,,08020802,自分のための時間や余裕など/取れはしない··ましてや　子供のために割ける
08206460,isolated,3,claimed,story,,,08020802,自分のための時間や余裕など/取れはしない··ましてや　子供のために割ける
0820647C,isolated,2,claimed,story,,,08020B02,してセンターに住むだけの/能力を持っているようだ··立派なテンプルナイト
08206480,isolated,2,claimed,story,,,08020802,自分のための時間や余裕など/取れはしない··ましてや　子供のために割ける
0820649C,isolated,1,claimed,story,,,08020B02,してセンターに住むだけの/能力を持っているようだ··立派なテンプルナイト
082064C0,isolated,1,claimed,story,,,08020802,自分のための時間や余裕など/取れはしない··ましてや　子供のために割ける
08206518,isolated,2,claimed,story,,,08020B0E,に住むだけの/能力を持っているようだ··立派なテンプルナイトの両親の/も
0820651C,isolated,2,claimed,story,,,08020802,自分のための時間や余裕など/取れはしない··ましてや　子供のために割ける
08206644,isolated,1,claimed,dialogue,,,080A0802,い聞いてくれる？
082067F8,isolated,1,claimed,story,,,0802380E,んなにあるとは/思えん··しかしそのほんの少しの差が/永遠に埋まらない・
08206CD8,isolated,1,claimed,story,,,0802FB02,えはワシの姿がいやなのか？··おまえはワシを醜いからといって/無理矢理に
08207364,isolated,1,claimed,story,,,0802F802,？··敵への悪□を一緒に言えば/敵も攻撃がおろそかになり/戦いが楽になる
0820761C,isolated,1,claimed,lore,,,08020000,スコットランドが発祥とされ、その/姿は美しい娘であるが、背中に窪み/や、
0820A0D0,isolated,1,claimed,lore,,,0800BC6A,時に、一度だけ人の前に姿/を現す。··その神々しく美しい姿を見た鳥が数/
0820A400,isolated,1,claimed,story,,,08024462,るものであれば問題は/あるまい···＝”□·。（□元老院C：/しかしこれ
0820A9F8,isolated,1,claimed,story,,,08037574,ヴァーチャル・バトルを/しなさい・・・·
0820B4B0,isolated,1,claimed,story,,,080808CC,物理の特性を持つ場合/AUTO戦闘をすると　剣や銃の/攻撃が跳ね返されて
08211DA8,isolated,1,UNCLAIMED,,noise,,0878EC66,。⊇★;
08213618,isolated,1,claimed,lore,,,0801DDDC,に恋人が出来た場合は、その/恋人を殺そうとし、また、処分しよ/うとすると
0821A6A4,isolated,1,claimed,story,,,0803C5C4,住み始めたみたいね/私　あんな所には　住みたく/ないわ·□。·。$□
0821B574,isolated,1,claimed,story,,,08059532,シアとなった/·が　所属した/名門ジムで…··あ　あなたは　メシア様！·
0821C5A8,isolated,1,UNCLAIMED,,noise,,0857FA58,cccccc炎
0821FE50,isolated,1,claimed,story,,,0806B880,た/またまた··有り金全部スッちまった！·
082224F4,isolated,1,claimed,lore,,,08010204,五/百人（一説には千人）の子を養う為/に人間の子供をさらって喰わせてい/
08229CD4,isolated,1,claimed,story,,,08090704,　こっち　いらっしゃーイ❤︎⁠
0822EAEC,isolated,1,claimed,story,,,08070302,□□＞·は/何か　落としていった··”□”を手に入れた··“
082312F0,isolated,1,claimed,story,,,0804C406,らば　真の救世主/·……·/さらば　新しい聖母/□……··□□□♪□
08235100,isolated,1,claimed,story,,,080721FC,ぜよう··.·そなた　ここへ来たのは/初めてか？/では　ロハで占ってしん
08238574,isolated,1,claimed,story,,,080706C4,開けるには　カギを2つ/使うそうだ·
08238E70,isolated,1,claimed,story,,,0805AC88,結果法則が複雑な/のでパターンを覚えるのは難しい/だろう··3身合体の利
08239FD4,isolated,1,claimed,skills,,,0800467C,状態にする
0823A24C,isolated,1,claimed,story,,,0807090A,ウの守り神　平将門公は/その身体を6つに/引き裂かれたのだ··大和神族の
0823D59C,isolated,1,claimed,story,,,08030012,その姿のままでは/お前は救われぬがな···
0823E148,isolated,1,claimed,lore,,,08012222,ンターの影/の仕事を遂行し、テンプルナイト/のイメージを維持する役割を持
08242334,isolated,1,claimed,lore,,,080109C4,··名を一言主神（ヒトコトヌシノカミ/）と書く。後に、エンノオズヌによ/
082467B8,isolated,1,claimed,story,,,08030094,だ？···÷□□·、□□ミカエル：/ふむ・・・··でははっきりと言おう·
082496EC,isolated,1,claimed,dialogue,,,080A0602,と/つり合うわけないじゃん！
08250290,isolated,1,claimed,lore,,,08020104,とも呼ばれた蛇神。··オーストラリアの原住民、アボリジ/ニの神。大いなる
082529C4,isolated,1,claimed,story,,,08070206,は　地下世界の/者達と共に　この神々の復活を/待っているのだ………·
0825372C,isolated,1,claimed,skills,,,08004034,体を呪い殺す
0825576C,isolated,1,claimed,link_comm,,,08009A88,/悪魔のレベルが高すぎるため/交換できません
0825808C,isolated,1,claimed,story,,,08030504,ず□·。］□テンプルナイト：/・・・・・・···、﹁□·≠］□ミュータン
0825BCAC,isolated,1,claimed,lore,,,0801CCA4,·棘の生えた甲羅に六本の足があり、/獅子の頭部と、先端がスペード型に/尖
08261624,isolated,1,claimed,dialogue,,,080A0504,やなヤツねー！·/あんたの事　気に入らないわ！
082628F4,isolated,1,claimed,lore,,,08011EC0,プトとは「熟練/者」と言う意味で、魔術士の最高位/。·
08268B40,isolated,1,claimed,skills,,,08004000,ARM状態にする
08268E3C,isolated,1,claimed,story,,,0807BA12,う·□、·□句·□÷·、E□汝は　何者にも頼らず/自らの道を行く者·□、
0826BF68,isolated,1,claimed,lore,,,08018100,）だといわれている。·
0826D81C,isolated,1,claimed,story,,,08038262,でしょう/··されば旧ロッポンギ北東へ/向かいなさい/·
0826E3F8,isolated,1,claimed,lore,,,0800AD5A,てて住む事に/なったといわれる。·
08272228,isolated,1,claimed,dialogue,,,08090410,たあ……/こででも　持っていっでくでえ
08273934,isolated,1,claimed,story,,,08062324,が　じきじきに/殺してやろう！··
0827612C,isolated,1,claimed,skills,,,080048A0,1／8ダメージ
0827EC08,isolated,1,claimed,story,,,0802A86A,/あの歌も歌って・・・···
08299424,isolated,1,claimed,story,,,08050602,オベロン様に/お願いしてみましょう··（
0829A41C,isolated,1,claimed,skills,,,08004774,全体をCLOSE状態にする
0829B58C,isolated,1,claimed,lore,,,0801A004,たものであ/る。·
0829B5A0,isolated,1,claimed,lore,,,08013332,られたアラビアの魔神。··自在に空を飛べ、人間より力も知恵/も勝り、変幻
082A736C,isolated,1,claimed,story,,,08090B0C,出を　ありがとう
082AA204,isolated,1,claimed,story,,,080742A4,回復します··あなたが金縛りになると悪魔との/会話やCOMPの使用ができ
082AAB80,isolated,1,claimed,lore,,,080138A4,テリオン/　出身地　　：イギリス/『ヨハネの黙示録』における「獣」/又は
082AC2F4,isolated,1,claimed,lore,,,0800DD20,ている。·
082B003C,isolated,1,claimed,skills,,,08004000,ARM状態にする
082B0164,isolated,1,UNCLAIMED,,noise,,08636EC4,··fd、
082B06E0,isolated,1,claimed,story,,,08038822,官□吟·□吟働く者の集う地・・・/そなたに託さんとするモノを持つ/土に塗
082B0C40,isolated,1,claimed,story,,,08080130,法　特技のいくつかの/攻撃は追加効果を持ってるよ··銃は　弾丸により追加
082B1FF0,isolated,1,claimed,lore,,,08010204,五/百人（一説には千人）の子を養う為/に人間の子供をさらって喰わせてい/
082B5DD4,isolated,1,claimed,dialogue,,,0809C5C4,行く定めの/人間などには　とうてい/持てぬもの　
082C1574,isolated,1,claimed,lore,,,0800B294,天津神　　：タヂカラオ/　出身地　　：日本/高天原随一の怪力を誇る男神。
082C2944,isolated,1,claimed,story,,,08050C0A,いない·
082CB0D4,isolated,1,claimed,skills,,,08004000,ARM状態にする
082CB92C,isolated,1,UNCLAIMED,,MISSING,,08050948,、査九·嫉九·⇔□、彩九·嫉九·∡□、剤九·嫉九·∃□、咋九·嫉九·□□
082CC6E0,isolated,1,claimed,story,,,0807FB00,れ/ます··戦闘を数度繰り返しても同じパタ/ーンで絶対に勝てる程出現する
082CD164,isolated,1,claimed,lore,,,08020706,える六柱の上級魔神の一柱。··『グラン・グリモア』に記述が見ら/れ、あら
082CDC44,isolated,1,claimed,story,,,08070302,□□＞·は/何か　落としていった··”□”を手に入れた··“
082D4FB4,isolated,1,claimed,story,,,08021092,な···、ロ□·≠〜□□：/私の・・・私の・・・···＝ロ□·。〜□科学
082D50E4,isolated,1,claimed,story,,,08057580,□□·◇·◇声：/誰だ！？/サタンを倒したのは？/我が下へ来て　姿を見せ
082DA6C8,isolated,1,claimed,story,,,08050B06,げていった··人間よ　まずパックをつかまえて/”□”を/手に入れるのだ　
082E1E18,isolated,1,claimed,story,,,080506E6,/一緒に暮らせて……··□□·：/ここにとどまって/妖精達のために働いて
082E337C,isolated,1,claimed,story,,,0806B324,覚ますだろう…·/だが　もうおそい…·/
082EE3B0,isolated,1,claimed,story,,,08070206,は　地下世界の/者達と共に　この神々の復活を/待っているのだ………·
082EF294,isolated,1,claimed,lore,,,0800C004,られるシヴァ神妃··シヴァの最初の妻、サティーの生ま/れ変わりだといわれ
082F2E10,isolated,1,claimed,lore,,,08020020,/姿は美しい娘であるが、背中に窪み/や、長い牛の尾があるといわれてい/る
082F60B8,isolated,1,claimed,story,,,080701C6,地下世界には/大和神族の神々が/封印されておる··我々ガイア教徒は　地下
082FA5F4,isolated,1,claimed,story,,,08032454,：/・・・・・・/□∈・・・まぁよかろう··お主に力を授けよう··今後　
082FBCDC,isolated,1,claimed,dialogue,,,080927E4,！　悪りィな！
082FE5BC,isolated,1,claimed,link_comm,,,08009856,度実行してください
082FEF98,isolated,1,claimed,lore,,,0800A7CC,き/あがらせ、若い男女の間に絆を設け/る。··また、セフィロトにおけるネ
082FF548,isolated,1,claimed,lore,,,0800CB02,　出身地　　：インド/シヴァ神と彼の神妃パールヴァティ/の合体した姿。·
082FF854,isolated,1,claimed,lore,,,0800A7EE,け/る。··また、セフィロトにおけるネツァ/ック（勝利）を表し、このこと
082FF8D0,isolated,1,claimed,skills,,,08004360,ZE状態を/回復する
083011C4,isolated,1,claimed,skills,,,08003FC0,PANIC状態にする
08305A38,isolated,1,claimed,dialogue,,,08092854,ナカマ　ウラギレナイ··□は/気が変わった様だ
08307C70,isolated,1,claimed,lore,,,0800C6E0,れる女神。··名は天宇受売命（アメノウズメノミ/コト）と書く。/神楽によ
0830A3F0,isolated,1,claimed,story,,,08028552,えを/たたき込まれたのです··旦那様は立派な方でした··・・・少し立派す
0830A810,isolated,1,UNCLAIMED,,noise,,084E709C,々》ー＋
0830D1D0,isolated,1,claimed,story,,,0807C584,い/まだ　よく動かないんだ··君が　ホーリータウンに行き/調べてくれない
083126EC,isolated,1,claimed,story,,,080597A6,ルの/仮想空間に入らせてもらった··私の名は…·/STEVENとしておこ
08317B20,isolated,1,claimed,lore,,,08020510,な話術を持ち/様々な姿に変身することができたと/いわれている。·
0831825C,isolated,1,claimed,story,,,08023F46,きるもの···
08318F08,isolated,1,claimed,story,,,080817E2,わりに戦闘時に素早く行動/できるわ··後街は前街より敵に狙われにくい/け
08319AC4,isolated,1,claimed,lore,,,0800A2A2,割り当てられる喜びの/天使。·
0831A1B8,isolated,1,claimed,story,,,08030504,ず□·。］□テンプルナイト：/・・・・・・···、﹁□·≠］□ミュータン
0831F624,isolated,1,claimed,skills,,,08004000,ARM状態にする
083205E4,isolated,1,claimed,story,,,08021D40,組織して・・···
08320BA4,isolated,1,claimed,dialogue,,,080A0018,わらわを　そなたの/そばに置いてくりゃれ………
08321E9C,isolated,1,claimed,lore,,,08010704,と書く。··八千矛命（ヤチホコノミコト）顕国/玉神（ウツシクニダマノカミ
08324DA4,isolated,1,claimed,lore,,,08014100,。··音を立てずに歩け、人語も解する為/に妖精はカーシーを番犬や乗り物と
08326560,isolated,1,claimed,lore,,,08018014,大釜で魔法の楽を作成したりすると/いわれている。·
08326754,isolated,1,claimed,story,,,0803ECC6,吟よっぱらいの労働者：/この　じめんのしたになぁ/ちかせかい　とかいうの
08328840,isolated,1,claimed,story,,,080A41D2,　負けるか勝つか/10万マッカ　7万マッカ/5万マッカ　運命の分かれ道！
08330F5C,isolated,1,claimed,story,,,08030880,下にでも追いやられ/双方の命が救われるという/わけじゃな···÷ず□·。
08331C18,isolated,1,claimed,skills,,,08004000,ARM状態にする
083410D4,isolated,1,claimed,story,,,0806A806,　ヴァルハラは/用が無くなったからだ！··これは　人ごとじゃない！/ヴァ
0834D2C8,isolated,1,claimed,story,,,080800D8,することもできるので/弱い敵なら1ターンで滅ぼすこと/も可能なんだ···
0834D2D8,isolated,1,claimed,lore,,,0800BEDC,。··ヴィシュヌの化身（アヴァターラ）/に付き添い、ダラーニー、シーター
0834D410,isolated,1,claimed,story,,,0807006E,を奪っている·
0834D97C,isolated,1,claimed,lore,,,0800D000,を消した際、王の座を狙うが失/敗する。··「聖書」において、バールの妻ア
08355764,isolated,1,UNCLAIMED,,leak-risk,,08003456,/□のダメージを/受けた·
08356BC4,isolated,1,UNCLAIMED,,leak-risk,,08003456,/□のダメージを/受けた·
08356BFC,isolated,1,claimed,story,,,08030878,らで/地下にでも追いやられ/双方の命が救われるという/わけじゃな···÷
0835AB58,isolated,2,claimed,link_comm,,,08009908,るため/交換できません
0835AB5C,isolated,2,claimed,link_comm,,,08009850,て/再度実行してください
0835AB98,isolated,1,claimed,story,,,08028764,・・・・・・・・・・・・・·
0835ED44,isolated,1,claimed,dialogue,,,0809AB12,抹殺せよ！
08369064,isolated,1,claimed,lore,,,08010646,ヤノオトドを倒して支/配者となる伝説がある。·
083694A8,isolated,1,claimed,lore,,,0800FFE8,難き者」の意味を持つ/黄色い色をした美しい女戦士。··十の腕に様々な武器
0836BD54,isolated,1,claimed,story,,,08030066,/謎解きはもう沢山だ··わしに何をしろというのだ？···÷□□·、□□ミ
0836CC74,isolated,1,UNCLAIMED,,leak-risk,story,0807009C,］べ句·［i句ミュータント：/何だ　おまえは？/おまえなどが来ても　あの
0836FE94,isolated,1,claimed,lore,,,0800DDE0,分類で、金の属性を持ち、季/節では秋を、色の中では白を表す。··太上老君
0837264C,isolated,1,claimed,story,,,08039074,あまたのものが/そなたたちを通すまいと/しておるが・・・/··そなたたち
08374374,isolated,1,claimed,lore,,,0800DDCC,われ/る。··五行の分類で、金の属性を持ち、季/節では秋を、色の中では白
08375030,isolated,1,claimed,story,,,08024844,：/そのメシア様に危険が訪れたら/あなたはどうしますか？···÷｜□·、
08378E20,isolated,1,claimed,lore,,,0800A078,りに三十六枚の翼、そして無/数の眼を持つといわれる。··非常に残忍な面も
08378E74,isolated,1,claimed,story,,,08040400,ドンが起きたみたい/だぜ··ミレニアムのヴァルハラ・エリア/を飲み込んで
0837A62C,isolated,1,UNCLAIMED,,noise,,08580300,□cccccccccccc派
0837D958,isolated,1,claimed,names_equipment,,,08199AD8,□。メギドファイア
08380F28,isolated,1,claimed,battlefrag,,,08123344,ードを設定します
08383B24,isolated,1,claimed,story,,,08030066,/謎解きはもう沢山だ··わしに何をしろというのだ？···÷□□·、□□ミ
08383C30,isolated,1,claimed,skills,,,0800420E,はね返す
08389584,isolated,1,claimed,story,,,08039000,ェレトより先の回廊へ/進むがよい/··街を飲み込んだ魔王が見える・・/·
083897F8,isolated,1,claimed,lore,,,0800EF0A,　　：日本/アマテラス、ツクヨミとともに三貴/子と呼ばれる暴風神。··名
08389B48,isolated,1,claimed,lore,,,0800FE60,ぐるために身を守る装身具を取られ/丸裸にされてしまう。··さらに、双子の
0838F50C,isolated,1,claimed,lore,,,0800EEAA,ゆる物/を焼き尽くすほどの光線が放出され/ると言われている。·
0838FC20,isolated,1,claimed,link_comm,,,08009ADC,されています
0838FCD8,isolated,1,claimed,story,,,08060004,会えない··でも　もう一度あなたに会えて/もう一度あなたの役に立てて/よ
08390808,isolated,1,claimed,lore,,,0800AA08,れる/善なる魂を管理する者でもある。·
08392BE0,isolated,1,claimed,story,,,0805D5FA,ナリーの/記録内容によって修復が可能か/どうかが決まる/··修復可能であ
083989DC,isolated,1,UNCLAIMED,,leak-risk,door_check,08002F10,ます/□□入室チェック終了/ドアを開きます·
08398DCC,isolated,1,claimed,lore,,,08009DE0,ばれるのは/このためである。··サタンは、起源をエジプトの邪神セ/トに求
0839A7A0,isolated,1,claimed,story,,,08080076,数回攻撃しても/ダメージを与えられないことも/ありからね··また　敵1グ
0839DBB0,isolated,1,UNCLAIMED,,leak-risk,story,080310F8,·、”□·。（□·】·÷□□·≠（□元老院B：/・・・・・・··誰も彼も
0839DCEC,isolated,1,claimed,story,,,080300FE,完成に手を貸せば/神に導かれる側として/認められるかも知れぬぞ··そうす
083A1184,isolated,1,claimed,story,,,080720FE,けでも…··わかった花田　すぐに始めてくれ··花田：/よーし　スイッチを
083A81CC,isolated,1,UNCLAIMED,,noise,,08343434,D→ぅ勲
083AC4CC,isolated,1,claimed,lore,,,0800CD08,：バール/　出身地　　：シリア/雨と雷と稲妻をつかさどる豊穣神。··名は
083B41E0,isolated,1,claimed,story,,,08062034,れ……·□〉□倶□－□倶·おおっ！　何という強さだ！/ルシファー様に/す
083BAA64,isolated,1,UNCLAIMED,,leak-risk,,08003320,　おかされた·
083C13AC,isolated,1,claimed,story,,,08030054,/ミカエルよ・・・/謎解きはもう沢山だ··わしに何をしろというのだ？··
083CA7BC,isolated,1,claimed,lore,,,0800ACBE,帰り/阿波岐原（あわぎはら）で禊をした/時、右の目から生まれた。··保食
083CFB38,isolated,1,claimed,lore,,,0800BB66,持ち、首の周りは金色に輝いた姿を/している。··死期を悟ると自分で香木を
083CFDD8,isolated,1,claimed,lore,,,0800D126,リスと、母神イ/シスの息子。··オシリスが弟のセトに殺されたあと/にイシ
083DB1D0,isolated,1,claimed,story,,,08048770,銀·OK！　OK！/また　来てくれよナ/BYE　BYE！·
083DF3C8,isolated,1,UNCLAIMED,,leak-risk,story,080310F6,□·、”□·。（□·】·÷□□·≠（□元老院B：/・・・・・・··誰も彼
083E18D4,isolated,1,claimed,story,,,080720B8,たらしい··目加田：/まだ　4人残っている……/うーん　ならば/·　だけ
083E55F8,isolated,1,claimed,skills,,,080045A4,をSTONE状態にする
083F1D38,isolated,1,claimed,story,,,08020C3E,ないだろう・・・··しかしいつの日か・・・··□・・・··□｜□b・・・
083FBE60,isolated,1,claimed,story,,,0808A9AA,·····················⇔□！□区□の歌は　甘く/□の
08400C48,isolated,1,claimed,location_names,,,080A9224,@@@@旧都□　18F@@@@@@@@@旧皇居@@@@@@@@@@@@@
0840692C,isolated,1,claimed,story,,,08060408,奴ですら/私を　のけ者にしやがる·
08406B04,isolated,1,claimed,story,,,08071206,う物がつくられ/かつての街は　完全に地下へ/封じこめられてしまったのだ·
08408210,isolated,1,claimed,skills,,,08004308,いステータス異常を/回復する
084087B8,isolated,1,claimed,lore,,,0800ED6E,：インド/ヒンドゥー教の三大神の一柱で、破/壊や舞踏を司る。··四手、四
08408DE4,isolated,1,claimed,skills,,,08004408,MAX状態で回復
08412CEC,isolated,1,claimed,story,,,08073056,たりの道を　よく覚えて/ねぇからな··いつもの通り　羽田のヤロウの/ジム
08413400,isolated,1,claimed,story,,,08039000,ェレトより先の回廊へ/進むがよい/··街を飲み込んだ魔王が見える・・/·
084137D0,isolated,1,claimed,dungeon_events,,,08003408,トラップだ！/·達は/ダメージを受けた·
0841A218,isolated,1,claimed,lore,,,0800D310,や稲妻を司る神であり、大地に豊/饒をもたらす神でもある。··ラグナロクで
0841A2D8,isolated,1,claimed,lore,,,0800EDCC,虎/の皮を纏い、首には数珠と蛇を巻き/付けた姿で描かれることが多い。··
0841A4A4,isolated,1,claimed,lore,,,0800E110,刀を手にして戦う猫の絵がパピル/スに描かれている。·
0841F14C,isolated,1,claimed,story,,,08030444,ナイト：/・・・・・・/□∈私としては特に付け加えることは/ない··きみ
0841F50C,isolated,1,claimed,lore,,,0800A648,エル/「神の友」の名を持つ天使。··「光の世界の復讐者」とも呼ばれ/天使
08424C9C,isolated,1,claimed,story,,,080300AA,□ミカエル：/ふむ・・・··でははっきりと言おう··センターに協力しろ·
08434B0C,isolated,1,claimed,story,,,080750DE,毎ターン一定の確率で/自動回復する··あなたが金縛りになると悪魔との/会
084351B4,isolated,1,claimed,lore,,,0800DE78,サグ/　出身地　　：イラク/蝎と人間の融合したバビロニアの半/人半蝎の獣
0843CC34,isolated,1,claimed,story,,,08030054,/ミカエルよ・・・/謎解きはもう沢山だ··わしに何をしろというのだ？··
08442EF0,isolated,1,claimed,story,,,0803C200,ヴァルハラで/1番の注目は……··コロシアム　スペシャル・マッチ/メシア
08446498,isolated,1,claimed,story,,,080720E0,る……/うーん　ならば/·　だけでも…··わかった花田　すぐに始めてくれ
0844A26C,isolated,1,claimed,lore,,,08020420,す能力を持つといわれている。·
0844D168,isolated,1,claimed,story,,,08070052,　なおもあって/私達から　光を奪っている·
0844E854,isolated,1,claimed,story,,,080700DC,も　あの方が/心を開くことなどないのだ·
0844F060,isolated,1,claimed,story,,,08053410,まえが　·か··ルシファー様の命により/その力/試させてもらうぞ··
0845538C,isolated,1,claimed,story,,,0802C088,単には及ぶまい・・・··しかしこのあたりに長くいても/いつかは奴らの追っ
08456DFC,isolated,1,claimed,lore,,,0800CF20,/魂をヴァルハラに集めている。/ラグナロクでは妖狼フェンリルに飲/まれ死
084591B0,isolated,1,claimed,lore,,,0800BBBA,け横たわるが、燃える火の中から/蘇ってまた五百〜六百年生きると言/われて
0845D4B4,isolated,1,claimed,skills,,,08004366,態を/回復する
0845E2D0,isolated,1,claimed,lore,,,08020324,　：イスラエル/アスタロトの直属の部下で、多くの/旅団を指揮する地獄の准
0845F688,isolated,1,claimed,skills,,,08004434,体の/HPをMAXにする
08460CB4,isolated,1,UNCLAIMED,,leak-risk,,08003254,ハエに　かえられた·
0846127C,isolated,1,claimed,lore,,,0800BBBC,横たわるが、燃える火の中から/蘇ってまた五百〜六百年生きると言/われてい
08463990,isolated,1,claimed,lore,,,0800EC2C,地　　：全世界/風のエネルギーが具象化した存在。··エアロスも風の神とし
08463E94,isolated,1,claimed,lore,,,0800B940,ヤタガラス/　出身地　　：日本/太陽の中に住んでいると言われる三/本足の
08463EEC,isolated,1,claimed,lore,,,0800EDA8,。··四手、四面、三眼を持ち、裸体に虎/の皮を纏い、首には数珠と蛇を巻き
08464008,isolated,1,claimed,lore,,,0800DC40,とされる、「幸せな/るもの」を意味する乳白色の雄牛··四足獣の守護者であ
08466738,isolated,1,claimed,story,,,08060A02,トは　かつて倒された/サタンの半身で/神によって封印されている··セトが
08469AB0,isolated,1,claimed,story,,,080A360E,□□玖□玖·□玖·司会：/おめでとう！！/··不屈の精神力で見事Aランク
08472098,isolated,1,claimed,story,,,08040504,しい/飲み込んだ物を　無にしてしまう/ヤツ自体が　無になってしまった··
0847A22C,isolated,1,claimed,story,,,08046712,剣/攻撃力　　45　　　命中　43/攻撃回数　2ー4···□銀··◎·”
0847BB54,isolated,1,claimed,location_names,,,080A7678,　4F@@@@@@@旧コウジマチ　4F@@@@@@@封印の岩戸　1F@@
0847CED4,isolated,1,claimed,story,,,0803DDDE,□《□うさんくさい男：/みんな　なんだかんだ言ってたが/いざとなると　自
084811C4,isolated,1,claimed,story,,,08025646,術だ···÷□□·、_□目加田：/ええ/そこまでは/ほぼ確実に成功するで
08483084,isolated,1,claimed,story,,,08060C76,るぞ··自らの足で来るのだ……··∋□□□
0848427C,isolated,1,claimed,story,,,08047566,どこを見てる！　人の話を聞け！··おれを無視するとは/たいしたヤツだ/そ
084861A4,isolated,1,claimed,dialogue,,,080900F8,ないじゃない！
0848B718,isolated,1,claimed,story,,,0809860C,　怖いか？
0848B81C,isolated,1,claimed,story,,,08074310,・SLEEP/眠ってしまい行動不能になります/毎ターン一定の確率で自動回
0848C884,isolated,1,claimed,lore,,,0800ED94,、破/壊や舞踏を司る。··四手、四面、三眼を持ち、裸体に虎/の皮を纏い、
08498714,isolated,1,claimed,lore,,,08013878,媒/とされていた。·
084994A8,isolated,1,claimed,story,,,08030054,/ミカエルよ・・・/謎解きはもう沢山だ··わしに何をしろというのだ？··
0849DE2C,isolated,1,claimed,story,,,08074058,・HAPPY/至福の状態になり行動の予測が/付きません　毎ターン一定の確
084A349C,isolated,1,claimed,story,,,080328AC,プするのぉ··これで・・・えーと・・・··ああ　もう10%に達する/勢い
084A6D54,isolated,1,claimed,lore,,,0800DBBA,解は「人間」。··オディプスに謎を解かれ、崖から身/を投げて自害した。·
084A8A24,isolated,1,claimed,story,,,080300EC,しろ··千年王国の完成に手を貸せば/神に導かれる側として/認められるかも
084AB5BC,isolated,1,claimed,lore,,,0800D808,ジプトの死者を裁く役割を持/った冥府の神。··ジャッカルの顔を持つ人の姿
084ABA68,isolated,1,claimed,lore,,,0800ED08,·ノームのように実体ではなく、見え/ない神、妖精として扱われる。·
084B4258,isolated,1,UNCLAIMED,,noise,,0824E806,。。。。。。。。
084B4F0C,isolated,1,UNCLAIMED,,leak-risk,,08003320,　おかされた·
084BFCB8,isolated,1,claimed,lore,,,0800AA06,される/善なる魂を管理する者でもある。·
084C1270,isolated,1,claimed,story,,,080720DA,っている……/うーん　ならば/·　だけでも…··わかった花田　すぐに始め
084C3320,isolated,1,claimed,lore,,,0800C706,ズメノミ/コト）と書く。/神楽によって、生命を活性化させる/「魂振り」の
084C4DD0,isolated,1,UNCLAIMED,,leak-risk,,08003332,　魔法を　封じられた·
084C74D8,isolated,1,UNCLAIMED,,leak-risk,story,0807219E,·.□句·∈·
084C75EC,isolated,1,UNCLAIMED,,leak-risk,story,08072766,·□·b男の声：/……起きろ！···□·
084C7A78,isolated,1,UNCLAIMED,,leak-risk,story,0805A274,·M□九□！□÷＞……何かが　向こうを横切った/……··M
084C7AA8,isolated,1,UNCLAIMED,,leak-risk,story,08059728,·K□九·∈·
084C7ABC,isolated,1,claimed,story,,,0805A238,·L□九□！□÷＞……何かが　向こうを横切った/……··L
084C8008,isolated,1,UNCLAIMED,,leak-risk,story,080474FC,·‐□銀·→·
084C801C,isolated,1,UNCLAIMED,,leak-risk,story,080474FC,·‐□銀·→·
084C8B88,isolated,1,UNCLAIMED,,leak-risk,story,0807B4A0,·#□句·#·！□ћ·□·、E□声：/ここを通らんとするは　何者ぞ/通ら
084C8F4C,isolated,1,UNCLAIMED,,leak-risk,story,0803BAA6,·_□吟＞ドアは凍りつき　開かない/·□□。
084C91FC,isolated,1,UNCLAIMED,,leak-risk,,080548BC,·Å·‰·♯·∋·●□九·∞□九·＝□九·、【□·｛·□九·、づ□·｛·
084CA440,isolated,1,UNCLAIMED,,leak-risk,story,0804FB60,·〜□銀·］＞鉄格子の向こうの通路は/どこかに続いているようだ·
084CA890,isolated,1,UNCLAIMED,,leak-risk,story,0804DC56,·⇒·…□銀·□·、！□·］＞□が/牢に入っている··□：/誰なの？/·
084CAA24,isolated,1,UNCLAIMED,,leak-risk,story,08048512,·□·□□銀·［＞凍っていて/これ以上入れない·
084CAA70,isolated,1,UNCLAIMED,,leak-risk,story,0807C626,·□□句·！＞誰もいない……·/
084CAA88,isolated,1,UNCLAIMED,,leak-risk,story,0807C5FE,·□□句·.＞誰もいない……·/
084CB03C,isolated,1,UNCLAIMED,,leak-risk,story,08050428,□？·［廻九·∪·
084CB07C,isolated,1,UNCLAIMED,,leak-risk,story,08050192,·［□九□？·∪·〇·声：/あっ　ごめんなさい……···
084CB1E8,isolated,1,UNCLAIMED,,noise,,080508E0,·∈·∨□？·〕阻九·
084CB260,isolated,1,UNCLAIMED,,leak-risk,story,08050C14,·”綜九
084CB718,isolated,1,UNCLAIMED,,noise,,08051066,·）羊九
084CBD50,isolated,1,UNCLAIMED,,leak-risk,story,0807070E,·」肋句·”漢句·肋句·∈·□遣句□。·
084CDF70,isolated,1,UNCLAIMED,,leak-risk,story,0804F2D6,·♂□銀·△□。·.∞□·□＞妖鳥セイレーンがいる··セイレーンは　悲し
084CDF9C,isolated,1,UNCLAIMED,,leak-risk,story,0804F24A,·“·≥□銀＞魔力で開ざされているようだ·
084CEAE8,isolated,1,UNCLAIMED,,leak-risk,story,0807AA26,·□·□·□□句＞ティフェレトの門/カギ穴が　2つ付いている·□〆·□句
084CF6E4,isolated,1,UNCLAIMED,,leak-risk,story,08039776,·□□吟·∈·、0□マダム：/……誰？　誰かいるの？/アルフレッド？··
084CF7A8,isolated,1,UNCLAIMED,,leak-risk,story,08039482,·∋·°C□□·□声：/わざわざ　ここまで来るとは/御苦労だが　わしの身
084D01B0,isolated,1,UNCLAIMED,,leak-risk,story,0805FEDE,·∃□倶·□·｜：□□。、□：/どうして　·が/ここにいるの？··ま　ま
084D09AC,isolated,1,UNCLAIMED,,leak-risk,story,08041342,·∋·¢·□□銀·F□、□銀アスタロト：/·よ/聞いてくれ··この場所で
084D1AD8,isolated,1,UNCLAIMED,,leak-risk,story,08062130,·∋·C·∠□倶·
084D2460,isolated,1,UNCLAIMED,,leak-risk,story,08057602,□？·√□九·≫□九·≪□九·◇□九声：/誰だ！？/サタンを倒したのは？
084D2754,isolated,1,UNCLAIMED,,leak-risk,story,080633DC,·/□倶·/·□句·＞魔人は　現れなかった……·
084D2814,isolated,1,UNCLAIMED,,leak-risk,story,08063410,"□□·⊃·""声：/行動を記録しますか？/·□倶·$□倶□·(·まだ続けま"
084D32EC,isolated,1,claimed,location_names,,,080A548C,未登録　　　　　　　　　　　　　ヴァルハラ－スラム　B1@@@@ヴァルハ
084D3554,isolated,1,claimed,location_names,,,080A548C,未登録　　　　　　　　　　　　　ヴァルハラ－スラム　B1@@@@ヴァルハ
084D37BC,isolated,1,claimed,location_names,,,080A548C,未登録　　　　　　　　　　　　　ヴァルハラ－スラム　B1@@@@ヴァルハ
084D3A24,isolated,1,claimed,location_names,,,080A548C,未登録　　　　　　　　　　　　　ヴァルハラ－スラム　B1@@@@ヴァルハ
084D3C8C,isolated,1,claimed,location_names,,,080A548C,未登録　　　　　　　　　　　　　ヴァルハラ－スラム　B1@@@@ヴァルハ
084D3EF4,isolated,1,claimed,location_names,,,080A548C,未登録　　　　　　　　　　　　　ヴァルハラ－スラム　B1@@@@ヴァルハ
084D415C,isolated,1,claimed,location_names,,,080A548C,未登録　　　　　　　　　　　　　ヴァルハラ－スラム　B1@@@@ヴァルハ
084D43C4,isolated,1,claimed,location_names,,,080A548C,未登録　　　　　　　　　　　　　ヴァルハラ－スラム　B1@@@@ヴァルハ
084D462C,isolated,1,claimed,location_names,,,080A548C,未登録　　　　　　　　　　　　　ヴァルハラ－スラム　B1@@@@ヴァルハ
084D4894,isolated,1,claimed,location_names,,,080A548C,未登録　　　　　　　　　　　　　ヴァルハラ－スラム　B1@@@@ヴァルハ
084D4AFC,isolated,1,claimed,location_names,,,080A548C,未登録　　　　　　　　　　　　　ヴァルハラ－スラム　B1@@@@ヴァルハ
084D4D64,isolated,1,claimed,location_names,,,080A548C,未登録　　　　　　　　　　　　　ヴァルハラ－スラム　B1@@@@ヴァルハ
084D4FCC,isolated,1,claimed,location_names,,,080A548C,未登録　　　　　　　　　　　　　ヴァルハラ－スラム　B1@@@@ヴァルハ
084D5234,isolated,1,claimed,location_names,,,080A548C,未登録　　　　　　　　　　　　　ヴァルハラ－スラム　B1@@@@ヴァルハ
084D549C,isolated,1,claimed,location_names,,,080A548C,未登録　　　　　　　　　　　　　ヴァルハラ－スラム　B1@@@@ヴァルハ
084D5704,isolated,1,claimed,location_names,,,080A548C,未登録　　　　　　　　　　　　　ヴァルハラ－スラム　B1@@@@ヴァルハ
084D596C,isolated,1,claimed,location_names,,,080A548C,未登録　　　　　　　　　　　　　ヴァルハラ－スラム　B1@@@@ヴァルハ
084D5BD4,isolated,1,claimed,location_names,,,080A548C,未登録　　　　　　　　　　　　　ヴァルハラ－スラム　B1@@@@ヴァルハ
084D5E3C,isolated,1,claimed,location_names,,,080A548C,未登録　　　　　　　　　　　　　ヴァルハラ－スラム　B1@@@@ヴァルハ
084D60A4,isolated,1,claimed,location_names,,,080A548C,未登録　　　　　　　　　　　　　ヴァルハラ－スラム　B1@@@@ヴァルハ
084D630C,isolated,1,claimed,location_names,,,080A548C,未登録　　　　　　　　　　　　　ヴァルハラ－スラム　B1@@@@ヴァルハ
084D6574,isolated,1,claimed,location_names,,,080A548C,未登録　　　　　　　　　　　　　ヴァルハラ－スラム　B1@@@@ヴァルハ
084D67DC,isolated,1,claimed,location_names,,,080A548C,未登録　　　　　　　　　　　　　ヴァルハラ－スラム　B1@@@@ヴァルハ
084D6A44,isolated,1,claimed,location_names,,,080A548C,未登録　　　　　　　　　　　　　ヴァルハラ－スラム　B1@@@@ヴァルハ
084D6CAC,isolated,1,claimed,location_names,,,080A548C,未登録　　　　　　　　　　　　　ヴァルハラ－スラム　B1@@@@ヴァルハ
084D6F14,isolated,1,claimed,location_names,,,080A548C,未登録　　　　　　　　　　　　　ヴァルハラ－スラム　B1@@@@ヴァルハ
084D717C,isolated,1,claimed,location_names,,,080A548C,未登録　　　　　　　　　　　　　ヴァルハラ－スラム　B1@@@@ヴァルハ
084D73E4,isolated,1,claimed,location_names,,,080A548C,未登録　　　　　　　　　　　　　ヴァルハラ－スラム　B1@@@@ヴァルハ
084D764C,isolated,1,claimed,location_names,,,080A548C,未登録　　　　　　　　　　　　　ヴァルハラ－スラム　B1@@@@ヴァルハ
084D78B4,isolated,1,claimed,location_names,,,080A548C,未登録　　　　　　　　　　　　　ヴァルハラ－スラム　B1@@@@ヴァルハ
084D7B1C,isolated,1,claimed,location_names,,,080A548C,未登録　　　　　　　　　　　　　ヴァルハラ－スラム　B1@@@@ヴァルハ
084D7D84,isolated,1,claimed,location_names,,,080A548C,未登録　　　　　　　　　　　　　ヴァルハラ－スラム　B1@@@@ヴァルハ
084D7FEC,isolated,1,claimed,location_names,,,080A548C,未登録　　　　　　　　　　　　　ヴァルハラ－スラム　B1@@@@ヴァルハ
084D8254,isolated,1,claimed,location_names,,,080A548C,未登録　　　　　　　　　　　　　ヴァルハラ－スラム　B1@@@@ヴァルハ
084D84BC,isolated,1,claimed,location_names,,,080A548C,未登録　　　　　　　　　　　　　ヴァルハラ－スラム　B1@@@@ヴァルハ
084D8724,isolated,1,claimed,location_names,,,080A548C,未登録　　　　　　　　　　　　　ヴァルハラ－スラム　B1@@@@ヴァルハ
084D898C,isolated,1,claimed,location_names,,,080A548C,未登録　　　　　　　　　　　　　ヴァルハラ－スラム　B1@@@@ヴァルハ
084D8BF4,isolated,1,claimed,location_names,,,080A548C,未登録　　　　　　　　　　　　　ヴァルハラ－スラム　B1@@@@ヴァルハ
084D8E5C,isolated,1,claimed,location_names,,,080A548C,未登録　　　　　　　　　　　　　ヴァルハラ－スラム　B1@@@@ヴァルハ
084D90C4,isolated,1,claimed,location_names,,,080A548C,未登録　　　　　　　　　　　　　ヴァルハラ－スラム　B1@@@@ヴァルハ
084D932C,isolated,1,claimed,location_names,,,080A548C,未登録　　　　　　　　　　　　　ヴァルハラ－スラム　B1@@@@ヴァルハ
084D9594,isolated,1,claimed,location_names,,,080A548C,未登録　　　　　　　　　　　　　ヴァルハラ－スラム　B1@@@@ヴァルハ
084D97FC,isolated,1,claimed,location_names,,,080A548C,未登録　　　　　　　　　　　　　ヴァルハラ－スラム　B1@@@@ヴァルハ
084D9A64,isolated,1,claimed,location_names,,,080A548C,未登録　　　　　　　　　　　　　ヴァルハラ－スラム　B1@@@@ヴァルハ
084D9CCC,isolated,1,claimed,location_names,,,080A548C,未登録　　　　　　　　　　　　　ヴァルハラ－スラム　B1@@@@ヴァルハ
084D9F34,isolated,1,claimed,location_names,,,080A548C,未登録　　　　　　　　　　　　　ヴァルハラ－スラム　B1@@@@ヴァルハ
084DA19C,isolated,1,claimed,location_names,,,080A548C,未登録　　　　　　　　　　　　　ヴァルハラ－スラム　B1@@@@ヴァルハ
084DA404,isolated,1,claimed,location_names,,,080A548C,未登録　　　　　　　　　　　　　ヴァルハラ－スラム　B1@@@@ヴァルハ
084DA66C,isolated,1,claimed,location_names,,,080A548C,未登録　　　　　　　　　　　　　ヴァルハラ－スラム　B1@@@@ヴァルハ
084DA8D4,isolated,1,claimed,location_names,,,080A548C,未登録　　　　　　　　　　　　　ヴァルハラ－スラム　B1@@@@ヴァルハ
084DAB3C,isolated,1,claimed,location_names,,,080A548C,未登録　　　　　　　　　　　　　ヴァルハラ－スラム　B1@@@@ヴァルハ
084DADA4,isolated,1,claimed,location_names,,,080A548C,未登録　　　　　　　　　　　　　ヴァルハラ－スラム　B1@@@@ヴァルハ
084DB00C,isolated,1,claimed,location_names,,,080A548C,未登録　　　　　　　　　　　　　ヴァルハラ－スラム　B1@@@@ヴァルハ
084DB274,isolated,1,claimed,location_names,,,080A548C,未登録　　　　　　　　　　　　　ヴァルハラ－スラム　B1@@@@ヴァルハ
084DB4DC,isolated,1,claimed,location_names,,,080A548C,未登録　　　　　　　　　　　　　ヴァルハラ－スラム　B1@@@@ヴァルハ
084DB744,isolated,1,claimed,location_names,,,080A548C,未登録　　　　　　　　　　　　　ヴァルハラ－スラム　B1@@@@ヴァルハ
084DB9AC,isolated,1,claimed,location_names,,,080A548C,未登録　　　　　　　　　　　　　ヴァルハラ－スラム　B1@@@@ヴァルハ
084DBC14,isolated,1,claimed,location_names,,,080A548C,未登録　　　　　　　　　　　　　ヴァルハラ－スラム　B1@@@@ヴァルハ
084DBE7C,isolated,1,claimed,location_names,,,080A548C,未登録　　　　　　　　　　　　　ヴァルハラ－スラム　B1@@@@ヴァルハ
084DC0E4,isolated,1,claimed,location_names,,,080A548C,未登録　　　　　　　　　　　　　ヴァルハラ－スラム　B1@@@@ヴァルハ
084DC34C,isolated,1,claimed,location_names,,,080A548C,未登録　　　　　　　　　　　　　ヴァルハラ－スラム　B1@@@@ヴァルハ
084DC5B4,isolated,1,claimed,location_names,,,080A548C,未登録　　　　　　　　　　　　　ヴァルハラ－スラム　B1@@@@ヴァルハ
084DC81C,isolated,1,claimed,location_names,,,080A548C,未登録　　　　　　　　　　　　　ヴァルハラ－スラム　B1@@@@ヴァルハ
084DCA84,isolated,1,claimed,location_names,,,080A548C,未登録　　　　　　　　　　　　　ヴァルハラ－スラム　B1@@@@ヴァルハ
084DCCEC,isolated,1,claimed,location_names,,,080A548C,未登録　　　　　　　　　　　　　ヴァルハラ－スラム　B1@@@@ヴァルハ
084DCF54,isolated,1,claimed,location_names,,,080A548C,未登録　　　　　　　　　　　　　ヴァルハラ－スラム　B1@@@@ヴァルハ
084DD1BC,isolated,1,claimed,location_names,,,080A548C,未登録　　　　　　　　　　　　　ヴァルハラ－スラム　B1@@@@ヴァルハ
084DD424,isolated,1,claimed,location_names,,,080A548C,未登録　　　　　　　　　　　　　ヴァルハラ－スラム　B1@@@@ヴァルハ
084DD68C,isolated,1,claimed,location_names,,,080A548C,未登録　　　　　　　　　　　　　ヴァルハラ－スラム　B1@@@@ヴァルハ
084DD8F4,isolated,1,claimed,location_names,,,080A548C,未登録　　　　　　　　　　　　　ヴァルハラ－スラム　B1@@@@ヴァルハ
084DDB5C,isolated,1,claimed,location_names,,,080A548C,未登録　　　　　　　　　　　　　ヴァルハラ－スラム　B1@@@@ヴァルハ
084DDDC4,isolated,1,claimed,location_names,,,080A548C,未登録　　　　　　　　　　　　　ヴァルハラ－スラム　B1@@@@ヴァルハ
084DE02C,isolated,1,claimed,location_names,,,080A548C,未登録　　　　　　　　　　　　　ヴァルハラ－スラム　B1@@@@ヴァルハ
084DE294,isolated,1,claimed,location_names,,,080A548C,未登録　　　　　　　　　　　　　ヴァルハラ－スラム　B1@@@@ヴァルハ
084DE4FC,isolated,1,claimed,location_names,,,080A548C,未登録　　　　　　　　　　　　　ヴァルハラ－スラム　B1@@@@ヴァルハ
084DE764,isolated,1,claimed,location_names,,,080A548C,未登録　　　　　　　　　　　　　ヴァルハラ－スラム　B1@@@@ヴァルハ
084DE9CC,isolated,1,claimed,location_names,,,080A548C,未登録　　　　　　　　　　　　　ヴァルハラ－スラム　B1@@@@ヴァルハ
084DEC34,isolated,1,claimed,location_names,,,080A548C,未登録　　　　　　　　　　　　　ヴァルハラ－スラム　B1@@@@ヴァルハ
084DEE9C,isolated,1,claimed,location_names,,,080A548C,未登録　　　　　　　　　　　　　ヴァルハラ－スラム　B1@@@@ヴァルハ
084DF104,isolated,1,claimed,location_names,,,080A548C,未登録　　　　　　　　　　　　　ヴァルハラ－スラム　B1@@@@ヴァルハ
084DF36C,isolated,1,claimed,location_names,,,080A548C,未登録　　　　　　　　　　　　　ヴァルハラ－スラム　B1@@@@ヴァルハ
084DF5D4,isolated,1,claimed,location_names,,,080A548C,未登録　　　　　　　　　　　　　ヴァルハラ－スラム　B1@@@@ヴァルハ
084DF83C,isolated,1,claimed,location_names,,,080A548C,未登録　　　　　　　　　　　　　ヴァルハラ－スラム　B1@@@@ヴァルハ
084DFAA4,isolated,1,claimed,location_names,,,080A548C,未登録　　　　　　　　　　　　　ヴァルハラ－スラム　B1@@@@ヴァルハ
084DFD0C,isolated,1,claimed,location_names,,,080A548C,未登録　　　　　　　　　　　　　ヴァルハラ－スラム　B1@@@@ヴァルハ
084DFF74,isolated,1,claimed,location_names,,,080A548C,未登録　　　　　　　　　　　　　ヴァルハラ－スラム　B1@@@@ヴァルハ
084E01DC,isolated,1,claimed,location_names,,,080A548C,未登録　　　　　　　　　　　　　ヴァルハラ－スラム　B1@@@@ヴァルハ
084E0444,isolated,1,claimed,location_names,,,080A548C,未登録　　　　　　　　　　　　　ヴァルハラ－スラム　B1@@@@ヴァルハ
084E06AC,isolated,1,claimed,location_names,,,080A548C,未登録　　　　　　　　　　　　　ヴァルハラ－スラム　B1@@@@ヴァルハ
084E0914,isolated,1,claimed,location_names,,,080A548C,未登録　　　　　　　　　　　　　ヴァルハラ－スラム　B1@@@@ヴァルハ
084E0B7C,isolated,1,claimed,location_names,,,080A548C,未登録　　　　　　　　　　　　　ヴァルハラ－スラム　B1@@@@ヴァルハ
084E0DE4,isolated,1,claimed,location_names,,,080A548C,未登録　　　　　　　　　　　　　ヴァルハラ－スラム　B1@@@@ヴァルハ
084E104C,isolated,1,claimed,location_names,,,080A548C,未登録　　　　　　　　　　　　　ヴァルハラ－スラム　B1@@@@ヴァルハ
084E12B4,isolated,1,claimed,location_names,,,080A548C,未登録　　　　　　　　　　　　　ヴァルハラ－スラム　B1@@@@ヴァルハ
084E151C,isolated,1,claimed,location_names,,,080A548C,未登録　　　　　　　　　　　　　ヴァルハラ－スラム　B1@@@@ヴァルハ
084E1784,isolated,1,claimed,location_names,,,080A548C,未登録　　　　　　　　　　　　　ヴァルハラ－スラム　B1@@@@ヴァルハ
084E19EC,isolated,1,claimed,location_names,,,080A548C,未登録　　　　　　　　　　　　　ヴァルハラ－スラム　B1@@@@ヴァルハ
084E1C54,isolated,1,claimed,location_names,,,080A548C,未登録　　　　　　　　　　　　　ヴァルハラ－スラム　B1@@@@ヴァルハ
084E1EBC,isolated,1,claimed,location_names,,,080A548C,未登録　　　　　　　　　　　　　ヴァルハラ－スラム　B1@@@@ヴァルハ
084E2124,isolated,1,claimed,location_names,,,080A548C,未登録　　　　　　　　　　　　　ヴァルハラ－スラム　B1@@@@ヴァルハ
084E238C,isolated,1,claimed,location_names,,,080A548C,未登録　　　　　　　　　　　　　ヴァルハラ－スラム　B1@@@@ヴァルハ
084E25F4,isolated,1,claimed,location_names,,,080A548C,未登録　　　　　　　　　　　　　ヴァルハラ－スラム　B1@@@@ヴァルハ
084E285C,isolated,1,claimed,location_names,,,080A548C,未登録　　　　　　　　　　　　　ヴァルハラ－スラム　B1@@@@ヴァルハ
084E2AC4,isolated,1,claimed,location_names,,,080A548C,未登録　　　　　　　　　　　　　ヴァルハラ－スラム　B1@@@@ヴァルハ
084E2D2C,isolated,1,claimed,location_names,,,080A548C,未登録　　　　　　　　　　　　　ヴァルハラ－スラム　B1@@@@ヴァルハ
084E2F94,isolated,1,claimed,location_names,,,080A548C,未登録　　　　　　　　　　　　　ヴァルハラ－スラム　B1@@@@ヴァルハ
084E31FC,isolated,1,claimed,location_names,,,080A548C,未登録　　　　　　　　　　　　　ヴァルハラ－スラム　B1@@@@ヴァルハ
084E3464,isolated,1,claimed,location_names,,,080A548C,未登録　　　　　　　　　　　　　ヴァルハラ－スラム　B1@@@@ヴァルハ
084E36CC,isolated,1,claimed,location_names,,,080A548C,未登録　　　　　　　　　　　　　ヴァルハラ－スラム　B1@@@@ヴァルハ
084E3934,isolated,1,claimed,location_names,,,080A548C,未登録　　　　　　　　　　　　　ヴァルハラ－スラム　B1@@@@ヴァルハ
084E3B9C,isolated,1,claimed,location_names,,,080A548C,未登録　　　　　　　　　　　　　ヴァルハラ－スラム　B1@@@@ヴァルハ
084E3E04,isolated,1,claimed,location_names,,,080A548C,未登録　　　　　　　　　　　　　ヴァルハラ－スラム　B1@@@@ヴァルハ
084E406C,isolated,1,claimed,location_names,,,080A548C,未登録　　　　　　　　　　　　　ヴァルハラ－スラム　B1@@@@ヴァルハ
084E42D4,isolated,1,claimed,location_names,,,080A548C,未登録　　　　　　　　　　　　　ヴァルハラ－スラム　B1@@@@ヴァルハ
084E453C,isolated,1,claimed,location_names,,,080A548C,未登録　　　　　　　　　　　　　ヴァルハラ－スラム　B1@@@@ヴァルハ
084E45CC,isolated,1,UNCLAIMED,,noise,,084CEB90,￣￣迷、、、、、、_迷d_□迷、、_□
084E47A4,isolated,1,claimed,location_names,,,080A548C,未登録　　　　　　　　　　　　　ヴァルハラ－スラム　B1@@@@ヴァルハ
084E4A0C,isolated,1,claimed,location_names,,,080A548C,未登録　　　　　　　　　　　　　ヴァルハラ－スラム　B1@@@@ヴァルハ
084E4C74,isolated,1,claimed,location_names,,,080A548C,未登録　　　　　　　　　　　　　ヴァルハラ－スラム　B1@@@@ヴァルハ
084E4EDC,isolated,1,claimed,location_names,,,080A548C,未登録　　　　　　　　　　　　　ヴァルハラ－スラム　B1@@@@ヴァルハ
084E5144,isolated,1,claimed,location_names,,,080A548C,未登録　　　　　　　　　　　　　ヴァルハラ－スラム　B1@@@@ヴァルハ
084E53AC,isolated,1,claimed,location_names,,,080A548C,未登録　　　　　　　　　　　　　ヴァルハラ－スラム　B1@@@@ヴァルハ
084E5614,isolated,1,claimed,location_names,,,080A548C,未登録　　　　　　　　　　　　　ヴァルハラ－スラム　B1@@@@ヴァルハ
084E587C,isolated,1,claimed,location_names,,,080A548C,未登録　　　　　　　　　　　　　ヴァルハラ－スラム　B1@@@@ヴァルハ
084E5AE4,isolated,1,claimed,location_names,,,080A548C,未登録　　　　　　　　　　　　　ヴァルハラ－スラム　B1@@@@ヴァルハ
084E5D4C,isolated,1,claimed,location_names,,,080A548C,未登録　　　　　　　　　　　　　ヴァルハラ－スラム　B1@@@@ヴァルハ
084E5FB4,isolated,1,claimed,location_names,,,080A548C,未登録　　　　　　　　　　　　　ヴァルハラ－スラム　B1@@@@ヴァルハ
084E621C,isolated,1,claimed,location_names,,,080A548C,未登録　　　　　　　　　　　　　ヴァルハラ－スラム　B1@@@@ヴァルハ
084E6484,isolated,1,claimed,location_names,,,080A548C,未登録　　　　　　　　　　　　　ヴァルハラ－スラム　B1@@@@ヴァルハ
084E6514,isolated,1,UNCLAIMED,,MISSING,,084CF708,？？迷t惑惑惑惑惑老妄惑枠枠枠枠枠辈妄枠枠辈老枠枠辈妄枠枠枠枠枠枠辈妄枠
084E66EC,isolated,1,claimed,location_names,,,080A548C,未登録　　　　　　　　　　　　　ヴァルハラ－スラム　B1@@@@ヴァルハ
084E6954,isolated,1,claimed,location_names,,,080A548C,未登録　　　　　　　　　　　　　ヴァルハラ－スラム　B1@@@@ヴァルハ
084E6BBC,isolated,1,claimed,location_names,,,080A548C,未登録　　　　　　　　　　　　　ヴァルハラ－スラム　B1@@@@ヴァルハ
084E6E24,isolated,1,claimed,location_names,,,080A548C,未登録　　　　　　　　　　　　　ヴァルハラ－スラム　B1@@@@ヴァルハ
084E708C,isolated,1,claimed,location_names,,,080A548C,未登録　　　　　　　　　　　　　ヴァルハラ－スラム　B1@@@@ヴァルハ
084E72F4,isolated,1,claimed,location_names,,,080A548C,未登録　　　　　　　　　　　　　ヴァルハラ－スラム　B1@@@@ヴァルハ
084E755C,isolated,1,claimed,location_names,,,080A548C,未登録　　　　　　　　　　　　　ヴァルハラ－スラム　B1@@@@ヴァルハ
084E77C4,isolated,1,claimed,location_names,,,080A548C,未登録　　　　　　　　　　　　　ヴァルハラ－スラム　B1@@@@ヴァルハ
084E7A2C,isolated,1,claimed,location_names,,,080A548C,未登録　　　　　　　　　　　　　ヴァルハラ－スラム　B1@@@@ヴァルハ
084E7C94,isolated,1,claimed,location_names,,,080A548C,未登録　　　　　　　　　　　　　ヴァルハラ－スラム　B1@@@@ヴァルハ
084E7EFC,isolated,1,claimed,location_names,,,080A548C,未登録　　　　　　　　　　　　　ヴァルハラ－スラム　B1@@@@ヴァルハ
084E8164,isolated,1,claimed,location_names,,,080A548C,未登録　　　　　　　　　　　　　ヴァルハラ－スラム　B1@@@@ヴァルハ
084E81F4,isolated,1,UNCLAIMED,,MISSING,,084D08A0,？？迷dddう□惑□妄辈毛炉d
084E83CC,isolated,1,claimed,location_names,,,080A548C,未登録　　　　　　　　　　　　　ヴァルハラ－スラム　B1@@@@ヴァルハ
084E8634,isolated,1,claimed,location_names,,,080A548C,未登録　　　　　　　　　　　　　ヴァルハラ－スラム　B1@@@@ヴァルハ
084E86C4,isolated,1,UNCLAIMED,,MISSING,,084D0B14,？？□迷d_□_炉t篭妄辈妄辈□d_迷c、
084E889C,isolated,1,claimed,location_names,,,080A548C,未登録　　　　　　　　　　　　　ヴァルハラ－スラム　B1@@@@ヴァルハ
084E8B04,isolated,1,claimed,location_names,,,080A548C,未登録　　　　　　　　　　　　　ヴァルハラ－スラム　B1@@@@ヴァルハ
084E8D6C,isolated,1,claimed,location_names,,,080A548C,未登録　　　　　　　　　　　　　ヴァルハラ－スラム　B1@@@@ヴァルハ
084E8FD4,isolated,1,claimed,location_names,,,080A548C,未登録　　　　　　　　　　　　　ヴァルハラ－スラム　B1@@@@ヴァルハ
084E923C,isolated,1,claimed,location_names,,,080A548C,未登録　　　　　　　　　　　　　ヴァルハラ－スラム　B1@@@@ヴァルハ
084E94A4,isolated,1,claimed,location_names,,,080A548C,未登録　　　　　　　　　　　　　ヴァルハラ－スラム　B1@@@@ヴァルハ
084E970C,isolated,1,claimed,location_names,,,080A548C,未登録　　　　　　　　　　　　　ヴァルハラ－スラム　B1@@@@ヴァルハ
084E9974,isolated,1,claimed,location_names,,,080A548C,未登録　　　　　　　　　　　　　ヴァルハラ－スラム　B1@@@@ヴァルハ
084E9BDC,isolated,1,claimed,location_names,,,080A548C,未登録　　　　　　　　　　　　　ヴァルハラ－スラム　B1@@@@ヴァルハ
084E9E44,isolated,1,claimed,location_names,,,080A548C,未登録　　　　　　　　　　　　　ヴァルハラ－スラム　B1@@@@ヴァルハ
084EA0AC,isolated,1,claimed,location_names,,,080A548C,未登録　　　　　　　　　　　　　ヴァルハラ－スラム　B1@@@@ヴァルハ
084EA314,isolated,1,claimed,location_names,,,080A548C,未登録　　　　　　　　　　　　　ヴァルハラ－スラム　B1@@@@ヴァルハ
084EA57C,isolated,1,claimed,location_names,,,080A548C,未登録　　　　　　　　　　　　　ヴァルハラ－スラム　B1@@@@ヴァルハ
084EA7E4,isolated,1,claimed,location_names,,,080A548C,未登録　　　　　　　　　　　　　ヴァルハラ－スラム　B1@@@@ヴァルハ
084EAA4C,isolated,1,claimed,location_names,,,080A548C,未登録　　　　　　　　　　　　　ヴァルハラ－スラム　B1@@@@ヴァルハ
084EACB4,isolated,1,claimed,location_names,,,080A548C,未登録　　　　　　　　　　　　　ヴァルハラ－スラム　B1@@@@ヴァルハ
084EAF1C,isolated,1,claimed,location_names,,,080A548C,未登録　　　　　　　　　　　　　ヴァルハラ－スラム　B1@@@@ヴァルハ
084EB184,isolated,1,claimed,location_names,,,080A548C,未登録　　　　　　　　　　　　　ヴァルハラ－スラム　B1@@@@ヴァルハ
084EB3EC,isolated,1,claimed,location_names,,,080A548C,未登録　　　　　　　　　　　　　ヴァルハラ－スラム　B1@@@@ヴァルハ
084EB654,isolated,1,claimed,location_names,,,080A548C,未登録　　　　　　　　　　　　　ヴァルハラ－スラム　B1@@@@ヴァルハ
084EB8BC,isolated,1,claimed,location_names,,,080A548C,未登録　　　　　　　　　　　　　ヴァルハラ－スラム　B1@@@@ヴァルハ
084EBB24,isolated,1,claimed,location_names,,,080A548C,未登録　　　　　　　　　　　　　ヴァルハラ－スラム　B1@@@@ヴァルハ
084EBD8C,isolated,1,claimed,location_names,,,080A548C,未登録　　　　　　　　　　　　　ヴァルハラ－スラム　B1@@@@ヴァルハ
084EBFF4,isolated,1,claimed,location_names,,,080A548C,未登録　　　　　　　　　　　　　ヴァルハラ－スラム　B1@@@@ヴァルハ
084EC25C,isolated,1,claimed,location_names,,,080A548C,未登録　　　　　　　　　　　　　ヴァルハラ－スラム　B1@@@@ヴァルハ
084EC4C4,isolated,1,claimed,location_names,,,080A548C,未登録　　　　　　　　　　　　　ヴァルハラ－スラム　B1@@@@ヴァルハ
084EC72C,isolated,1,claimed,location_names,,,080A548C,未登録　　　　　　　　　　　　　ヴァルハラ－スラム　B1@@@@ヴァルハ
084EC994,isolated,1,claimed,location_names,,,080A548C,未登録　　　　　　　　　　　　　ヴァルハラ－スラム　B1@@@@ヴァルハ
084ECBFC,isolated,1,claimed,location_names,,,080A548C,未登録　　　　　　　　　　　　　ヴァルハラ－スラム　B1@@@@ヴァルハ
084ECE64,isolated,1,claimed,location_names,,,080A548C,未登録　　　　　　　　　　　　　ヴァルハラ－スラム　B1@@@@ヴァルハ
084ED0CC,isolated,1,claimed,location_names,,,080A548C,未登録　　　　　　　　　　　　　ヴァルハラ－スラム　B1@@@@ヴァルハ
084ED334,isolated,1,claimed,location_names,,,080A548C,未登録　　　　　　　　　　　　　ヴァルハラ－スラム　B1@@@@ヴァルハ
084EE08C,isolated,1,UNCLAIMED,,leak-risk,story,08052310,·ћ·》□九·∋·
084EE254,isolated,1,claimed,story,,,0805A238,·L□九□！□÷＞……何かが　向こうを横切った/……··L
084EE2A8,isolated,1,UNCLAIMED,,leak-risk,story,0805A274,·M□九□！□÷＞……何かが　向こうを横切った/……··M
084EE350,isolated,1,UNCLAIMED,,leak-risk,story,08039776,·□□吟·∈·、0□マダム：/……誰？　誰かいるの？/アルフレッド？··
084EE35C,isolated,1,UNCLAIMED,,leak-risk,story,08057602,□？·√□九·≫□九·≪□九·◇□九声：/誰だ！？/サタンを倒したのは？
084EE728,isolated,1,UNCLAIMED,,leak-risk,story,08049EB4,·、X□スリラーくん：/フゥ！/ボクは　争うのはキライ/こどもの心が　大
084EE95C,isolated,1,UNCLAIMED,,leak-risk,story,0804F066,·≥□銀·∋·
084EE968,isolated,1,UNCLAIMED,,leak-risk,story,0805FEDE,·∃□倶·□·｜：□□。、□：/どうして　·が/ここにいるの？··ま　ま
084EE9F8,isolated,1,UNCLAIMED,,leak-risk,story,0807B4A0,·#□句·#·！□ћ·□·、E□声：/ここを通らんとするは　何者ぞ/通ら
084F1D5C,isolated,2,claimed,config_help,,,084F1A40,通常の速度でメッセージを/表示します
084F1D60,isolated,2,claimed,config_help,,,084F1A66,文字ウェイトなしで/メッセージを表示します
084F1D6C,isolated,2,claimed,config_help,,,084F1A92,通常の速度でメッセージを/表示します
084F1D70,isolated,2,claimed,config_help,,,084F1AB8,文字ウェイトなしで/メッセージを表示します
084F1D7C,isolated,2,claimed,config_help,,,084F1AE4,攻撃エフェクトを表示します
084F1D80,isolated,2,claimed,config_help,,,084F1B00,攻撃エフェクトの表示を/OFFにします
084F1D8C,isolated,3,claimed,config_help,,,084F1B28,剣・銃・通常攻撃のみ/前回の行動を繰り返します
084F1D90,isolated,3,claimed,config_help,,,084F1B58,前回の行動を繰り返します/アイテムやMPがなくなると通常攻撃
084F1D94,isolated,3,claimed,config_help,,,084F1B96,前回の行動を繰り返します/アイテムやMPがなくなると防御
084F1D9C,isolated,2,claimed,config_help,,,084F1BD0,画面上を北に固定して表示します
084F1DA0,isolated,2,claimed,config_help,,,084F1BF0,進行方向を上にして表示します
084F1DAC,isolated,2,claimed,config_help,,,084F1C0E,アイテムを使用して/自動回復します
084F1DB0,isolated,2,claimed,config_help,,,084F1C32,魔法のみを使用して/自動回復します
084F1DBC,isolated,3,claimed,config_help,,,084F1CC2,ゲームボーイアドバンス用に/カラーを最適化します
084F1DC0,isolated,3,claimed,config_help,,,084F1CF4,ゲームボーイアドバンスSP用に/カラーを最適化します
084F1DC4,isolated,3,claimed,config_help,,,084F1D2A,ゲームボーイプレーヤー用に/カラーを最適化します
084F1DCC,isolated,2,claimed,config_help,,,084F1C56,CONFIG設定を終了し/システムメニュー画面に戻ります
084F1DD0,isolated,2,claimed,config_help,,,084F1C90,CONFIG設定を終了し/タイトル画面に戻ります
084F2258,isolated,1,claimed,save_screen,,,084F1E02,ロードするファイルを選択してください
084F236C,isolated,1,claimed,save_screen,,,084F2078,ロードに失敗しました
084F2408,isolated,1,claimed,save_screen,,,084F2000,再開すると中断データは消去されます/よろしいですか？
084F24B8,isolated,1,claimed,save_screen,,,084F2078,ロードに失敗しました
084F2548,isolated,1,claimed,save_screen,,,084F204C,中断セーブしますか？
084F25B4,isolated,1,claimed,save_screen,,,084F1F1E,□に中断データがあります/上書きすると以前の中断データは/消えてしまいま
084F263C,isolated,1,claimed,save_screen,,,084F1E28,セーブが終了しました
084F2688,isolated,1,claimed,save_screen,,,084F2062,セーブに失敗しました
084F2734,isolated,1,claimed,save_screen,,,084F1DDC,セーブするファイルを選択してください
084F27B8,isolated,1,claimed,save_screen,,,084F1EA8,このファイルには□にデータがあります/上書きすると以前のデータは/消えて
084F2868,isolated,1,claimed,save_screen,,,084F208E,セーブが終了しました
084F28BC,isolated,1,claimed,save_screen,,,084F2062,セーブに失敗しました
084F3838,table,18,claimed,greetings,,,0815BC8C,私は□　□/貴方に忠誠をちかい/守護をにないましょう/·
084F383C,table,18,claimed,greetings,,,0815BC8C,私は□　□/貴方に忠誠をちかい/守護をにないましょう/·
084F3840,table,18,claimed,greetings,,,0815BC8C,私は□　□/貴方に忠誠をちかい/守護をにないましょう/·
084F3844,table,18,claimed,greetings,,,0815BC8C,私は□　□/貴方に忠誠をちかい/守護をにないましょう/·
084F3848,table,18,claimed,greetings,,,0815BC8C,私は□　□/貴方に忠誠をちかい/守護をにないましょう/·
084F384C,table,18,claimed,greetings,,,0815BC8C,私は□　□/貴方に忠誠をちかい/守護をにないましょう/·
084F3850,table,18,claimed,greetings,,,0815BC8C,私は□　□/貴方に忠誠をちかい/守護をにないましょう/·
084F3854,table,18,claimed,greetings,,,0815BC8C,私は□　□/貴方に忠誠をちかい/守護をにないましょう/·
084F3858,table,18,claimed,greetings,,,0815BC8C,私は□　□/貴方に忠誠をちかい/守護をにないましょう/·
084F385C,table,18,claimed,greetings,,,0815BC8C,私は□　□/貴方に忠誠をちかい/守護をにないましょう/·
084F3860,table,18,claimed,greetings,,,0815BC8C,私は□　□/貴方に忠誠をちかい/守護をにないましょう/·
084F3864,table,18,claimed,greetings,,,0815BC8C,私は□　□/貴方に忠誠をちかい/守護をにないましょう/·
084F3868,table,18,claimed,greetings,,,0815BC8C,私は□　□/貴方に忠誠をちかい/守護をにないましょう/·
084F386C,table,18,claimed,greetings,,,0815BC8C,私は□　□/貴方に忠誠をちかい/守護をにないましょう/·
084F3870,table,18,claimed,greetings,,,0815BC8C,私は□　□/貴方に忠誠をちかい/守護をにないましょう/·
084F3874,table,18,claimed,greetings,,,0815BC8C,私は□　□/貴方に忠誠をちかい/守護をにないましょう/·
084F3878,table,18,claimed,greetings,,,0815BC8C,私は□　□/貴方に忠誠をちかい/守護をにないましょう/·
084F387C,table,18,claimed,greetings,,,0815BC8C,私は□　□/貴方に忠誠をちかい/守護をにないましょう/·
084FF4D0,isolated,1,claimed,story,,,0807CD68,レーニングにもなるワケね··安心してEXPが　かせげる/けど　アイテムな
08500390,isolated,1,claimed,story,,,08082D50,ません··・属性/LはLAW　CはCHAOS/NはNEUTRALの属性の
085029E0,isolated,1,claimed,story,,,08070700,いたって？·
0850769C,isolated,1,claimed,lore,,,0800B174,る。タケミカヅチもこの/時に産まれた神である。·
0850E40C,isolated,1,claimed,lore,,,0800AA20,者でもある。·
08510DF4,isolated,2,claimed,story,,,08042488,OLDしておけるの··左から左・上・右ボタンで/止めてね··でもHOLD
08510DF8,isolated,2,claimed,story,,,08030028,は救われぬがな···
085133F8,isolated,1,claimed,lore,,,0800BA54,三社の一、熊野那智神社で奉ら/れており、古来よりこの烏を図案化/して「熊
08516730,isolated,1,claimed,lore,,,0800E636,住む/といわれる小さな火蜥蜴。··姿は、黒い滑らかな皮に黄色い斑点/があ
08520054,isolated,1,claimed,lore,,,0800A600,えることを任務/とする。·
0852667C,isolated,1,claimed,skills,,,08004410,態で回復
0852B154,isolated,1,claimed,lore,,,0800CB12,ンド/シヴァ神と彼の神妃パールヴァティ/の合体した姿。··正式にはアルダ
0852F780,isolated,1,claimed,bbs_boards,,,0800944C,2「終了」
08534EAC,isolated,1,claimed,lore,,,0800C668,、/津腕のフリュウという神になる。·
08538674,isolated,1,claimed,story,,,08027770,しても/倒さないとならんヤツがいるな··フェザーアドニス・・・··あの（
08539648,isolated,1,claimed,dialogue,,,08078CC0,屋：/あーら　いらっしゃい
08539658,isolated,1,claimed,story,,,08031088,・そうですな？···÷□□·、□□□：/・・・・・・··□｜□b・・・・
085408B4,isolated,1,claimed,lore,,,0800BB10,とされる霊鳥。··成鳥は鷲に似た姿をしており、薔薇/色の飾りが付いた美し
08542200,isolated,1,claimed,story,,,08021276,・・・··・・・やれやれ/何をしたのか知らんが/センターに逆らうとは/メ
085431E8,isolated,1,claimed,story,,,08060D0C,く弱い者だ··私に　つくか/サタンに　つくか/決められずに　やって来た·
08546590,isolated,1,claimed,story,,,080310A8,□□：/・・・・・・··□｜□b・・・・・・・・・・・・・・・・·
08548F78,isolated,1,claimed,location_names,,,080A8888,@@ゲブラー砦　1F@@@@@@@@アティルト回廊　B1@@@@@@@@
0854F0EC,isolated,1,claimed,lore,,,0800BB08,ら蘇/るとされる霊鳥。··成鳥は鷲に似た姿をしており、薔薇/色の飾りが付
0854F264,isolated,1,claimed,lore,,,0800CDAA,ユダヤ教、キリスト教では魔に堕と/された。バエルやベルゼブブ、ベル/フェ
08550218,isolated,1,UNCLAIMED,,leak-risk,,084F4000,　ћが　足りないわ
08550D6C,isolated,1,claimed,lore,,,0800CA6A,総帥。··仏陀入滅の際、全ての夜叉明王や四/天王、阿修羅、鬼神、竜などを
08553D8C,isolated,1,claimed,lore,,,08018802,人間は/彼らの精神に完全に支配される。··ニャルラトホテプは目的により、
08558824,isolated,1,claimed,lore,,,0800C740,/「魂振り」の女神でもある。··スサノオに怒り天岩屋戸に隠れた太/陽神ア
0855F048,isolated,1,claimed,lore,,,0800FFDC,名に「近づき難き者」の意味を持つ/黄色い色をした美しい女戦士。··十の腕
0856DF0C,isolated,1,claimed,story,,,08060D04,/つくづく弱い者だ··私に　つくか/サタンに　つくか/決められずに　やっ
0856E748,isolated,1,claimed,story,,,080481C0,き/センターへ行く事ができた/チャンピオンを称えて/その像をかざってある
0856E7B0,isolated,1,claimed,story,,,08020E0A,ら・・・··それとも・・・こんな事を/考える私が不信心なのかしら・・··
085708E8,isolated,1,UNCLAIMED,,noise,,085FC9FA,dddddddddddddddddddddddddddddddddddd
08571CF0,isolated,1,claimed,lore,,,0800C800,ヒコの前で踊り懐柔したといわれる/。·
0857333C,isolated,1,claimed,story,,,08050E0C,きて！··エッチ！　チカン！　ヘンタイ！···：/何を！/そっちが勝手に
08573634,isolated,1,UNCLAIMED,,leak-risk,story,080382F8,·※□吟センタービルより西に向かい/なさい/··そこで男と出会うでしょう
08579374,isolated,1,claimed,story,,,0807C302,おかげで/元に戻る事ができた··センターの管制室にいる……···%·
0857A880,isolated,1,claimed,story,,,0802A328,、□□ペテルセン：/今　牢を開けるから・・・··□∧□￣これでよし　っと
08580840,isolated,1,claimed,lore,,,08010800,にたびた/び殺されるが、そのたびに高天原の/神の助けで蘇える。·
08580864,isolated,1,claimed,lore,,,08010080,身地　　：日本/加賀白山の神とされる、農耕神。··名は「菊理姫」と書き、
08581598,table,25,claimed,bbs_boards,,,08009010,どのボードを読みますか？＞1/No.1「交換」
0858159C,table,25,claimed,bbs_boards,,,08009040,どのボードを読みますか？＞2/No.2「交換」
085815A0,table,25,claimed,bbs_boards,,,08009070,どのボードを読みますか？＞3/No.3「交換」
085815A4,table,25,claimed,bbs_boards,,,080090A0,どのボードを読みますか？＞4/No.4「交換」
085815A8,table,25,claimed,bbs_boards,,,080090D0,どのボードを読みますか？＞5/No.5「交換」
085815AC,table,25,claimed,bbs_boards,,,08009100,どのボードを読みますか？＞1/No.1「悪魔辞典」
085815B0,table,25,claimed,bbs_boards,,,08009134,どのボードを読みますか？＞2/No.2「悪魔辞典」
085815B4,table,25,claimed,bbs_boards,,,08009168,どのボードを読みますか？＞3/No.3「悪魔辞典」
085815B8,table,25,claimed,bbs_boards,,,0800919C,どのボードを読みますか？＞4/No.4「悪魔辞典」
085815BC,table,25,claimed,bbs_boards,,,080091D0,どのボードを読みますか？＞5/No.5「悪魔辞典」
085815C0,table,25,claimed,bbs_boards,,,08009204,どのボードを読みますか？＞1/No.1「映像館」
085815C4,table,25,claimed,bbs_boards,,,08009236,どのボードを読みますか？＞2/No.2「映像館」
085815C8,table,25,claimed,bbs_boards,,,08009268,どのボードを読みますか？＞3/No.3「映像館」
085815CC,table,25,claimed,bbs_boards,,,0800929A,どのボードを読みますか？＞4/No.4「映像館」
085815D0,table,25,claimed,bbs_boards,,,080092CC,どのボードを読みますか？＞5/No.5「映像館」
085815D4,table,25,claimed,bbs_boards,,,080092FE,どのボードを読みますか？＞1/No.1「音楽館」
085815D8,table,25,claimed,bbs_boards,,,08009330,どのボードを読みますか？＞2/No.2「音楽館」
085815DC,table,25,claimed,bbs_boards,,,08009362,どのボードを読みますか？＞3/No.3「音楽館」
085815E0,table,25,claimed,bbs_boards,,,08009394,どのボードを読みますか？＞4/No.4「音楽館」
085815E4,table,25,claimed,bbs_boards,,,080093C6,どのボードを読みますか？＞5/No.5「音楽館」
085815E8,table,25,claimed,bbs_boards,,,080093F8,どのボードを読みますか？＞1/No.1「終了」
085815EC,table,25,claimed,bbs_boards,,,08009428,どのボードを読みますか？＞2/No.2「終了」
085815F0,table,25,claimed,bbs_boards,,,08009458,どのボードを読みますか？＞3/No.3「終了」
085815F4,table,25,claimed,bbs_boards,,,08009488,どのボードを読みますか？＞4/No.4「終了」
085815F8,table,25,claimed,bbs_boards,,,080094B8,どのボードを読みますか？＞5/No.5「終了」
08582438,isolated,2,UNCLAIMED,,leak-risk,bbs_boards,080094E8,VISIONARY＞S/「素材選択」
0858243C,isolated,2,UNCLAIMED,,MISSING,,0800950E,VISIONARY＞C/「素材補完」
085829D8,isolated,1,UNCLAIMED,,leak-risk,story,08021544,□□·、□□·。￣□·±·≠￣□□：/その考えは間違っているとは/思わな
085829F4,isolated,1,claimed,story,,,080246CC,司祭：□殿もう一度　おさらいしましょう貴方がするべきことは？□：はいメシ
08582D28,isolated,2,UNCLAIMED,,MISSING,,08009564,DICTIONARY＞R/「辞典□覧」
08582D2C,isolated,2,UNCLAIMED,,MISSING,,0800958C,DICTIONARY＞C/「辞典補完」
0858329C,table,4,claimed,bank_sendback,,,080095D0,DICREAD＞S/「送り戻し」
085832A0,table,4,claimed,bank_sendback,,,080095F2,DICREAD＞F/「悪魔検索」
085832A4,table,4,claimed,bank_sendback,,,08009614,DICREAD＞N/「悪魔データ」
085832A8,table,4,claimed,bank_sendback,,,08009638,DICREAD＞E/「前に戻る」
08583788,table,11,claimed,comp_levelrange,,,0800969E,　1　　〜　　910　　〜　1920　　〜　2930　　〜　3940　　
0858378C,table,11,claimed,comp_levelrange,,,080096AE,10　　〜　1920　　〜　2930　　〜　3940　　〜　4950　　
08583790,table,11,claimed,comp_levelrange,,,080096BE,20　　〜　2930　　〜　3940　　〜　4950　　〜　5960　　
08583794,table,11,claimed,comp_levelrange,,,080096CE,30　　〜　3940　　〜　4950　　〜　5960　　〜　6970　　
08583798,table,11,claimed,comp_levelrange,,,080096DE,40　　〜　4950　　〜　5960　　〜　6970　　〜　7980　　
0858379C,table,11,claimed,comp_levelrange,,,080096EE,50　　〜　5960　　〜　6970　　〜　7980　　〜　8990　　
085837A0,table,11,claimed,comp_levelrange,,,080096FE,60　　〜　6970　　〜　7980　　〜　8990　　〜　99100　
085837A4,table,11,claimed,comp_levelrange,,,0800970E,70　　〜　7980　　〜　8990　　〜　99100　〜　　　NO　D
085837A8,table,11,claimed,comp_levelrange,,,0800971E,80　　〜　8990　　〜　99100　〜　　　NO　DATA
085837AC,table,11,claimed,comp_levelrange,,,0800972E,90　　〜　99100　〜　　　NO　DATA
085837B0,table,11,claimed,comp_levelrange,,,0800973E,100　〜　　　NO　DATA
08583E84,isolated,1,claimed,lore,,,08009C4E,　神霊　　　：サタン/　出身地　　：イスラエル/名が「敵対者」という意味
08583E98,isolated,1,claimed,lore,,,08009ED4,　大天使　　：メタトロン/　出身地　　：イスラエル/天使階級上位一位の熾
08583EAC,isolated,1,claimed,lore,,,0800A122,　大天使　　：カマエル/　出身地　　：イスラエル/天使階級中級第二位の力
08583EC0,isolated,1,claimed,lore,,,0800A2C2,　大天使　　：サリエル/　出身地　　：イスラエル/霊魂を監視する役目を持
08583ED4,isolated,1,claimed,lore,,,0800A3B6,　大天使　　：クシエル/　出身地　　：イスラエル/処罰の七天使の一人であ
08583EE8,isolated,1,claimed,lore,,,0800A46C,　大天使　　：オファニム/　出身地　　：イスラエル/天使階級上級三位の座
08583EFC,isolated,1,claimed,lore,,,0800A61C,　大天使　　：ラグエル/　出身地　　：イスラエル/「神の友」の名を持つ天
08583F10,isolated,1,claimed,lore,,,0800A72E,　大天使　　：ハニエル/　出身地　　：イスラエル/七大天使の一人にも数え
08583F24,isolated,1,claimed,lore,,,0800A868,　大天使　　：ザフキエル/　出身地　　：イスラエル/天使階級上級第三位の
08583F38,isolated,1,claimed,lore,,,0800A960,　大天使　　：ラミエル/　出身地　　：イスラエル/主の御前に控える七大天
08583F4C,isolated,1,claimed,lore,,,0800AA30,　天津神　　：アマテラス/　出身地　　：日本/日本神話中の最高神で、高天
08583F60,isolated,1,claimed,lore,,,0800ABC4,　天津神　　：ツクヨミ/　出身地　　：日本/夜の世界と、月を管理する月神
08583F74,isolated,1,claimed,lore,,,0800AD7E,　天津神　　：タケミカヅチ/　出身地　　：日本/伊邪那岐命がヒノカグツチ
08583F88,isolated,1,claimed,lore,,,0800AF7C,　天津神　　：ヒノカグツチ/　出身地　　：日本/火伏せの霊験として有名な
08583F9C,isolated,1,claimed,lore,,,0800B1A6,　天津神　　：オモイカネ/　出身地　　：日本/高天原の知恵袋的存在の知恵
08583FB0,isolated,1,claimed,lore,,,0800B292,　天津神　　：タヂカラオ/　出身地　　：日本/高天原随一の怪力を誇る男神
08583FC4,isolated,1,claimed,lore,,,0800B404,　天津神　　：アメノトリフネ/　出身地　　：日本/死者の魂を運ぶとされる
08583FD8,isolated,1,claimed,lore,,,0800B540,　霊鳥　　　：ガルーダ/　出身地　　：インド/ヴィシュヌの乗騎で、半人半
08583FEC,isolated,1,claimed,lore,,,0800B74A,　霊鳥　　　：スザク/　出身地　　：中国/風水において四方を守護する四神
08584000,isolated,1,claimed,lore,,,0800B932,　霊鳥　　　：ヤタガラス/　出身地　　：日本/太陽の中に住んでいると言わ
08584014,isolated,1,claimed,lore,,,0800BAB8,　霊鳥　　　：フェニックス/　出身地　　：エジプト/死と再生を繰り返し、
08584028,isolated,1,claimed,lore,,,0800BD0A,　霊鳥　　　：スパルナ/　出身地　　：インド/名は「美しい翼を持つ者」と
0858403C,isolated,1,claimed,lore,,,0800BE2C,　女神　　　：ラクシュミ/　出身地　　：インド/幸運と繁栄を司る蓮の女神
08584050,isolated,1,claimed,lore,,,0800BFA0,　女神　　　：パールヴァティ/　出身地　　：インド/「山の娘」の名を持つ
08584064,isolated,1,claimed,lore,,,0800C13C,　女神　　　：フレイア/　出身地　　：北欧/北欧神話で最も美しく奔放な女
08584078,isolated,1,claimed,lore,,,0800C384,　女神　　　：サラスヴァティ/　出身地　　：インド/三つの聖河の一つ、サ
0858408C,isolated,1,claimed,lore,,,0800C4CA,　女神　　　：アリアンロッド/　出身地　　：アイルランド/時の象徴である
085840A0,isolated,1,claimed,lore,,,0800C68E,　女神　　　：アメノウズメ/　出身地　　：日本/神楽舞を司り、巫女の起源
085840B4,isolated,1,claimed,lore,,,0800CAEA,　魔神　　　：アルダー/　出身地　　：インド/シヴァ神と彼の神妃パールヴ
085840C8,isolated,1,claimed,lore,,,0800C828,　魔神　　　：ヴィローシャナ/　出身地　　：インド/ディーヴァ族と対立す
085840DC,isolated,1,claimed,lore,,,0800CC08,　魔神　　　：カルキ/　出身地　　：インド/ヴィシュヌ第十の化身（アヴァ
085840F0,isolated,1,claimed,lore,,,0800CCFC,　魔神　　　：バール/　出身地　　：シリア/雨と雷と稲妻をつかさどる豊穣
08584104,isolated,1,claimed,lore,,,0800C9C8,　魔神　　　：アタバク/　出身地　　：インド/ビシャモンテン配下の八大夜
08584118,isolated,1,claimed,lore,,,0800CE0C,　魔神　　　：オーディン/　出身地　　：北欧/北欧神話の隻眼の主神。··
0858412C,isolated,1,claimed,lore,,,0800CF74,　魔神　　　：アシュター/　出身地　　：シリア/「恐るべき者」「獅子」と
08584140,isolated,1,claimed,lore,,,0800D07E,　魔神　　　：ホルス/　出身地　　：エジプト/隼の頭を持った人間の姿で描
08584154,isolated,1,claimed,lore,,,0800D234,　魔神　　　：トール/　出身地　　：北欧/北欧神話に記述がみられるアース
08584168,isolated,1,claimed,lore,,,0800D3A6,　魔神　　　：インドラ/　出身地　　：インド/インドの「雨と雷霆の支配者
0858417C,isolated,1,claimed,lore,,,0800D4FA,　神獣　　　：バロン/　出身地　　：バリ島/バリ島の森に住む獅子、虎、象
08584190,isolated,1,claimed,lore,,,0800D678,　神獣　　　：ゲンブ/　出身地　　：中国/風水において四方を守護する四神
085841A4,isolated,1,claimed,lore,,,0800D7D2,　神獣　　　：アヌビス/　出身地　　：エジプト/古代エジプトの死者を裁く
085841B8,isolated,1,claimed,lore,,,0800D908,　神獣　　　：ナラシンハ/　出身地　　：インド/ヴィシュヌ第五の化身（ア
085841CC,isolated,1,claimed,lore,,,0800DA0C,　神獣　　　：スフィンクス/　出身地　　：エジプト/人間の顔と、ライオン
085841E0,isolated,1,claimed,lore,,,0800DC04,　神獣　　　：ナンディ/　出身地　　：インド/シヴァの乗り物とされる、「
085841F4,isolated,1,claimed,lore,,,0800DD2C,　聖獣　　　：ビャッコ/　出身地　　：中国/風水において四方を守護する四
08584208,isolated,1,claimed,lore,,,0800DE64,　聖獣　　　：パピルサグ/　出身地　　：イラク/蝎と人間の融合したバビロ
0858421C,isolated,1,claimed,lore,,,0800E00A,　聖獣　　　：バステト/　出身地　　：エジプト/雌のライオンあるいは猫の
08584230,isolated,1,claimed,lore,,,0800E146,　聖獣　　　：アピス/　出身地　　：エジプト/エジプトの運命を司る神プタ
08584244,isolated,1,claimed,lore,,,0800E348,　聖獣　　　：ユニコーン/　出身地　　：イギリス/額に角をもつ神聖な獣。
08584258,isolated,1,claimed,lore,,,0800E49C,　聖獣　　　：ヘケト/　出身地　　：エジプト/蛙の姿、あるいは蛙の頭をし
0858426C,isolated,1,claimed,lore,,,0800E5E8,　精霊　　　：サラマンダー/　出身地　　：全世界/燃え盛る炎の中や火山の
08584280,isolated,1,claimed,lore,,,0800E722,　精霊　　　：ウンディーネ/　出身地　　：全世界/生命の再生や豊饒、浄化
08584294,isolated,1,claimed,lore,,,0800E836,　精霊　　　：シルフ/　出身地　　：全世界/自然の存在と超自然的な存在の
085842A8,isolated,1,claimed,lore,,,0800E954,　精霊　　　：ノーム/　出身地　　：全世界/地底に眠る貴重な宝石や鉱物を
085842BC,isolated,1,claimed,lore,,,0800EAF4,　精霊　　　：フレイミーズ/　出身地　　：全世界/火のエネルギーが具象化
085842D0,isolated,1,claimed,lore,,,0800EB7C,　精霊　　　：アクアンズ/　出身地　　：全世界/水のエネルギーが具象化し
085842E4,isolated,1,claimed,lore,,,0800EC0E,　精霊　　　：エアロス/　出身地　　：全世界/風のエネルギーが具象化した
085842F8,isolated,1,claimed,lore,,,0800ECB6,　精霊　　　：アーシーズ/　出身地　　：全世界/地のエネルギーが具象化し
0858430C,isolated,1,claimed,lore,,,0800ED4C,　破壊神　　：シヴァ/　出身地　　：インド/ヒンドゥー教の三大神の一柱で
08584320,isolated,1,claimed,lore,,,0800EEEA,　破壊神　　：スサノオ/　出身地　　：日本/アマテラス、ツクヨミとともに
08584334,isolated,1,claimed,lore,,,0800F0C8,　破壊神　　：セイテンタイセイ/　出身地　　：中国/西遊記の孫悟空として
08584348,isolated,1,claimed,lore,,,0800F228,　破壊神　　：チェルノボグ/　出身地　　：ロシア/夜と闇を支配し悪を司る
0858435C,isolated,1,claimed,lore,,,0800F302,　破壊神　　：アレス/　出身地　　：ギリシア/殺戮と流血、戦のための戦を
08584370,isolated,1,claimed,lore,,,0800F3FA,　竜神　　　：アナンタ/　出身地　　：インド/地下世界の最下層パーターラ
08584384,isolated,1,claimed,lore,,,0800F552,　竜神　　　：ラハブ/　出身地　　：イスラエル/全身が水でできている、ユ
08584398,isolated,1,claimed,lore,,,0800F672,　竜神　　　：イツァム・ナー/　出身地　　：メキシコ/マヤの最高神の息子
085843AC,isolated,1,claimed,lore,,,0800F7A0,　竜神　　　：セイリュウ/　出身地　　：中国/風水において四方を守護する
085843C0,isolated,1,claimed,lore,,,0800F8E0,　竜神　　　：ケツアルカトル/　出身地　　：メキシコ/トルテカ族に祭られ
085843D4,isolated,1,claimed,lore,,,0800FA40,　竜神　　　：ペクヨン/　出身地　　：朝鮮/朝鮮を守護する幻獣。··名は
085843E8,isolated,1,claimed,lore,,,0800FB0C,　竜神　　　：マヤ/　出身地　　：メキシコ/マヤの伝承で樹木や穀物を統べ
085843FC,isolated,1,claimed,lore,,,0800FBC0,　地母神　　：カーリー/　出身地　　：インド/シヴァの神妃パールヴァティ
08584410,isolated,1,claimed,lore,,,0800FD84,　地母神　　：イシュタル/　出身地　　：バビロニア/愛と豊穣と戦争を司る
08584424,isolated,1,claimed,lore,,,0800FF72,　地母神　　：ドルガー/　出身地　　：インド/シヴァの神妃パールヴァティ
08584438,isolated,1,claimed,lore,,,08010062,　地母神　　：キクリヒメ/　出身地　　：日本/加賀白山の神とされる、農耕
0858444C,isolated,1,claimed,lore,,,0801017A,　地母神　　：ハリティー/　出身地　　：インド/鬼子母神（キシモジン）と
08584460,isolated,1,claimed,lore,,,080102BA,　地母神　　：タウエレト/　出身地　　：エジプト/エジプトに伝わる家庭と
08584474,isolated,1,claimed,lore,,,080103E0,　国津神　　：アラハバキ/　出身地　　：日本/古代日本の土着信仰の神。·
08584488,isolated,1,claimed,lore,,,08010538,　国津神　　：タケミナカタ/　出身地　　：日本/オオクニヌシの息子である
0858449C,isolated,1,claimed,lore,,,08010676,　国津神　　：オオナムチ/　出身地　　：日本/大国主神（オオクニヌシノカ
085844B0,isolated,1,claimed,lore,,,08010842,　国津神　　：コトシロヌシ/　出身地　　：日本/オオクニヌシの息子で、出
085844C4,isolated,1,claimed,lore,,,08010DB4,　国津神　　：サルタヒコ/　出身地　　：日本/アマテラスが伊勢に鎮座する
085844D8,isolated,1,claimed,lore,,,0801095A,　国津神　　：ヒトコトヌシ/　出身地　　：日本/葛城山の神であり、吉兇全
085844EC,isolated,1,claimed,lore,,,08010B14,　国津神　　：スクナヒコナ/　出身地　　：日本/農業や酒造、医楽の神。·
08584500,isolated,1,claimed,lore,,,08010C88,　国津神　　：オオヤマツミ/　出身地　　：日本/各地の山の総元締である山
08584514,isolated,1,claimed,lore,,,08010F36,　天使　　　：ドミニオン/　出身地　　：イスラエル/天使階級中級第一位の
08584528,isolated,1,claimed,lore,,,0801105A,　天使　　　：ヴァーチャー/　出身地　　：イスラエル/天使階級中級第二位
0858453C,isolated,1,claimed,lore,,,08011176,　天使　　　：パワー/　出身地　　：イスラエル/天使階級中級第三位の能天
08584550,isolated,1,claimed,lore,,,080112BC,　天使　　　：プリンシパリティ/　出身地　　：イスラエル/天使階級下級第
08584564,isolated,1,claimed,lore,,,080113DE,　天使　　　：アークエンジェル/　出身地　　：イスラエル/天使階級下級第
08584578,isolated,1,claimed,lore,,,08011558,　天使　　　：エンジェル/　出身地　　：イスラエル/天使階級下級第三位の
0858458C,isolated,1,claimed,lore,,,080118F4,　妖鳥　　　：モリーアン/　出身地　　：アイルランド/アイルランドの三相
085845A0,isolated,1,claimed,lore,,,0801178C,　妖鳥　　　：マッハ/　出身地　　：アイルランド/アイルランドの三相一体
085845B4,isolated,1,claimed,lore,,,08011680,　妖鳥　　　：ネヴァン/　出身地　　：アイルランド/アイルランドの三相一
085845C8,isolated,1,claimed,lore,,,08011A50,　妖鳥　　　：アエロー/　出身地　　：ギリシア/ハーピーの女王三姉妹の長
085845DC,isolated,1,claimed,lore,,,08011B32,　妖鳥　　　：ケライノー/　出身地　　：ギリシア/ハーピーの女王三姉妹の
085845F0,isolated,1,claimed,lore,,,08011C56,　妖鳥　　　：オキュペテー/　出身地　　：ギリシア/ハーピーの女王三姉妹
08584604,isolated,1,claimed,lore,,,08011D3C,　妖鳥　　　：ベンヌ/　出身地　　：エジプト/オシリスの心臓から飛び出し
08584618,isolated,1,claimed,lore,,,08011E36,　メシアン　：アデプト/　出身地　　：東京/メシア教会の戦闘集団を指揮す
0858462C,isolated,1,claimed,lore,,,08011EF8,　メシアン　：ターミネイター/　出身地　　：東京/センターの派遣する対兇
08584640,isolated,1,claimed,lore,,,08011FDC,　メシアン　：ジエレーター/　出身地　　：東京/センターのラボで改造手術
08584654,isolated,1,claimed,lore,,,080120B8,　メシアン　：テンプルナイト/　出身地　　：東京/メシア教を守護するエリ
08584668,isolated,1,claimed,lore,,,0801219E,　メシアン　：エグゼクター/　出身地　　：東京/テンプルナイトではできな
0858467C,isolated,1,claimed,lore,,,08012274,　メシアン　：ネオファイト/　出身地　　：東京/テンプルナイトの候補生。
08584690,isolated,1,claimed,lore,,,08012392,　メシアン　：ブッチャー/　出身地　　：東京/その名に「屠殺人」という意
085846A4,isolated,1,claimed,lore,,,0801247A,　竜王　　　：ヤマタノオロチ/　出身地　　：日本/八つの頭と尾を持ち、そ
085846B8,isolated,1,claimed,lore,,,0801263A,　竜王　　　：ヴリトラ/　出身地　　：インド/古代インド等では干魃を起こ
085846CC,isolated,1,claimed,lore,,,08012786,　竜王　　　：ナーガ・ラジャ/　出身地　　：インド/ナーガ族の中でも特に
085846E0,isolated,1,claimed,lore,,,08012866,　竜王　　　：オトヒメ/　出身地　　：日本/海の神である大綿津見神（オオ
085846F4,isolated,1,claimed,lore,,,08012A0C,　竜王　　　：ミズチ/　出身地　　：日本/淡水に住む者の王であり、水を司
08584708,isolated,1,claimed,lore,,,08012B70,　竜王　　　：ナーガ/　出身地　　：インド/水と豊穣、生殖を司る人面蛇身
0858471C,isolated,1,claimed,lore,,,08012D08,　竜王　　　：ノズチ/　出身地　　：日本/地脈を司る蛇の精霊。··名を「
08584730,isolated,1,claimed,lore,,,08012FFC,　妖魔　　　：ハヌマーン/　出身地　　：インド/叙事詩『ラーマーヤナ』に
08584744,isolated,1,claimed,lore,,,0801319A,　妖魔　　　：ガネーシャ/　出身地　　：インド/シヴァの子で象の頭を持っ
08584758,isolated,1,claimed,lore,,,080132DC,　妖魔　　　：ジン/　出身地　　：アラビア/人間より二千年前に、創造主に
0858476C,isolated,1,claimed,lore,,,08013454,　妖魔　　　：テング/　出身地　　：日本/山中でさまざまな怪異を起こす日
08584780,isolated,1,claimed,lore,,,080135F8,　妖魔　　　：ハオカー/　出身地　　：アメリカ/ネイティブアメリカンのダ
08584794,isolated,1,claimed,lore,,,08013722,　妖魔　　　：メルクリウス/　出身地　　：イタリア/ギリシア神話のヘルメ
085847A8,isolated,1,claimed,lore,,,080139DC,　魔獣　　　：ケルベロス/　出身地　　：ギリシア/三つ頭と蛇の尻尾を持つ
085847BC,isolated,1,claimed,lore,,,08013BC4,　魔獣　　　：ドゥン/　出身地　　：インド/女神ドルガーの乗り物である聖
085847D0,isolated,1,claimed,lore,,,08013CC6,　魔獣　　　：セルケト/　出身地　　：エジプト/女神イシスの従者である蝎
085847E4,isolated,1,claimed,lore,,,08013E04,　魔獣　　　：オルトロス/　出身地　　：ギリシア/双頭の巨大な番犬で、牛
085847F8,isolated,1,claimed,lore,,,08013F36,　魔獣　　　：ネコマタ/　出身地　　：日本/尾が二つに分かれ、人語を解す
0858480C,isolated,1,claimed,lore,,,0801404E,　魔獣　　　：カーシー/　出身地　　：スコットランド/スコットランドに住
08584820,isolated,1,claimed,lore,,,0801415C,　魔獣　　　：ケットシー/　出身地　　：スコットランド/スコットランド高
08584834,isolated,1,claimed,lore,,,08014310,　夜魔　　　：ニュクス/　出身地　　：ギリシア/原初の混沌カオスの娘であ
08584848,isolated,1,claimed,lore,,,08014480,　夜魔　　　：ヴァンパイア/　出身地　　：ルーマニア/スラブの民間信仰を
0858485C,isolated,1,claimed,lore,,,08014586,　夜魔　　　：リリム/　出身地　　：ドイツ/夢魔の女王リリスの娘達。··
08584870,isolated,1,claimed,lore,,,08014642,　夜魔　　　：ナイトメア/　出身地　　：西欧・アメリカ/人に悪夢を見せる
08584884,isolated,1,claimed,lore,,,0801470A,　夜魔　　　：エンプーサ/　出身地　　：ギリシア/冥界の女王ヘカーテの従
08584898,isolated,1,claimed,lore,,,08014864,　夜魔　　　：アルプ/　出身地　　：ドイツ/夢魔の一種とされる、黒く毛む
085848AC,isolated,1,claimed,lore,,,080149FC,　地霊　　　：ティターン/　出身地　　：ギリシア/ギリシア神話の原初の巨
085848C0,isolated,1,claimed,lore,,,08014B1C,　地霊　　　：ウベルリ/　出身地　　：イラン（ペルシア）/海の底に住み、
085848D4,isolated,1,claimed,lore,,,08014C78,　地霊　　　：ツチグモ/　出身地　　：日本/古来から日本に住むとされる地
085848E8,isolated,1,claimed,lore,,,08014D60,　地霊　　　：ドヴェルガー/　出身地　　：北欧/ミッドガルドの北方に住む
085848FC,isolated,1,claimed,lore,,,08014EB0,　地霊　　　：スダマ/　出身地　　：日本/山林で木石の精気より産まれた物
08584910,isolated,1,claimed,lore,,,08015018,　地霊　　　：ノッカー/　出身地　　：ウェールズ/コーンウォール地方の鉱
08584924,isolated,1,claimed,lore,,,08015116,　妖精　　　：ティターニア/　出身地　　：イギリス/戯曲『真夏の夜の夢』
08584938,isolated,1,claimed,lore,,,08015246,　妖精　　　：オベロン/　出身地　　：イギリス/戯曲『真夏の夜の夢』に記
0858494C,isolated,1,claimed,lore,,,08015452,　妖精　　　：クー・フーリン/　出身地　　：アイルランド/伝説の英雄妖精
08584960,isolated,1,claimed,lore,,,0801566E,　妖精　　　：ナジャ/　出身地　　：フランス/作家アンドレ・ブルトンの著
08584974,isolated,1,claimed,lore,,,08015742,　妖精　　　：バンシー/　出身地　　：アイルランド/アイルランドの死の妖
08584988,isolated,1,claimed,lore,,,080158E6,　妖精　　　：ダークエルフ/　出身地　　：イギリス/エルフのうち、闇の性
0858499C,isolated,1,claimed,lore,,,08015A14,　妖精　　　：ジャックランタン/　出身地　　：イギリス/ハロウィンで有名
085849B0,isolated,1,claimed,lore,,,08015B3C,　妖精　　　：ジャックフロスト/　出身地　　：イギリス/ブーツを履いた雪
085849C4,isolated,1,claimed,lore,,,08015C60,　妖精　　　：ハイピクシー/　出身地　　：イギリス/妖精ピクシーの中で特
085849D8,isolated,1,claimed,lore,,,08015D94,　デモノイド：フランキー/　出身地　　：日本/初期型のデモノイドで試作品
085849EC,isolated,1,claimed,lore,,,0801628E,　デモノイド：デミナンディ/　出身地　　：日本/食用に開発されたデモノイ
08584A00,isolated,1,claimed,lore,,,08015E66,　デモノイド：ヘラクルス/　出身地　　：日本/ヴァルハラ・コロシアム用に
08584A14,isolated,1,claimed,lore,,,08015F88,　デモノイド：スレイヴ/　出身地　　：日本/人間が行なうには危険な作業に
08584A28,isolated,1,claimed,lore,,,080160C0,　デモノイド：オラクルス/　出身地　　：日本/超能力を発揮する戦闘型デモ
08584A3C,isolated,1,claimed,lore,,,080161BC,　デモノイド：スパルタン/　出身地　　：日本/奴隷王国を築き上げた伝説の
08584A50,isolated,1,claimed,lore,,,0801675C,　堕天使　　：アガレス/　出身地　　：イスラエル/地獄の東方を治め、三一
08584A64,isolated,1,claimed,lore,,,080168A8,　堕天使　　：ガープ/　出身地　　：イスラエル/魔界の大総裁にして偉大な
08584A78,isolated,1,claimed,lore,,,08016A8A,　堕天使　　：ベリス/　出身地　　：シリア/地獄の二六の軍団を率いる恐る
08584A8C,isolated,1,claimed,lore,,,08016498,　堕天使　　：バフォメット/　出身地　　：アイルランド/魔女達の宴、サバ
08584AA0,isolated,1,claimed,lore,,,08016C32,　堕天使　　：エリゴール/　出身地　　：イスラエル/ソロモンの七二柱の魔
08584AB4,isolated,1,claimed,lore,,,08016386,　堕天使　　：ベテルギウス/　出身地　　：ローマ/蝿や、巨大な怪物など様
08584AC8,isolated,1,claimed,lore,,,08016D5C,　堕天使　　：ガギソン/　出身地　　：イスラエル/『アベラメリンの魔道書
08584ADC,isolated,1,claimed,lore,,,08016E30,　堕天使　　：ウコバク/　出身地　　：フランス/蝿の王ベルゼブブ配下の下
08584AF0,isolated,1,claimed,lore,,,08016F1E,　妖鬼　　　：ヤクシャ/　出身地　　：インド/富の神クヴェーラに仕える眷
08584B04,isolated,1,claimed,lore,,,0801704E,　妖鬼　　　：シュテンドウジ/　出身地　　：日本/平安時代の大江山に現れ
08584B18,isolated,1,claimed,lore,,,0801717A,　妖鬼　　　：ヤクシニー/　出身地　　：インド/女性のヤクシャ。怒号の姿
08584B2C,isolated,1,claimed,lore,,,080172BE,　妖鬼　　　：トゥルダク/　出身地　　：チベット/閻魔大王（エンマダイオ
08584B40,isolated,1,claimed,lore,,,08017408,　妖鬼　　　：ハンニャ/　出身地　　：日本/燃え滾る嫉妬に狂った鬼女。·
08584B54,isolated,1,claimed,lore,,,080174BE,　妖鬼　　　：アズミ/　出身地　　：日本/古代安曇族の水神であり、水術に
08584B68,isolated,1,claimed,lore,,,080175E8,　妖鬼　　　：イヒカ/　出身地　　：日本/井戸の守護者である妖怪。··名
08584B7C,isolated,1,claimed,lore,,,080176B2,　鬼女　　　：ランダ/　出身地　　：バリ島/バリに住むという悪と暗黒を象
08584B90,isolated,1,claimed,lore,,,080177E4,　鬼女　　　：ボルボ/　出身地　　：ギリシア/太古の地母神信仰の名残の女
08584BA4,isolated,1,claimed,lore,,,080178F2,　鬼女　　　：ゴルゴン/　出身地　　：ギリシア/ギリシア神話に登場する三
08584BB8,isolated,1,claimed,lore,,,08017AC2,　鬼女　　　：カリアッハベーラ/　出身地　　：スコットランド/スコットラ
08584BCC,isolated,1,claimed,lore,,,08017CB6,　鬼女　　　：アルケニー/　出身地　　：ギリシア/リュディアの機織りの女
08584BE0,isolated,1,claimed,lore,,,08017DE0,　鬼女　　　：ラミア/　出身地　　：リビア/上半身は女性、下半身は蛇、と
08584BF4,isolated,1,claimed,lore,,,08017F5E,　鬼女　　　：ハッグ/　出身地　　：イギリス/邪悪な妖精の鬼婆。··姿は
08584C08,isolated,1,claimed,lore,,,08018048,　ガイアーズ：カメンヒジリ/　出身地　　：東京/喜拾を求めさすらう者達。
08584C1C,isolated,1,claimed,lore,,,08018118,　ガイアーズ：アシュラ/　出身地　　：東京/ガイア教団に属する暴走組織。
08584C30,isolated,1,claimed,lore,,,080181DE,　ガイアーズ：オンミョウジ/　出身地　　：東京/陰陽道を復活させたガイア
08584C44,isolated,1,claimed,lore,,,08018288,　ガイアーズ：ジライヤ/　出身地　　：東京/忍盗術を使うガイア教の忍者。
08584C58,isolated,1,claimed,lore,,,08018340,　ガイアーズ：クグツシ/　出身地　　：東京/人形を操って戦うガイア教団の
08584C6C,isolated,1,claimed,lore,,,0801840E,　邪神　　　：クトゥルー/　出身地　　：外宇宙/「旧支配者」とも呼ばれる
08584C80,isolated,1,claimed,lore,,,0801855C,　邪神　　　：パズス/　出身地　　：メソポタミア/シュメール文明の風の魔
08584C94,isolated,1,claimed,lore,,,080186D4,　邪神　　　：ニャルラトホテプ/　出身地　　：外宇宙/H.P.ラブクラフ
08584CA8,isolated,1,claimed,lore,,,0801889A,　邪神　　　：テスカトリポカ/　出身地　　：メキシコ/アステカ神話の創造
08584CBC,isolated,1,claimed,lore,,,08018A84,　邪神　　　：ナラギリ/　出身地　　：スリランカ/スリランカの悪象の魔王
08584CD0,isolated,1,claimed,lore,,,08018B90,　兇鳥　　　：フレスベルグ/　出身地　　：北欧/世界樹イグドラジルの梢に
08584CE4,isolated,1,claimed,lore,,,08018D42,　兇鳥　　　：アンズー/　出身地　　：ペルシア/獅子の頭を持った、嵐を呼
08584CF8,isolated,1,claimed,lore,,,08018E88,　兇鳥　　　：グルル/　出身地　　：スリランカ/スリランカの伝承に記され
08584D0C,isolated,1,claimed,lore,,,08018F96,　兇鳥　　　：フリアイ/　出身地　　：ローマ/地獄に住むハーピーの呼び名
08584D20,isolated,1,claimed,lore,,,080190B2,　兇鳥　　　：チョンチョン/　出身地　　：アメリカ/頭部の異常に大きな耳
08584D34,isolated,1,claimed,lore,,,080191EE,　マシン　　：メデューサ/　出身地　　：日本/センターの開発したゴーレム
08584D48,isolated,1,claimed,lore,,,08019360,　マシン　　：ラビ/　出身地　　：日本/ゴーレム・タイプの改造品でセンタ
08584D5C,isolated,1,claimed,lore,,,0801949C,　マシン　　：ゴーレム/　出身地　　：日本/地上ロボット兵器T95を改良
08584D70,isolated,1,claimed,lore,,,080195CC,　マシン　　：ジャンク/　出身地　　：日本/破壊された二足歩行式のロボッ
08584D84,isolated,1,claimed,lore,,,0801969A,　マシン　　：アイアンメイデン/　出身地　　：日本/クグツシに操られた中
08584D98,isolated,1,claimed,lore,,,08019754,　マシン　　：クレイジーダミー/　出身地　　：日本/クグツシに操られた安
08584DAC,isolated,1,claimed,lore,,,0801984C,　ワクチン　：ポリス/　出身地　　：東京/データバンク内を常に徘徊してい
08584DC0,isolated,1,claimed,lore,,,0801995C,　ワクチン　：ジョーズ/　出身地　　：東京/名が「アゴ」という意味の持つ
08584DD4,isolated,1,claimed,lore,,,08019D04,　邪鬼　　　：ヘカトンケイル/　出身地　　：ギリシア/天空神ウラヌスと大
08584DE8,isolated,1,claimed,lore,,,08019EF6,　邪鬼　　　：ギリメカラ/　出身地　　：スリランカ/魔王マーラの乗り物で
08584DFC,isolated,1,claimed,lore,,,0801A018,　邪鬼　　　：エキンム/　出身地　　：シュメール/供養されなかった死者の
08584E10,isolated,1,claimed,lore,,,0801A160,　邪鬼　　　：サイクロプス/　出身地　　：ギリシア/天空神ウラヌスと女神
08584E24,isolated,1,claimed,lore,,,0801A2AC,　邪鬼　　　：ラクシャーサ/　出身地　　：インド/月のない夜に出没する悪
08584E38,isolated,1,claimed,lore,,,0801A3E8,　邪鬼　　　：オーガ/　出身地　　：フランス/フランスの伝承に記述される
08584E4C,isolated,1,claimed,lore,,,0801A55A,　邪鬼　　　：ウェンディゴ/　出身地　　：カナダ/カナダの雪深い山中に住
08584E60,isolated,1,claimed,lore,,,0801A65A,　邪鬼　　　：グレムリン/　出身地　　：イギリス/機械に取り憑き故障させ
08584E74,isolated,1,claimed,lore,,,0801A754,　妖獣　　　：ベヒモス/　出身地　　：イスラエル/海の巨獣リヴァイアサン
08584E88,isolated,1,claimed,lore,,,0801A846,　妖獣　　　：マンティコア/　出身地　　：エチオピア/砂漠や森林に住む恐
08584E9C,isolated,1,claimed,lore,,,0801A998,　妖獣　　　：スキュラ/　出身地　　：トルコ/上半身は乙女、下半身が蛇と
08584EB0,isolated,1,claimed,lore,,,0801AA96,　妖獣　　　：ブラックウイドウ/　出身地　　：欧米/喪服に身を包んだ魔女
08584EC4,isolated,1,claimed,lore,,,0801AB40,　妖獣　　　：ギュウキ/　出身地　　：日本/頭が牛で、胴体は蜘蛛のような
08584ED8,isolated,1,claimed,lore,,,0801AC58,　妖獣　　　：ヌエ/　出身地　　：日本/猿の頭に狸の胴体、虎の手足と大蛇
08584EEC,isolated,1,claimed,lore,,,0801AD98,　妖獣　　　：バイコーン/　出身地　　：イギリス/額に二本の角を持つユニ
08584F00,isolated,1,claimed,lore,,,0801AE46,　妖獣　　　：ガルム/　出身地　　：北欧/死者の国ニヴルヘイムに通じる門
08584F14,isolated,1,claimed,lore,,,0801AF50,　妖樹　　　：イグドラジル/　出身地　　：北欧/世界樹とも言われるトネリ
08584F28,isolated,1,claimed,lore,,,0801B0D8,　妖樹　　　：アルラウネ/　出身地　　：ドイツ/処刑場で処刑された男の血
08584F3C,isolated,1,claimed,lore,,,0801B1E8,　妖樹　　　：マンドレイク/　出身地　　：ペルシャ/マンドラゴラともいわ
08584F50,isolated,1,claimed,lore,,,0801B364,　妖樹　　　：オードリー/　出身地　　：アメリカ/貪欲な食欲を持つ悪魔が
08584F64,isolated,1,claimed,lore,,,0801B49A,　屍鬼　　　：コープス/　出身地　　：世界各地/複数のゾンビが融合した塊
08584F78,isolated,1,claimed,lore,,,0801B550,　屍鬼　　　：ゾンビプリースト/　出身地　　：世界各地/悪魔に殺害された
08584F8C,isolated,1,claimed,lore,,,0801B63A,　屍鬼　　　：ワーカホリック/　出身地　　：日本/発掘現場で悪魔に殺害さ
08584FA0,isolated,1,claimed,lore,,,0801B70A,　屍鬼　　　：ボディコニアン/　出身地　　：東京/外見が派手な若い女性の
08584FB4,isolated,1,claimed,lore,,,0801B7C6,　屍鬼　　　：ゾンビ/　出身地　　：ハイチ/死んだ人間が魂を無くした状態
08584FC8,isolated,1,claimed,lore,,,0801B8A0,　屍鬼　　　：ゾンビドッグ/　出身地　　：日本/ゾンビに襲われた野犬がゾ
08584FDC,isolated,1,claimed,lore,,,0801B960,　魔王　　　：ルシファー/　出身地　　：イスラエル/七つの大罪の内、「傲
08584FF0,isolated,1,claimed,lore,,,0801BB2E,　魔王　　　：ベルゼブブ/　出身地　　：バビロニア/七つの大罪の内、「大
08585004,isolated,1,claimed,lore,,,0801BE72,　魔王　　　：マーラ/　出身地　　：インド/インドの悪魔で、魔そのものを
08585018,isolated,1,claimed,lore,,,0801C354,　魔王　　　：バエル/　出身地　　：バビロニア/地獄の悪霊六六軍団を率い
0858502C,isolated,1,claimed,lore,,,0801BCD6,　魔王　　　：アスタロト/　出身地　　：バビロニア/地獄の四大公爵の一人
08585040,isolated,1,claimed,lore,,,0801C4D8,　魔王　　　：ロキ/　出身地　　：北欧/巨人族出身の金髪碧眼の美しい男神
08585054,isolated,1,claimed,lore,,,0801BF96,　魔王　　　：ヘカーテ/　出身地　　：ギリシア/冥界を支配する女神。··
08585068,isolated,1,claimed,lore,,,0801C686,　邪竜　　　：ティアマット/　出身地　　：バビロニア/原初の混沌とも呼ば
0858507C,isolated,1,claimed,lore,,,0801C9B2,　邪竜　　　：キングー/　出身地　　：バビロニア/地母神ティアマットの二
08585090,isolated,1,claimed,lore,,,0801CACC,　邪竜　　　：ニーズホッグ/　出身地　　：北欧/世界樹イグドラジルの梢に
085850A4,isolated,1,claimed,lore,,,0801CC4A,　邪竜　　　：タラスク/　出身地　　：フランス/南フランスのタラスコンに
085850B8,isolated,1,claimed,lore,,,0801CDA4,　邪竜　　　：ワイバーン/　出身地　　：西欧/紋章学から発生した二本足の
085850CC,isolated,1,claimed,lore,,,0801CE7E,　邪竜　　　：ワーム/　出身地　　：イングランド/イングランド北部地方の
085850E0,isolated,1,claimed,lore,,,0801CFC6,　幽鬼　　　：ヴェータラ/　出身地　　：インド/インドの伝承に記される邪
085850F4,isolated,1,claimed,lore,,,0801D0D4,　幽鬼　　　：ヤカー/　出身地　　：スリランカ/スリランカの民衆宗教の病
08585108,isolated,1,claimed,lore,,,0801D206,　幽鬼　　　：マンイーター/　出身地　　：東京/生前男を喰い物にしていた
0858511C,isolated,1,claimed,lore,,,0801D2C0,　幽鬼　　　：グーラー/　出身地　　：アラビア/食人鬼グールの女性型。·
08585130,isolated,1,claimed,lore,,,0801D3BC,　幽鬼　　　：グール/　出身地　　：アラビア/アラビアの基場にあらわれる
08585144,isolated,1,claimed,lore,,,0801D522,　幽鬼　　　：ガキ/　出身地　　：日本/六道思想にて、現世で物欲が激しい
08585158,isolated,1,claimed,lore,,,0801D618,　悪霊　　　：レギオン/　出身地　　：日本/軍隊用語で「連隊」という意味
0858516C,isolated,1,claimed,lore,,,0801D71A,　悪霊　　　：インフェルノ/　出身地　　：世界各地/イタリア語で「地獄」
08585180,isolated,1,claimed,lore,,,0801D7EE,　悪霊　　　：デプス/　出身地　　：世界各地/大破壊の際、津浪により死亡
08585194,isolated,1,claimed,lore,,,0801D8AA,　悪霊　　　：ハングドマン/　出身地　　：不明/タロットの大アルカナ十二
085851A8,isolated,1,claimed,lore,,,0801D9A6,　悪霊　　　：ポルターガイスト/　出身地　　：世界各地/物を動かしたり、
085851BC,isolated,1,claimed,lore,,,0801DA92,　外道　　　：オールドワン/　出身地　　：外宇宙/「古き者」といわれる太
085851D0,isolated,1,claimed,lore,,,0801DBE6,　外道　　　：ドッペルゲンガー/　出身地　　：世界各地/二重体と呼ばれ、
085851E4,isolated,1,claimed,lore,,,0801DCEC,　外道　　　：ブラックウーズ/　出身地　　：不明/黒色の粘液状の物体。·
085851F8,isolated,1,claimed,lore,,,0801DD72,　外道　　　：クリス・ザ・カー/　出身地　　：アメリカ/愛を得ず死んだ女
0858520C,isolated,1,claimed,lore,,,0801DEAC,　外道　　　：ジャック・リパー/　出身地　　：イギリス/十九世紀末のロン
08585220,isolated,1,claimed,lore,,,0801DF9A,　外道　　　：スライム/　出身地　　：不明/実体化し損ねた悪魔。··現世
08585234,isolated,1,claimed,lore,,,08019A62,　ウィルス　：アンドロメダ/　出身地　　：東京/小説『アンドロメダ病原体
08585248,isolated,1,claimed,lore,,,08019B70,　ウィルス　：スパイダー/　出身地　　：東京/外観が由来のコンピューター
0858525C,isolated,1,claimed,lore,,,08019C24,　ウィルス　：メビウス/　出身地　　：東京/増殖に特化したコンピューター
08585298,isolated,1,claimed,lore,,,08013722,　妖魔　　　：メルクリウス/　出身地　　：イタリア/ギリシア神話のヘルメ
085852AC,isolated,1,claimed,lore,,,0801C870,　邪竜　　　：バジリスク/　出身地　　：リビア/蛇の王と呼ばれる王冠を戴
085852C0,isolated,1,claimed,lore,,,0801C22A,　魔王　　　：キングフロスト/　出身地　　：日本/ジャックフロスト達が合
085852D4,isolated,1,claimed,lore,,,0801628E,　デモノイド：デミナンディ/　出身地　　：日本/食用に開発されたデモノイ
085852E8,isolated,1,claimed,lore,,,08016386,　堕天使　　：ベテルギウス/　出身地　　：ローマ/蝿や、巨大な怪物など様
08585310,isolated,1,claimed,lore,,,08012EEA,　妖魔　　　：ヤヌス/　出身地　　：ローマ/ローマ神話の中でも最も古い神
0858534C,isolated,1,claimed,lore,,,08016498,　堕天使　　：バフォメット/　出身地　　：アイルランド/魔女達の宴、サバ
08585360,isolated,1,claimed,lore,,,08010DB4,　国津神　　：サルタヒコ/　出身地　　：日本/アマテラスが伊勢に鎮座する
08585388,isolated,1,claimed,lore,,,0801C0EA,　魔王　　　：ベルフェゴール/　出身地　　：シリア/七つの大罪の内、「怠
085853B0,isolated,1,claimed,lore,,,0801E028,　大天使　　：ウリエル/　出身地　　：イスラエル/四大天使の一人である地
085853C4,isolated,1,claimed,lore,,,0801E18A,　大天使　　：ラファエル/　出身地　　：イスラエル/四大天使の一人である
085853D8,isolated,1,claimed,lore,,,0801E2BC,　大天使　　：ミカエル/　出身地　　：イスラエル/四大天使の一人である火
08585400,isolated,1,claimed,lore,,,0801BF96,　魔王　　　：ヘカーテ/　出身地　　：ギリシア/冥界を支配する女神。··
08585414,isolated,1,claimed,lore,,,0800C9C8,　魔神　　　：アタバク/　出身地　　：インド/ビシャモンテン配下の八大夜
08585428,isolated,1,claimed,lore,,,0801388E,　妖魔　　　：マスターテリオン/　出身地　　：イギリス/『ヨハネの黙示録
0858543C,isolated,1,claimed,lore,,,080165E6,　堕天使　　：アバドン/　出身地　　：イスラエル/黙示録において破壊者を
08585450,isolated,1,claimed,lore,,,0801BCD6,　魔王　　　：アスタロト/　出身地　　：バビロニア/地獄の四大公爵の一人
08585464,isolated,1,claimed,lore,,,0801EE06,　神将　　　：クンビーラ/　出身地　　：インド/楽師如来（ヤクシニョライ
08585478,isolated,1,claimed,lore,,,0801ED2A,　神将　　　：ヴァジラ/　出身地　　：インド/楽師如来（ヤクシニョライ）
0858548C,isolated,1,claimed,lore,,,0801EC4E,　神将　　　：ミヒラ/　出身地　　：インド/楽師如来（ヤクシニョライ）を
085854A0,isolated,1,claimed,lore,,,0801EB6C,　神将　　　：アンティラ/　出身地　　：インド/楽師如来（ヤクシニョライ
085854B4,isolated,1,claimed,lore,,,0801EA90,　神将　　　：マジラ/　出身地　　：インド/楽師如来（ヤクシニョライ）を
085854C8,isolated,1,claimed,lore,,,0801E9AE,　神将　　　：サンティラ/　出身地　　：インド/楽師如来（ヤクシニョライ
085854DC,isolated,1,claimed,lore,,,0801E8CE,　神将　　　：インダラ/　出身地　　：インド/楽師如来（ヤクシニョライ）
085854F0,isolated,1,claimed,lore,,,0801E7F2,　神将　　　：パジラ/　出身地　　：インド/楽師如来（ヤクシニョライ）を
08585504,isolated,1,claimed,lore,,,0801E714,　神将　　　：マクラ/　出身地　　：インド/楽師如来（ヤクシニョライ）を
08585518,isolated,1,claimed,lore,,,0801E62E,　神将　　　：シンドゥーラ/　出身地　　：インド/楽師如来（ヤクシニョラ
0858552C,isolated,1,claimed,lore,,,0801E54A,　神将　　　：チャツラ/　出身地　　：インド/楽師如来（ヤクシニョライ）
08585540,isolated,1,claimed,lore,,,0801E466,　神将　　　：ヴィカラーラ/　出身地　　：インド/楽師如来（ヤクシニョラ
08585554,isolated,1,claimed,lore,,,0801C686,　邪竜　　　：ティアマット/　出身地　　：バビロニア/原初の混沌とも呼ば
08585568,isolated,1,claimed,lore,,,0800C828,　魔神　　　：ヴィローシャナ/　出身地　　：インド/ディーヴァ族と対立す
0858557C,isolated,1,claimed,lore,,,0801BE72,　魔王　　　：マーラ/　出身地　　：インド/インドの悪魔で、魔そのものを
08585590,isolated,1,claimed,lore,,,0801B960,　魔王　　　：ルシファー/　出身地　　：イスラエル/七つの大罪の内、「傲
085855F4,isolated,1,claimed,lore,,,08009C4E,　神霊　　　：サタン/　出身地　　：イスラエル/名が「敵対者」という意味
08585630,isolated,1,claimed,lore,,,0801BB2E,　魔王　　　：ベルゼブブ/　出身地　　：バビロニア/七つの大罪の内、「大
08585644,isolated,1,claimed,lore,,,0801EEE6,　魔人　　　：アリス/　出身地　　：日本/大破壊後に出現した魔王ベリアル
08585658,isolated,1,claimed,lore,,,0801F036,　魔人　　　：ゴーストQ/　出身地　　：日本/欲望が実体化して生まれた幽
0858566C,isolated,1,claimed,lore,,,0801F150,　魔人　　　：ときのおきな/　出身地　　：不明/執事の姿をした死神の一種
08585680,isolated,1,claimed,lore,,,0801F204,　魔人　　　：ヘルズエンジェル/　出身地　　：不明/怒れる心が実体化した
08585694,isolated,1,claimed,lore,,,0801F2A8,　魔人　　　：マタドール/　出身地　　：スペイン/闘牛士の姿をした死神の
08585ACC,isolated,1,claimed,lore,,,0801FB74,　妖魔　　　：アプサラス/　出身地　　：インド/インドラの元に住むという
08585AE0,isolated,1,claimed,lore,,,0801F33C,　女神　　　：スクルド/　出身地　　：北欧/運命の女神ノルン三姉妹の末の
08585AF4,isolated,1,claimed,lore,,,0801FFBE,　妖精　　　：エルフ/　出身地　　：西欧諸国/山野に住む妖精。··スコッ
08585B08,isolated,1,claimed,lore,,,0801F6C0,　女神　　　：クシナダヒメ/　出身地　　：日本/足名椎、手名椎の娘であり
08585B1C,isolated,1,claimed,lore,,,0801F458,　女神　　　：ヴェルザンディ/　出身地　　：北欧/運命の女神ノルン三姉妹
08585B30,isolated,1,claimed,lore,,,0801FC8E,　妖鬼　　　：イバラギドウジ/　出身地　　：日本/シュテンドウジが従える
08585B44,isolated,1,claimed,lore,,,0801F7D6,　魔獣　　　：パスカル/　出身地　　：日本/トウキョウ大破壊を生延びて霊
08585B58,isolated,1,claimed,lore,,,0801F57A,　女神　　　：ウルズ/　出身地　　：北欧/運命の女神ノルン三姉妹の長女。
08585B6C,isolated,1,claimed,lore,,,080200A8,　竜王　　　：ユルング/　出身地　　：オーストラリア/虹色の体を持ち、レ
08585B80,isolated,1,claimed,lore,,,0801FA46,　霊鳥　　　：タクヒ/　出身地　　：中国/中国の次之山に住むといわれる妖
08585B94,isolated,1,claimed,lore,,,0801FDD4,　邪神　　　：アモン/　出身地　　：エジプト/地獄の悪霊四十軍団を率いる
08585BA8,isolated,1,claimed,lore,,,0801FEDC,　妖精　　　：デュラハーン/　出身地　　：アイルランド/自分の首を脇に抱
08585BBC,isolated,1,claimed,lore,,,0802019E,　邪竜　　　：ミズガルズオルム/　出身地　　：北欧/ロキと巨人族の女アン
08585BD0,isolated,1,claimed,lore,,,0801F8F8,　魔獣　　　：パスカル/　出身地　　：日本/魔獣パスカルが大破壊後の荒廃
08585BE4,isolated,1,claimed,lore,,,080202FE,　堕天使　　：サルガタナス/　出身地　　：イスラエル/アスタロトの直属の
08585BF8,isolated,1,claimed,lore,,,08020440,　魔王　　　：メフィスト/　出身地　　：ドイツ/ゲーテの『ファウスト』に
08585C0C,isolated,1,claimed,lore,,,08020552,　魔王　　　：アスモデウス/　出身地　　：イスラエル/ソロモンの七二柱の
08585C20,isolated,1,claimed,lore,,,08020678,　魔王　　　：サタナキア/　出身地　　：イスラエル/地獄の大将を務めてい
085861CC,isolated,1,UNCLAIMED,,leak-risk,link_comm,08009AEA,Demo
085861D4,isolated,1,UNCLAIMED,,leak-risk,link_comm,08009AF4,Title
085861E4,isolated,1,UNCLAIMED,,leak-risk,,08009B06,ヴァーチャルバトラー
085861EC,isolated,1,UNCLAIMED,,noise,,08009B1C,Shop
085861F4,isolated,1,UNCLAIMED,,leak-risk,,08009B26,3D：ヴァルハラ
085861FC,isolated,1,UNCLAIMED,,noise,,08009B38,Neutral
08586204,isolated,1,UNCLAIMED,,leak-risk,,08009B48,2D：フィールド
0858621C,isolated,1,UNCLAIMED,,noise,,08009B68,Level　Up
08586224,isolated,1,UNCLAIMED,,MISSING,,08009B7A,記憶回復
0858622C,isolated,1,UNCLAIMED,,MISSING,,08009B84,3D：センター
0858623C,isolated,1,UNCLAIMED,,MISSING,,08009B9C,邪教の館
08586244,isolated,1,UNCLAIMED,,MISSING,,08009BA6,悪魔合体
0858624C,isolated,1,UNCLAIMED,,leak-risk,,08009BB0,2D：セイレーン
08586254,isolated,1,UNCLAIMED,,MISSING,,08009BC2,3D：地下世界
0858625C,isolated,1,UNCLAIMED,,MISSING,,08009BD2,中ボス戦闘
08586264,isolated,1,UNCLAIMED,,noise,,08009BDE,Chaos
08586274,isolated,1,UNCLAIMED,,noise,,08009BF2,Terminal
0858627C,isolated,1,UNCLAIMED,,noise,,08009C04,Disco
08586284,isolated,1,UNCLAIMED,,leak-risk,lore,08009C10,2D：魔界
0858628C,isolated,1,UNCLAIMED,,leak-risk,lore,08009C1C,3D：魔界
08586294,isolated,1,UNCLAIMED,,leak-risk,lore,08009C28,ヒロイン
0858629C,isolated,1,UNCLAIMED,,leak-risk,lore,08009C32,大ボス戦闘
085862A4,isolated,1,UNCLAIMED,,leak-risk,lore,08009C3E,ゲームオーバー
085886AC,isolated,1,claimed,story,,,0806EB08,て/もらったんだぜえ··クロウリー様　死んだら/オレも　死ぬよ·
08588B04,isolated,1,UNCLAIMED,,leak-risk,story,08050C14,·”綜九
08588CA0,isolated,1,claimed,story,,,08060ADE,/魔界に生きる　悪魔と呼ばれて/きた我らも　ひとしく/消されるだろう··
08589680,isolated,1,claimed,negotiate_status,,,080A0E10,りになった··□
08589834,isolated,1,claimed,story,,,08082920,3体と後街3体/の計6体で構成される··前街は敵に狙われやすいのですが/
08589AE0,isolated,1,claimed,story,,,0802BF40,せしめるのでしょう···÷ユ□·、ョ□大天使：/さぁ？··そこまでは何と
08589CA8,table,5,claimed,bank_exchange,,,0800975E,EXCHANGE＞ћ/「マッカ」
08589CAC,table,5,claimed,bank_exchange,,,08009780,EXCHANGE＞M/「マグネタイト」
08589CB0,table,5,claimed,bank_exchange,,,080097A8,EXCHANGE＞I/「アイテム」
08589CB4,table,5,claimed,bank_exchange,,,080097CC,EXCHANGE＞D/「悪魔」
08589CB8,table,5,claimed,bank_exchange,,,080097EC,EXCHANGE＞T/「交換」
0858B250,table,14,claimed,link_comm,,,08009824,通信の準備ができていません/通信□境を確認して/再度実行してください
0858B254,table,14,claimed,link_comm,,,0800986A,ERROR！/通信エラーが発生しました！
0858B258,table,14,claimed,link_comm,,,08009894,数が多いので交換できません！
0858B25C,table,14,claimed,link_comm,,,080098B2,通信相手にキャンセルされました
0858B260,table,14,claimed,link_comm,,,080098E6,ERROR！/交換する金額が多すぎるため/交換できません
0858B264,table,14,claimed,link_comm,,,08009920,ERROR！/交換するマグが多すぎるため/交換できません
0858B268,table,14,claimed,link_comm,,,0800995A,ERROR！/交換するアイテム数が多すぎるため/交換できません
0858B26C,table,14,claimed,link_comm,,,0800999A,ERROR！/交換する悪魔がすでに存在するため/交換できません
0858B270,table,14,claimed,link_comm,,,080099DA,交換できませんでした/それぞれの項目を確認してください
0858B274,table,14,claimed,link_comm,,,08009A12,ERROR！/仲魔の悪魔が多すぎるため/交換できません
0858B278,table,14,claimed,link_comm,,,080098D2,キャンセルしました
0858B27C,table,14,claimed,link_comm,,,08009A4A,通貨が違うため/1マッカを￥12.5と換算します
0858B280,table,14,claimed,link_comm,,,08009A7C,ERROR！/悪魔のレベルが高すぎるため/交換できません
0858B284,table,14,claimed,link_comm,,,08009AB6,ERROR！/交換できない悪魔が/選択されています
0858E130,isolated,1,claimed,dialogue,,,08090D0C,るぜェ！
0858EFE8,isolated,1,claimed,story,,,0807090A,ウの守り神　平将門公は/その身体を6つに/引き裂かれたのだ··大和神族の
0859107C,isolated,1,claimed,story,,,0809090A,も死んで　仲魔になろれ！
08591194,isolated,1,claimed,story,,,08090808,り　にぎやかな方が/いいわね
08591658,isolated,1,claimed,story,,,08070606,行くと/イェツラー回廊の入□がある··ネツァクと　ホドと/ティフェレトに
0859185C,isolated,1,claimed,story,,,0808090A,ね返されてしまい非常に/危険だよ··相手の特性だけには気を付けて/おくよ
0859196C,isolated,1,claimed,story,,,0808090A,ね返されてしまい非常に/危険だよ··相手の特性だけには気を付けて/おくよ
08591D48,isolated,1,claimed,story,,,0809090A,も死んで　仲魔になろれ！
08591E04,isolated,1,claimed,story,,,08080706,てるね··特技には通常攻撃のものと/追加効果をもつものとがある··種類に
08591FF0,isolated,1,claimed,story,,,08070606,行くと/イェツラー回廊の入□がある··ネツァクと　ホドと/ティフェレトに
085922DC,isolated,1,claimed,story,,,08050300,でしたら/私からオベロン様に/魔法を解いてくれるよう/お願いしてもいいん
08592728,isolated,1,claimed,story,,,08060402,だった奴ですら/私を　のけ者にしやがる·
085927D0,isolated,1,claimed,story,,,0808090A,ね返されてしまい非常に/危険だよ··相手の特性だけには気を付けて/おくよ
08592F8C,isolated,1,claimed,story,,,08080808,で戦闘時/に行動を実行すると以後AUTO/戦闘を行った時にそれが実行され
08593090,isolated,1,claimed,story,,,0803F50A,吟ルイ・サイファー：/·君/アバドンなら　地下世界には/いないよ··セン
0859317C,isolated,1,claimed,story,,,0804FD0E,：/来たな！·/·　今度こそ/おまえの邪魔をしてやる！··今度は　おまえ
0859344C,isolated,1,claimed,dialogue,,,080903F6,　しようと……/すまながったあ……/こででも　持っていっでくでえ
08594500,isolated,1,claimed,dialogue,,,080903FE,と……/すまながったあ……/こででも　持っていっでくでえ
08594730,isolated,1,claimed,story,,,0802131A,、ロ□·≠〜□□：/う・・・う・・・···＝ロ□·。〜□科学者：/よし　
08595204,isolated,1,claimed,story,,,08040506,い/飲み込んだ物を　無にしてしまう/ヤツ自体が　無になってしまった··こ
085953F0,isolated,1,claimed,story,,,08050B06,げていった··人間よ　まずパックをつかまえて/”□”を/手に入れるのだ　
08595698,isolated,1,claimed,story,,,08021016,・・・・・·
085956D4,isolated,1,claimed,story,,,0806090C,として/つかわされた　サタンなのか？·/それを　確かめるため/来てもらっ
08595888,isolated,1,claimed,story,,,0803070C,·≠］□ミュータント長老：/やめておきなさい··もめ事を起こして戦いにな
08595AB4,isolated,1,claimed,lore,,,08010D0A,と書き、「大山に住む」という/意味を持つ。··伊邪那岐命（イザナギノミコ
08596110,isolated,1,claimed,story,,,08070300,□□□＞·は/何か　落としていった··”□”を手に入れた··“
08596160,isolated,1,claimed,dialogue,,,080A0800,願い聞いてくれる？
08596454,isolated,1,claimed,battle_taunts,,,080A130E,を　さし置くとは！！··□
08596644,isolated,1,claimed,story,,,08090B0C,出を　ありがとう
08596798,isolated,1,claimed,dialogue,,,080A0604,/つり合うわけないじゃん！
08596834,isolated,1,claimed,story,,,08080208,れば　戦闘を有利/に進めることができるよ··ステータス異常はこんなカンジ
08596980,isolated,1,claimed,dialogue,,,0808FFFE,ら行っでやぐよ
085969E4,isolated,1,claimed,story,,,08060302,おそわれました··私の命より/教会を壊されたのが/残念でなりません·
08596BD4,isolated,1,claimed,lore,,,0801030A,護/神。··名は「偉大なる者」の意味を持つ。/姿は人間の乳房とライオンの
085972D0,isolated,1,claimed,story,,,0808060A,を有利に進める/ことができるよ··回復魔法はMPを消費して味方の/HPを
08597FC4,isolated,1,claimed,story,,,08080C0A,してね···□句·防具の中には特定の攻撃に対する/防御相性を持つものがあ
08598988,isolated,1,claimed,lore,,,0801110A,として知ら/れている。··恩寵の天使であり、奇跡の形で神の/力を人間に授
08598F08,isolated,1,claimed,story,,,0803FC0A,入□/ケセドとゲブラーへ行けるわ··そこから少し行って南にまがると/イェ
085996F8,isolated,1,claimed,story,,,080A1D16,がり　基礎能力値が/ランダムで1下がってしまいます/··ではがんばってく
08599A18,isolated,1,claimed,lore,,,08020604,使。··旧約聖書外典『トビト書』に記述が/みられ、大天使ラファエルの助言
08599C34,isolated,1,claimed,lore,,,080108F2,司っている。··タケミナカタに征服され、海で自殺/したとも、逃げたとも、
0859A28C,isolated,1,claimed,dialogue,,,08091708,□マッカ/イタダキタイ
0859A4B0,isolated,1,claimed,story,,,0804FD16,な！·/·　今度こそ/おまえの邪魔をしてやる！··今度は　おまえにダメー
0859B238,isolated,1,claimed,story,,,0803FA08,、·、I怖
0859BB38,isolated,1,claimed,story,,,0802FBFE,・・/□♪そうではないというのか？··ふむ・・・/□∈これほど厄介な男に
0859C5F0,isolated,1,claimed,story,,,08020A0C,うだ··何かとてつもないことを/始めようとしているのかも/知れない··そ
0859CDD0,isolated,1,claimed,story,,,0807FD10,ができる··・攻撃力/敵に与えるダメージの大小を表す/数値だよ　この数値
0859D878,isolated,1,claimed,dialogue,,,080A090C,心　分るまい
0859DB54,isolated,1,claimed,story,,,0808FE08,いう意味だ
0859DCE4,isolated,1,claimed,story,,,0804FA00,言われてるのよぉ/オォーッホッホッホ/言われてんだよぉ/ヒィーッヒッヒッ
0859DCF4,isolated,1,claimed,story,,,0809070C,　いらっしゃーイ❤︎⁠
0859DE04,isolated,1,claimed,story,,,08070602,東に行くと/イェツラー回廊の入□がある··ネツァクと　ホドと/ティフェレ
0859DF28,isolated,1,claimed,story,,,08050606,ロン様に/お願いしてみましょう··（
0859E004,isolated,1,UNCLAIMED,,MISSING,,08050904,·（春九·∧□、高九·嫉九·∨□、鵠九·嫉九·﹁□、恨九·嫉九·⇒□、査
0859E684,isolated,1,claimed,story,,,08030806,＝﹁□ミュータント長老：/戦えば負けるのはわしらじゃ··しかしセンター側
0859FC20,isolated,1,claimed,story,,,08071106,/□を手に入れた·
0859FD9C,isolated,1,claimed,story,,,08080702,持ってるね··特技には通常攻撃のものと/追加効果をもつものとがある··種
085A0994,isolated,1,claimed,dialogue,,,080A060A,合うわけないじゃん！
085A0F58,isolated,1,claimed,story,,,08060906,裁く者として/つかわされた　サタンなのか？·/それを　確かめるため/来て
085A113C,isolated,2,claimed,story,,,0809080A,　にぎやかな方が/いいわね
085A1140,isolated,2,claimed,story,,,08070908,ョウの守り神　平将門公は/その身体を6つに/引き裂かれたのだ··大和神族
085A12DC,isolated,1,claimed,story,,,08050506,んです·
085A1328,isolated,1,claimed,story,,,08070808,だな……··…地下世界に来た人間か…/1つ頼み事を聞いてくれんか？/·涜
085A1700,isolated,1,claimed,story,,,08050806,·…そういえば/同じようなピラーが/ファクトリーの発掘現場から/出てきた
085A18BC,isolated,1,claimed,story,,,08090708,っち　いらっしゃーイ❤︎⁠
085A18C8,isolated,1,claimed,story,,,08080B08,攻撃を避けやすくなるわ··・相性/特定の攻撃に対する耐性を/表してるの　
085A1CB0,isolated,1,claimed,story,,,08060608,/·N英倶·煙倶やあ　また会ったね/·君··ここで　会うことに/なるとは
085A1D80,isolated,2,claimed,story,,,08060808,いた物で/私が手を下さずとも/いずれ神が裁きを下すであろうと/見物してい
085A1D84,isolated,2,claimed,story,,,08090708,っち　いらっしゃーイ❤︎⁠
085A1F6C,isolated,1,claimed,story,,,08060806,むいた物で/私が手を下さずとも/いずれ神が裁きを下すであろうと/見物して
085A2994,isolated,1,claimed,lore,,,0800F9F4,明星の神としても崇められたが、/兄のテスカトリポカによって追放さ/れる。
085A32F4,isolated,1,claimed,story,,,0808090A,ね返されてしまい非常に/危険だよ··相手の特性だけには気を付けて/おくよ
085A33A0,isolated,1,claimed,story,,,08080804,ンドで戦闘時/に行動を実行すると以後AUTO/戦闘を行った時にそれが実行
085A3B60,isolated,1,claimed,story,,,0802F9EE,れんぞ！··・・・・・・/□♪それでもだめかっ！··おまえは隣にいる者を
085A4660,isolated,1,claimed,story,,,08080500,力を/あげても意味はないよ··戦闘時の用途別で装備を/揃えような··また
085A4710,isolated,1,claimed,story,,,08090908,前も死んで　仲魔になろれ！
085A4870,isolated,1,claimed,story,,,080A0C10,　アイテムがいっぱいだ··□
085A4A58,isolated,1,claimed,story,,,08050404,したか……·
085A5C90,isolated,1,claimed,story,,,08040408,きたみたい/だぜ··ミレニアムのヴァルハラ・エリア/を飲み込んでから　し
085A6528,isolated,1,claimed,lore,,,0800F6EC,支配者。/文字や宗教、土地の区画を開発して/文化に貢献した英雄として崇め
085A6B80,isolated,1,claimed,story,,,08070604,に行くと/イェツラー回廊の入□がある··ネツァクと　ホドと/ティフェレト
085A7004,isolated,1,claimed,story,,,080501FA,はいろんなクスリを売る/お店なんですけど……··そ　その　最近いろいろ/
085A7A18,isolated,1,claimed,lore,,,0800F7F0,東方を守護する。··名は「青竜」と書く。青い竜の姿を/していて出世と成功
085A7BD0,isolated,1,claimed,lore,,,0800FDFE,あり、金星の女神でもある。··夫である穀物神タンムズを追い、冥/界を訪れ
085A9C68,isolated,1,claimed,story,,,08060300,/おそわれました··私の命より/教会を壊されたのが/残念でなりません·
085AA6D8,isolated,1,claimed,story,,,08090706,こっち　いらっしゃーイ❤︎⁠
085ABB70,isolated,1,claimed,story,,,080602FE,も/おそわれました··私の命より/教会を壊されたのが/残念でなりません·
085ABDD0,isolated,1,claimed,story,,,0803FCF6,が開まってて　入れないし/……·一体　どうなってるのよ？·□、·、K怖
085AD138,isolated,1,claimed,story,,,08090808,り　にぎやかな方が/いいわね
085AD17C,isolated,1,claimed,story,,,08080706,てるね··特技には通常攻撃のものと/追加効果をもつものとがある··種類に
085AD324,isolated,1,claimed,story,,,08050300,でしたら/私からオベロン様に/魔法を解いてくれるよう/お願いしてもいいん
085ADD88,isolated,1,claimed,story,,,080A0C0E,し　アイテムがいっぱいだ··□
085AE40C,isolated,1,claimed,story,,,08080808,で戦闘時/に行動を実行すると以後AUTO/戦闘を行った時にそれが実行され
085AE4F8,isolated,1,claimed,story,,,08070606,行くと/イェツラー回廊の入□がある··ネツァクと　ホドと/ティフェレトに
085AE628,isolated,1,claimed,story,,,08060504,/来たから相手に　しねぇゼ··ジジイだから/話合わねぇしよぉ··太った男
085AEAF4,isolated,1,claimed,story,,,08060504,/来たから相手に　しねぇゼ··ジジイだから/話合わねぇしよぉ··太った男
085AED14,isolated,2,claimed,story,,,0809090A,も死んで　仲魔になろれ！
085AED18,isolated,2,claimed,story,,,08080808,で戦闘時/に行動を実行すると以後AUTO/戦闘を行った時にそれが実行され
085AEDC8,isolated,1,claimed,story,,,08060504,/来たから相手に　しねぇゼ··ジジイだから/話合わねぇしよぉ··太った男
085AEF9C,isolated,1,claimed,story,,,0809090A,も死んで　仲魔になろれ！
085AF1A0,isolated,1,claimed,story,,,08050200,んなクスリを売る/お店なんですけど……··そ　その　最近いろいろ/いそが
085AF50C,isolated,1,claimed,story,,,08080706,てるね··特技には通常攻撃のものと/追加効果をもつものとがある··種類に
085AFA48,isolated,1,claimed,story,,,08050200,んなクスリを売る/お店なんですけど……··そ　その　最近いろいろ/いそが
085AFCA4,isolated,1,claimed,story,,,08080706,てるね··特技には通常攻撃のものと/追加効果をもつものとがある··種類に
085AFE5C,isolated,1,claimed,story,,,08080706,てるね··特技には通常攻撃のものと/追加効果をもつものとがある··種類に
085B0130,isolated,1,claimed,story,,,08070606,行くと/イェツラー回廊の入□がある··ネツァクと　ホドと/ティフェレトに
085B0150,isolated,1,claimed,story,,,08090B0C,出を　ありがとう
085B05CC,isolated,1,claimed,story,,,08060402,だった奴ですら/私を　のけ者にしやがる·
085B0ECC,isolated,1,claimed,story,,,08080808,で戦闘時/に行動を実行すると以後AUTO/戦闘を行った時にそれが実行され
085B15DC,isolated,1,claimed,story,,,08070606,行くと/イェツラー回廊の入□がある··ネツァクと　ホドと/ティフェレトに
085B1980,isolated,1,claimed,story,,,08070606,行くと/イェツラー回廊の入□がある··ネツァクと　ホドと/ティフェレトに
085B1B68,isolated,1,claimed,story,,,08070604,に行くと/イェツラー回廊の入□がある··ネツァクと　ホドと/ティフェレト
085B1BC0,isolated,1,claimed,story,,,080A0C0E,し　アイテムがいっぱいだ··□
085B1C5C,isolated,1,claimed,story,,,08060504,/来たから相手に　しねぇゼ··ジジイだから/話合わねぇしよぉ··太った男
085B1D24,isolated,1,claimed,story,,,08070604,に行くと/イェツラー回廊の入□がある··ネツァクと　ホドと/ティフェレト
085B1E94,isolated,1,claimed,story,,,0809090A,も死んで　仲魔になろれ！
085B1F84,isolated,1,claimed,story,,,08080808,で戦闘時/に行動を実行すると以後AUTO/戦闘を行った時にそれが実行され
085B2874,isolated,1,claimed,dialogue,,,080A0B0C,あら　/それじゃ　仕方ないわね
085B2B08,isolated,1,claimed,story,,,08090B0C,出を　ありがとう
085B2CE8,isolated,1,claimed,story,,,08080808,で戦闘時/に行動を実行すると以後AUTO/戦闘を行った時にそれが実行され
085B2CF0,isolated,1,claimed,story,,,08080808,で戦闘時/に行動を実行すると以後AUTO/戦闘を行った時にそれが実行され
085B2DD4,isolated,1,claimed,story,,,0808090A,ね返されてしまい非常に/危険だよ··相手の特性だけには気を付けて/おくよ
085B2E14,isolated,1,claimed,story,,,08070606,行くと/イェツラー回廊の入□がある··ネツァクと　ホドと/ティフェレトに
085B2F8C,isolated,1,claimed,story,,,08060402,だった奴ですら/私を　のけ者にしやがる·
085B2FF0,isolated,2,claimed,story,,,08080808,で戦闘時/に行動を実行すると以後AUTO/戦闘を行った時にそれが実行され
085B2FF4,isolated,2,claimed,story,,,08080808,で戦闘時/に行動を実行すると以後AUTO/戦闘を行った時にそれが実行され
085B30B4,isolated,1,claimed,story,,,08080808,で戦闘時/に行動を実行すると以後AUTO/戦闘を行った時にそれが実行され
085B30E8,isolated,1,claimed,story,,,08080808,で戦闘時/に行動を実行すると以後AUTO/戦闘を行った時にそれが実行され
085B32D0,isolated,3,claimed,story,,,08080808,で戦闘時/に行動を実行すると以後AUTO/戦闘を行った時にそれが実行され
085B32D4,isolated,3,claimed,story,,,08080808,で戦闘時/に行動を実行すると以後AUTO/戦闘を行った時にそれが実行され
085B32D8,isolated,3,claimed,story,,,08080808,で戦闘時/に行動を実行すると以後AUTO/戦闘を行った時にそれが実行され
085B32F8,isolated,1,claimed,story,,,08090B0C,出を　ありがとう
085B348C,isolated,1,claimed,story,,,08080808,で戦闘時/に行動を実行すると以後AUTO/戦闘を行った時にそれが実行され
085B35B0,isolated,1,claimed,story,,,08090B0C,出を　ありがとう
085B37B4,isolated,1,claimed,story,,,08060402,だった奴ですら/私を　のけ者にしやがる·
085B3A5C,isolated,1,claimed,story,,,08060300,/おそわれました··私の命より/教会を壊されたのが/残念でなりません·
085B3C98,isolated,1,claimed,story,,,080A0C0E,し　アイテムがいっぱいだ··□
085B3F44,isolated,1,claimed,story,,,0808090A,ね返されてしまい非常に/危険だよ··相手の特性だけには気を付けて/おくよ
085B7770,isolated,1,claimed,story,,,08050806,·…そういえば/同じようなピラーが/ファクトリーの発掘現場から/出てきた
085B928C,isolated,1,claimed,story,,,080801EC,ステータス異常/を引き起こせれば　戦闘を有利/に進めることができるよ··
085B97D0,isolated,1,claimed,story,,,080609F8,事だ··セトは　かつて倒された/サタンの半身で/神によって封印されている
085BA1B0,isolated,1,UNCLAIMED,,noise,,0816060C,□□'’々“、、
085BA420,isolated,1,claimed,story,,,080401D8,から/気づかないフリをするのが/エチケットってもんだよ·□□·□O□
085BAAEC,isolated,1,claimed,story,,,0803FE06,□ガイコツ男：/ベリアー回廊　入□の所に/変な女が　いたぜ·□□·□O□
085BACE4,isolated,1,claimed,lore,,,080107F2,（ヤソカミ）達にたびた/び殺されるが、そのたびに高天原の/神の助けで蘇え
085BBB48,isolated,1,claimed,story,,,0806F5F8,　·と/仲よく　くらしてるわ/メデタシ　メデタシ　ってわけネ·
085BD558,isolated,1,claimed,story,,,080615F6,まねいたか··その目で/よく見ておくことだな……··□□□§·
085BDCCC,isolated,1,claimed,lore,,,0801053E,神　　：タケミナカタ/　出身地　　：日本/オオクニヌシの息子である荒ぶる
085C05C4,isolated,1,claimed,lore,,,080101F0,ヤクシニーで、自分の五/百人（一説には千人）の子を養う為/に人間の子供を
085C10FC,isolated,1,claimed,lore,,,08020108,呼ばれた蛇神。··オーストラリアの原住民、アボリジ/ニの神。大いなる力を
085C165C,isolated,1,claimed,story,,,0807F80E,しましょう···□句·攻撃魔法はMPを消費して敵に/ダメージを与えたり/
085C1BC8,isolated,2,claimed,lore,,,0800FDF8,の娘であり、金星の女神でもある。··夫である穀物神タンムズを追い、冥/界
085C1BCC,isolated,2,claimed,story,,,0807F9F8,類によりHPかMPを/消費します··効果的な追加効果を持つ特技を/戦闘で
085C272C,isolated,1,claimed,story,,,08060A04,は　かつて倒された/サタンの半身で/神によって封印されている··セトが目
085C32E8,isolated,1,claimed,story,,,0803EEFA,なったら/ミレニアム全ての人が　生きて/いけなくなる··……それにおれは
085C33E4,isolated,1,claimed,story,,,08041604,達/の身体に　力が　満たされた··□〆□□·□
085C36C8,isolated,1,claimed,lore,,,0801FF08,イルランド/自分の首を脇に抱えた騎士の姿をし/た妖精。··コシュタ・バワ
085C407C,isolated,1,claimed,story,,,08050108,かけて…·/わ　私　あ　アヌーンと/いいます…···私に　ほれさせるはず
085C41E4,isolated,1,claimed,dialogue,,,080922EE,悪りィなあ………··ついでに　俺のケツでもなめろ！
085C4860,isolated,1,claimed,story,,,080604F2,やがって　アッタマ/来たから相手に　しねぇゼ··ジジイだから/話合わねぇ
085C489C,isolated,1,claimed,story,,,08030804,·＝﹁□ミュータント長老：/戦えば負けるのはわしらじゃ··しかしセンター
085C4B28,isolated,1,claimed,story,,,08020908,の治療が/遅れ　妻は・・・··私は物理学者として進んでいた/道を　妻のよ
085C4BF4,isolated,1,claimed,story,,,0805F8EE,してから/また来ておくれ···□九元鑑定屋：/メモリーの空きが無い/仲魔
085C4C0C,isolated,1,claimed,story,,,0805FDFA,得る者のようだ··自らの悪行をわきまえ/忘れるでないぞ··⇔·'
085C4D94,isolated,1,claimed,lore,,,0801F1FA,いる。·
085C4DE8,isolated,1,claimed,lore,,,080206F4,、アスタロ/トに仕える六柱の上級魔神の一柱。··『グラン・グリモア』に記
085C5210,isolated,1,claimed,story,,,080507FA,物になった··…そういえば/同じようなピラーが/ファクトリーの発掘現場か
085C5220,isolated,1,claimed,lore,,,080106F8,チノカミ）/と書く。··八千矛命（ヤチホコノミコト）顕国/玉神（ウツシク
085C5398,isolated,1,claimed,dialogue,,,0809FEF6,　殺す気ね？
085C54B4,isolated,1,claimed,story,,,080602F8,ン教会も/おそわれました··私の命より/教会を壊されたのが/残念でなりま
085C5550,isolated,1,claimed,story,,,0807F7F8,た武器もある/ので注意しましょう···□句·攻撃魔法はMPを消費して敵に
085C5D24,isolated,1,claimed,story,,,0803FBF0,東へ行くと　ベリアー回廊の入□/ケセドとゲブラーへ行けるわ··そこから少
085C5FD0,isolated,1,claimed,story,,,08030306,よい··それによりお前のことは・・・··時が来たら神に□添えをしよう··
085C640C,isolated,1,claimed,story,,,0807F8F6,Pを回復したりステータス異常/から復帰させるものです··ボス戦などで戦闘
085C6568,isolated,1,claimed,lore,,,0801FE00,/地獄の悪霊四十軍団を率いる「炎の/候爵」といわれる厳格な候爵。··名は
085C680C,isolated,1,claimed,story,,,0805FDFC,る者のようだ··自らの悪行をわきまえ/忘れるでないぞ··⇔·'
085C6824,isolated,1,claimed,story,,,0803FEF6,力でイェソドからここへ/来たみたいだねえ　感心感心··N□.·.□□
085C6858,isolated,1,claimed,story,,,0802FF04,翼を駆って大空を/自由に飛び回っていた/あの頃・・・··あの姿に比べたら
085CB948,isolated,1,claimed,story,,,0806F7E8,れば/ミレニアムを壊せる　って言う/ヤツもいるけど/どう思う？·
085CDD00,isolated,1,claimed,story,,,08070704,って？·
085CDF20,isolated,1,claimed,story,,,0803F9F2,ょに/暮らしてるよ·□、·、I怖
085CF75C,isolated,1,claimed,story,,,0807F9E8,のがあり/··種類によりHPかMPを/消費します··効果的な追加効果を持
085D1490,isolated,1,claimed,story,,,0805FFF6,たには二度と/会えない··でも　もう一度あなたに会えて/もう一度あなたの
085D153C,isolated,1,claimed,story,,,08040304,ほらぁ　あたしが言った通り/セトは　復活したでしょ/でもどこへ飛んでいっ
085D1628,isolated,1,claimed,story,,,0803FCF4,門が開まってて　入れないし/……·一体　どうなってるのよ？·□、·、K怖
085D1ED4,isolated,1,claimed,story,,,0803FAEC,/今後ともよろしく……···□吟ルイ・サイファー：/こんなところで会うと
085D602C,isolated,1,claimed,dialogue,,,08090C10,かるい！
085D6604,isolated,1,claimed,story,,,08070B12,将門公は　バラバラに引き裂かれ/国津神達も　この地下世界の/ほこらに封印
085D67DC,isolated,1,claimed,story,,,08030B06,□様/あれは反逆者です··センターのいうことを/聞かないので/収容所に開
085D6854,isolated,1,claimed,story,,,08030B06,□様/あれは反逆者です··センターのいうことを/聞かないので/収容所に開
085D6B08,isolated,1,claimed,dialogue,,,08040F16,は　誰もいない
085D7160,isolated,1,claimed,story,,,0802FAFA,・/おまえはワシの姿がいやなのか？··おまえはワシを醜いからといって/無
085D7DFC,isolated,1,claimed,story,,,08030B08,様/あれは反逆者です··センターのいうことを/聞かないので/収容所に開じ
085D7E6C,isolated,1,claimed,dialogue,,,08090E12,どうなっとるんじゃあ！
085D7F80,isolated,1,claimed,story,,,080402FC,の女：/ほらぁ　あたしが言った通り/セトは　復活したでしょ/でもどこへ飛
085D7FF8,isolated,1,claimed,story,,,080402FC,の女：/ほらぁ　あたしが言った通り/セトは　復活したでしょ/でもどこへ飛
085D8084,isolated,1,claimed,story,,,08070A04,魔の群れが大和にも現れ/混乱をまき起こすと/国津神達は　好機と考えた··
085D8164,isolated,2,claimed,story,,,08050304,たら/私からオベロン様に/魔法を解いてくれるよう/お願いしてもいいんです
085D8168,isolated,2,claimed,dialogue,,,080A080A,くれる？
085D82A8,isolated,1,claimed,story,,,08060B0C,としく/消されるだろう··私は　魔界の王··このまま何もせず/死を待つわ
085D8320,isolated,1,claimed,story,,,08060B0C,としく/消されるだろう··私は　魔界の王··このまま何もせず/死を待つわ
085D84E0,isolated,1,claimed,story,,,08040100,回廊は　通れないな·□。·。I□
085D8558,isolated,1,claimed,story,,,08030200,÷□□·、□□ミカエル：/信じる信じないは勝手だ　と/何度も言っている·
085D8828,isolated,1,claimed,story,,,08060400,分だった奴ですら/私を　のけ者にしやがる·
085D88DC,isolated,1,claimed,story,,,08060606,：/·N英倶·煙倶やあ　また会ったね/·君··ここで　会うことに/なると
085D8BA0,isolated,1,claimed,story,,,08060502,マ/来たから相手に　しねぇゼ··ジジイだから/話合わねぇしよぉ··太った
085D8BDC,isolated,1,claimed,story,,,08060502,マ/来たから相手に　しねぇゼ··ジジイだから/話合わねぇしよぉ··太った
085D8E70,isolated,1,claimed,story,,,08060406,た奴ですら/私を　のけ者にしやがる·
085D8F24,isolated,1,claimed,story,,,08060406,た奴ですら/私を　のけ者にしやがる·
085DBB08,isolated,1,claimed,story,,,08050602,オベロン様に/お願いしてみましょう··（
085DC5AC,isolated,1,claimed,story,,,08060306,われました··私の命より/教会を壊されたのが/残念でなりません·
085DC92C,isolated,1,claimed,story,,,08070B0E,··将門公は　バラバラに引き裂かれ/国津神達も　この地下世界の/ほこらに
085DC9F8,isolated,1,claimed,story,,,08040408,きたみたい/だぜ··ミレニアムのヴァルハラ・エリア/を飲み込んでから　し
085DCC74,isolated,1,claimed,lore,,,0800FBFE,ルヴァティの怒り/の化身で、破壊と殺戮の女神。··名は「黒い者」という意
085DCD8C,isolated,1,claimed,story,,,08050306,ら/私からオベロン様に/魔法を解いてくれるよう/お願いしてもいいんですけ
085DD234,isolated,1,claimed,story,,,08080704,ってるね··特技には通常攻撃のものと/追加効果をもつものとがある··種類
085DD56C,isolated,1,claimed,story,,,08050404,したか……·
085DDE5C,isolated,1,claimed,story,,,0806FD04,じゃないぞ…···本当だぞ！·
085DDE64,isolated,1,claimed,lore,,,08020004,ットランドが発祥とされ、その/姿は美しい娘であるが、背中に窪み/や、長い
085DDF4C,isolated,1,claimed,negotiate_status,,,080A0E0A,/金縛りになった··□
085DDF64,isolated,1,claimed,story,,,08080E06,破魔の攻撃を完全防御する/わ··また　手技・足技・飛技による/ダメージを
085DE044,isolated,2,claimed,story,,,08080200,き起こせれば　戦闘を有利/に進めることができるよ··ステータス異常はこん
085DE048,isolated,2,claimed,story,,,0802FD06,・・・・・・・・・・・・・·
085DE070,isolated,1,claimed,dialogue,,,08041000,：/いらっしゃい
085DE0A4,isolated,1,claimed,story,,,08040806,のかよ？·
085DE2F4,isolated,1,claimed,story,,,08080000,力が低くても回数が勝ること/で合計ダメージを大きくすること/が可能だよ·
085DE2FC,isolated,1,claimed,story,,,08060000,と/会えない··でも　もう一度あなたに会えて/もう一度あなたの役に立てて
085DE5BC,isolated,1,claimed,lore,,,08020404,を見せたり、記憶や本心を消/す能力を持つといわれている。·
085DE7D4,isolated,1,claimed,story,,,08080002,が低くても回数が勝ること/で合計ダメージを大きくすること/が可能だよ··
085DE804,isolated,1,claimed,story,,,0802FB00,まえはワシの姿がいやなのか？··おまえはワシを醜いからといって/無理矢理
085DEE2C,isolated,1,claimed,lore,,,08020004,ットランドが発祥とされ、その/姿は美しい娘であるが、背中に窪み/や、長い
085DF5F4,isolated,1,claimed,story,,,0802081A,ど/取れはしない··ましてや　子供のために割ける/時間などあるわけがない
085DF6C8,isolated,1,claimed,story,,,0806FB02,人づかいが荒くて/もうヘロヘロだぜ·
085E0D1C,isolated,1,claimed,story,,,08040A00,だ·□、·、I怖
085E15F8,isolated,1,claimed,story,,,08080706,てるね··特技には通常攻撃のものと/追加効果をもつものとがある··種類に
085E16E8,isolated,1,claimed,story,,,08060300,/おそわれました··私の命より/教会を壊されたのが/残念でなりません·
085E207C,isolated,1,claimed,story,,,0802FBF4,·・・・・・・/□♪そうではないというのか？··ふむ・・・/□∈これほど
085E2184,isolated,1,claimed,story,,,08090B0E,を　ありがとう
085E2A10,isolated,1,claimed,story,,,0802FCF6,·□｜□b・・・・・・・・・・・・・・・・·
085E2D08,isolated,1,claimed,story,,,08060504,/来たから相手に　しねぇゼ··ジジイだから/話合わねぇしよぉ··太った男
085E2DBC,isolated,1,claimed,story,,,0802FDFA,るからな··神に逆らい　天使から悪魔に/落とされたお前を知っているから/
085E2FDC,isolated,1,claimed,story,,,080A0C0E,し　アイテムがいっぱいだ··□
085E3528,isolated,1,claimed,story,,,08060504,/来たから相手に　しねぇゼ··ジジイだから/話合わねぇしよぉ··太った男
085E3AE4,isolated,1,claimed,story,,,08060504,/来たから相手に　しねぇゼ··ジジイだから/話合わねぇしよぉ··太った男
085E3BD8,isolated,1,claimed,story,,,08060404,った奴ですら/私を　のけ者にしやがる·
085E3DB8,isolated,1,claimed,story,,,08090B0E,を　ありがとう
085E40A0,isolated,1,claimed,story,,,08060504,/来たから相手に　しねぇゼ··ジジイだから/話合わねぇしよぉ··太った男
085E44AC,isolated,1,claimed,story,,,0802FEFA,··純白の翼を駆って大空を/自由に飛び回っていた/あの頃・・・··あの姿
085E4D6C,isolated,1,claimed,story,,,0803FEF8,でイェソドからここへ/来たみたいだねえ　感心感心··N□.·.□□
085E51C8,isolated,1,claimed,story,,,080A0C0E,し　アイテムがいっぱいだ··□
085E53BC,isolated,1,claimed,story,,,08060504,/来たから相手に　しねぇゼ··ジジイだから/話合わねぇしよぉ··太った男
085E542C,isolated,1,claimed,story,,,080A0C0E,し　アイテムがいっぱいだ··□
085E5884,isolated,1,claimed,story,,,08060504,/来たから相手に　しねぇゼ··ジジイだから/話合わねぇしよぉ··太った男
085E59E8,isolated,1,claimed,dialogue,,,080A0B0C,あら　/それじゃ　仕方ないわね
085E5E34,isolated,1,claimed,story,,,08090B0C,出を　ありがとう
085E5F34,isolated,1,claimed,story,,,08060504,/来たから相手に　しねぇゼ··ジジイだから/話合わねぇしよぉ··太った男
085E6028,isolated,1,claimed,story,,,08070604,に行くと/イェツラー回廊の入□がある··ネツァクと　ホドと/ティフェレト
085E61D0,isolated,1,claimed,story,,,0803FFFC,·□、·、K怖
085E6528,isolated,1,claimed,story,,,0803FFFC,·□、·、K怖
085E66D8,isolated,1,claimed,story,,,08060504,/来たから相手に　しねぇゼ··ジジイだから/話合わねぇしよぉ··太った男
085E6748,isolated,1,claimed,story,,,08090B0C,出を　ありがとう
085E678C,isolated,1,claimed,story,,,0803FFFC,·□、·、K怖
085E68A8,isolated,1,claimed,story,,,0804FEF8,ゴメン……··/じゃ　さよなら··□
085E693C,isolated,1,claimed,story,,,08060504,/来たから相手に　しねぇゼ··ジジイだから/話合わねぇしよぉ··太った男
085E711C,isolated,1,claimed,story,,,0803FFFC,·□、·、K怖
085E71E8,isolated,1,claimed,story,,,080A0C0E,し　アイテムがいっぱいだ··□
085E72CC,isolated,1,claimed,story,,,08060504,/来たから相手に　しねぇゼ··ジジイだから/話合わねぇしよぉ··太った男
085E73B4,isolated,1,claimed,story,,,08090B0C,出を　ありがとう
085E74A8,isolated,1,claimed,story,,,08090B0C,出を　ありがとう
085E7718,isolated,1,claimed,story,,,08070604,に行くと/イェツラー回廊の入□がある··ネツァクと　ホドと/ティフェレト
085E7A64,isolated,1,claimed,story,,,08090B0C,出を　ありがとう
085E7CC8,isolated,1,claimed,dialogue,,,080A0B0C,あら　/それじゃ　仕方ないわね
085E7E38,isolated,1,claimed,story,,,08090B0C,出を　ありがとう
085ECCF0,isolated,1,claimed,story,,,08060402,だった奴ですら/私を　のけ者にしやがる·
085ED554,isolated,1,claimed,story,,,08050200,んなクスリを売る/お店なんですけど……··そ　その　最近いろいろ/いそが
085EDA9C,isolated,1,claimed,story,,,080502FE,りでしたら/私からオベロン様に/魔法を解いてくれるよう/お願いしてもいい
085EDAC8,isolated,1,claimed,story,,,0802FCF6,·□｜□b・・・・・・・・・・・・・・・・·
085EE038,isolated,1,claimed,story,,,080300FC,の完成に手を貸せば/神に導かれる側として/認められるかも知れぬぞ··そう
085EED5C,isolated,1,claimed,story,,,08080706,てるね··特技には通常攻撃のものと/追加効果をもつものとがある··種類に
085EEEB0,isolated,1,claimed,story,,,08080706,てるね··特技には通常攻撃のものと/追加効果をもつものとがある··種類に
085EF554,isolated,1,claimed,story,,,08080706,てるね··特技には通常攻撃のものと/追加効果をもつものとがある··種類に
085F029C,isolated,1,claimed,story,,,08080706,てるね··特技には通常攻撃のものと/追加効果をもつものとがある··種類に
085F0544,isolated,1,claimed,story,,,08080706,てるね··特技には通常攻撃のものと/追加効果をもつものとがある··種類に
085F11E0,isolated,1,claimed,story,,,080318FC,言う/”神への忠誠”か・・・··お主らの”修正”で心が変わる/神が　真の
085F1328,isolated,1,claimed,story,,,0804FDFE,くしてやる··そーれ！·□÷·＞パックは　·に/”□”をかけた！···
085F13A4,isolated,1,claimed,story,,,0808040A,/敵にかかると敵の攻撃力が/下がる··・PALYZE/麻痺状態となり一切
085F1400,isolated,1,claimed,story,,,08070C04,門公を復活させねば/トウキョウの混乱は/おさまらぬであろう··……そして
085F1484,isolated,1,claimed,story,,,08060B04,らも　ひとしく/消されるだろう··私は　魔界の王··このまま何もせず/死
085F16E8,isolated,1,claimed,story,,,08080908,跳ね返されてしまい非常に/危険だよ··相手の特性だけには気を付けて/おく
085F1CA4,isolated,1,claimed,story,,,08050706,/ここにとどまって/妖精達のために働いていると…··おれは大切な何かを/
085F1D2C,isolated,1,claimed,story,,,0803090C,ント長老：/・・・・・・/□∈我々はこれを受け入れよう···÷ず□·、﹁
085F1D84,isolated,1,claimed,story,,,0807050A,H□魔界人：/ターミナル・ストーンの/おかげで　一度行った所へは/ひとっ
085F1DD0,isolated,1,UNCLAIMED,,MISSING,,08050906,（春九·∧□、高九·嫉九·∨□、鵠九·嫉九·﹁□、恨九·嫉九·⇒□、査九
085F1DD8,isolated,1,claimed,story,,,08030C0A,□·≠□□テンプルナイト：/・・・・・・··私は司教様の指示に/従ってい
085F24F8,isolated,1,claimed,story,,,08060208,、ガイア教徒の霊：/おれは　センターの/テンプルナイトに/倒されたんだ·
085F26B4,isolated,1,claimed,story,,,08030206,·、□□ミカエル：/信じる信じないは勝手だ　と/何度も言っている··・・
085F287C,isolated,1,claimed,story,,,08070408,君ら人間の世界の事さ·
085F28F4,isolated,1,claimed,story,,,080A0C0E,し　アイテムがいっぱいだ··□
085F2FA8,isolated,1,claimed,story,,,0804EC04,/オレをここから出してくれよー··＞中に人がいる/中の人を助けますか？/
085F35F4,isolated,1,claimed,dialogue,,,080A0906,なごの心　分るまい
085F380C,isolated,1,claimed,story,,,080A0C0E,し　アイテムがいっぱいだ··□
085F3938,isolated,1,claimed,story,,,08080604,ば戦闘を有利に進める/ことができるよ··回復魔法はMPを消費して味方の/
085F3988,isolated,1,claimed,story,,,08060404,った奴ですら/私を　のけ者にしやがる·
085F3DDC,isolated,1,claimed,lore,,,0801F8F8,　魔獣　　　：パスカル/　出身地　　：日本/魔獣パスカルが大破壊後の荒廃
085F3EB4,isolated,1,claimed,story,,,0805FA02,空きが無いよ/仲魔を減らしてから/来てくれ···□九元鑑定屋：/メモリー
085F4F44,isolated,1,claimed,story,,,0805070C,にとどまって/妖精達のために働いていると…··おれは大切な何かを/取り戻
085F4F68,isolated,1,claimed,story,,,08030602,排除したがっている··至福の千年王国に我々は/邪魔なのじゃろう···÷ず
085F5A80,isolated,1,claimed,story,,,0805F3F4,ブも/今日で　解散か…/···□九·ひとつ　いい事を教えよう/悪魔達の中
085F5DF0,isolated,2,claimed,story,,,0804FF04,·/じゃ　さよなら··□
085F5DF4,isolated,2,claimed,story,,,0803FE04,N□ガイコツ男：/ベリアー回廊　入□の所に/変な女が　いたぜ·□□·□O
085F6570,isolated,1,claimed,story,,,08080604,ば戦闘を有利に進める/ことができるよ··回復魔法はMPを消費して味方の/
085F7BE4,isolated,1,claimed,story,,,08060402,だった奴ですら/私を　のけ者にしやがる·
085F873C,isolated,1,claimed,story,,,08050300,でしたら/私からオベロン様に/魔法を解いてくれるよう/お願いしてもいいん
085F8904,isolated,1,claimed,story,,,0802FCF6,·□｜□b・・・・・・・・・・・・・・・・·
085F8C98,isolated,1,claimed,story,,,08060300,/おそわれました··私の命より/教会を壊されたのが/残念でなりません·
085F9828,isolated,1,claimed,story,,,08080706,てるね··特技には通常攻撃のものと/追加効果をもつものとがある··種類に
085F9A08,isolated,1,claimed,story,,,080300FA,国の完成に手を貸せば/神に導かれる側として/認められるかも知れぬぞ··そ
085F9DA4,isolated,1,claimed,story,,,08070604,に行くと/イェツラー回廊の入□がある··ネツァクと　ホドと/ティフェレト
085F9DCC,isolated,1,claimed,story,,,08080808,で戦闘時/に行動を実行すると以後AUTO/戦闘を行った時にそれが実行され
085FA530,isolated,1,claimed,lore,,,0801F9F2,ーランドに住/み着いた邪竜エキドナに洗脳され力/を授かった姿だともいわれ
085FA8B8,isolated,1,claimed,story,,,080A0C0E,し　アイテムがいっぱいだ··□
085FAEA8,isolated,2,claimed,story,,,08070604,に行くと/イェツラー回廊の入□がある··ネツァクと　ホドと/ティフェレト
085FAEAC,isolated,2,claimed,story,,,08080808,で戦闘時/に行動を実行すると以後AUTO/戦闘を行った時にそれが実行され
085FAFE8,isolated,1,claimed,story,,,08050200,んなクスリを売る/お店なんですけど……··そ　その　最近いろいろ/いそが
085FB404,isolated,1,claimed,story,,,08060402,だった奴ですら/私を　のけ者にしやがる·
085FB42C,isolated,2,claimed,story,,,08080706,てるね··特技には通常攻撃のものと/追加効果をもつものとがある··種類に
085FB430,isolated,2,claimed,story,,,08080908,跳ね返されてしまい非常に/危険だよ··相手の特性だけには気を付けて/おく
085FB500,isolated,1,claimed,story,,,0808090A,ね返されてしまい非常に/危険だよ··相手の特性だけには気を付けて/おくよ
085FB640,isolated,1,claimed,dialogue,,,080A0B0C,あら　/それじゃ　仕方ないわね
085FBBF8,isolated,1,claimed,story,,,08060402,だった奴ですら/私を　のけ者にしやがる·
085FEA2C,isolated,1,claimed,story,,,08030906,ュータント長老：/・・・・・・/□∈我々はこれを受け入れよう···÷ず□
085FEF5C,isolated,1,claimed,story,,,08040304,ほらぁ　あたしが言った通り/セトは　復活したでしょ/でもどこへ飛んでいっ
085FF2A4,isolated,1,claimed,story,,,08080A08,UTRALの属性の/人だけが装備できる防具よ··ALLは　どの属性の人で
085FF3D8,isolated,1,claimed,story,,,0802FFFA,すれば/民が救われる··その姿のままでは/お前は救われぬがな···
085FF4F4,isolated,1,claimed,dialogue,,,0809100C,！··オイラの百万馬力ーっ！
085FF948,isolated,1,claimed,story,,,0806080A,た物で/私が手を下さずとも/いずれ神が裁きを下すであろうと/見物していた
085FFD64,isolated,1,claimed,story,,,08090606,におなりィ！
085FFD98,isolated,1,claimed,lore,,,0800F2E8,対立する「黒/い神」。·
08600AD4,isolated,1,claimed,story,,,08070108,ュータント：/その女……·/その美しさならば　あの方も/心を開くかも……
08601448,isolated,1,claimed,story,,,08080808,で戦闘時/に行動を実行すると以後AUTO/戦闘を行った時にそれが実行され
086018C0,isolated,2,claimed,story,,,08080808,で戦闘時/に行動を実行すると以後AUTO/戦闘を行った時にそれが実行され
086018C4,isolated,2,claimed,story,,,08080808,で戦闘時/に行動を実行すると以後AUTO/戦闘を行った時にそれが実行され
086024C8,isolated,1,claimed,story,,,08070606,行くと/イェツラー回廊の入□がある··ネツァクと　ホドと/ティフェレトに
0860250C,isolated,1,claimed,story,,,08060402,だった奴ですら/私を　のけ者にしやがる·
0860272C,isolated,1,claimed,story,,,08080808,で戦闘時/に行動を実行すると以後AUTO/戦闘を行った時にそれが実行され
08602820,isolated,1,claimed,story,,,08090B0E,を　ありがとう
08602960,isolated,1,claimed,story,,,08070604,に行くと/イェツラー回廊の入□がある··ネツァクと　ホドと/ティフェレト
08603360,isolated,1,claimed,story,,,08070604,に行くと/イェツラー回廊の入□がある··ネツァクと　ホドと/ティフェレト
08603BE4,isolated,1,claimed,story,,,08060300,/おそわれました··私の命より/教会を壊されたのが/残念でなりません·
086042D8,isolated,1,claimed,story,,,08060402,だった奴ですら/私を　のけ者にしやがる·
08604350,isolated,1,claimed,dialogue,,,080A0B0C,あら　/それじゃ　仕方ないわね
086050A0,isolated,1,claimed,story,,,08080808,で戦闘時/に行動を実行すると以後AUTO/戦闘を行った時にそれが実行され
0860523C,isolated,1,claimed,story,,,0809090A,も死んで　仲魔になろれ！
086053E0,isolated,1,claimed,story,,,08080808,で戦闘時/に行動を実行すると以後AUTO/戦闘を行った時にそれが実行され
086055FC,isolated,1,claimed,dialogue,,,080A0B0C,あら　/それじゃ　仕方ないわね
086059FC,isolated,1,claimed,story,,,0808090A,ね返されてしまい非常に/危険だよ··相手の特性だけには気を付けて/おくよ
08605B38,isolated,1,claimed,story,,,08070604,に行くと/イェツラー回廊の入□がある··ネツァクと　ホドと/ティフェレト
08605BB8,isolated,1,claimed,story,,,0809090A,も死んで　仲魔になろれ！
08605BDC,isolated,1,claimed,story,,,0809090A,も死んで　仲魔になろれ！
08605DA8,isolated,1,claimed,story,,,08060504,/来たから相手に　しねぇゼ··ジジイだから/話合わねぇしよぉ··太った男
08606054,isolated,2,claimed,story,,,08080706,てるね··特技には通常攻撃のものと/追加効果をもつものとがある··種類に
08606058,isolated,2,claimed,story,,,08080908,跳ね返されてしまい非常に/危険だよ··相手の特性だけには気を付けて/おく
086060DC,isolated,1,claimed,story,,,08080808,で戦闘時/に行動を実行すると以後AUTO/戦闘を行った時にそれが実行され
086060F4,isolated,1,claimed,story,,,0809090A,も死んで　仲魔になろれ！
08606224,isolated,1,claimed,story,,,0808090A,ね返されてしまい非常に/危険だよ··相手の特性だけには気を付けて/おくよ
08606444,isolated,1,claimed,story,,,08070606,行くと/イェツラー回廊の入□がある··ネツァクと　ホドと/ティフェレトに
08606494,isolated,1,claimed,story,,,08080808,で戦闘時/に行動を実行すると以後AUTO/戦闘を行った時にそれが実行され
0860660C,isolated,1,claimed,story,,,08080808,で戦闘時/に行動を実行すると以後AUTO/戦闘を行った時にそれが実行され
08606E4C,isolated,1,claimed,dialogue,,,080A0908,ごの心　分るまい
08606F18,isolated,1,claimed,story,,,08080708,るね··特技には通常攻撃のものと/追加効果をもつものとがある··種類によ
08606F74,isolated,1,claimed,lore,,,0800FFFE,黄色い色をした美しい女戦士。··十の腕に様々な武器を握り、魔獣ド/ゥンに
08607E78,isolated,1,claimed,dialogue,,,080A0B0C,あら　/それじゃ　仕方ないわね
086086D4,isolated,1,claimed,story,,,08050202,なクスリを売る/お店なんですけど……··そ　その　最近いろいろ/いそがし
08608F9C,isolated,1,claimed,story,,,0802FDF8,いるからな··神に逆らい　天使から悪魔に/落とされたお前を知っているから
08609C58,isolated,1,claimed,story,,,08090806,ぱり　にぎやかな方が/いいわね
08609EE8,isolated,1,claimed,story,,,080400FC,アー回廊は　通れないな·□。·。I□
0860A1EC,isolated,1,claimed,negotiate_status,,,080A0E10,りになった··□
0860A670,isolated,1,claimed,story,,,0802FFFA,すれば/民が救われる··その姿のままでは/お前は救われぬがな···
0860A830,isolated,1,claimed,lore,,,0800F9F4,明星の神としても崇められたが、/兄のテスカトリポカによって追放さ/れる。
0860ABD4,isolated,1,claimed,dialogue,,,080A0906,なごの心　分るまい
0860AD64,isolated,1,claimed,story,,,08090908,前も死んで　仲魔になろれ！
0860B528,isolated,1,claimed,lore,,,080102FC,家庭と出産の守護/神。··名は「偉大なる者」の意味を持つ。/姿は人間の乳
0860B728,isolated,1,claimed,story,,,0802FAF4,む・・・/おまえはワシの姿がいやなのか？··おまえはワシを醜いからといっ
0860B734,isolated,1,claimed,story,,,08070306,＞·は/何か　落としていった··”□”を手に入れた··“
0860BDD8,isolated,1,claimed,story,,,08050402,ましたか……·
0860C6B0,isolated,1,claimed,story,,,08080402,ISON/敵にかかると敵の攻撃力が/下がる··・PALYZE/麻痺状態と
0860CB44,isolated,1,claimed,story,,,0807090C,の守り神　平将門公は/その身体を6つに/引き裂かれたのだ··大和神族の間
0860CC28,isolated,1,claimed,story,,,080302FA,助けをすればよい··それによりお前のことは・・・··時が来たら神に□添え
0860CD88,isolated,1,claimed,story,,,0809090A,も死んで　仲魔になろれ！
0860D66C,isolated,1,claimed,story,,,080A0C0E,し　アイテムがいっぱいだ··□
0860D88C,isolated,1,claimed,story,,,08050300,でしたら/私からオベロン様に/魔法を解いてくれるよう/お願いしてもいいん
0861473C,isolated,1,claimed,story,,,0805FDF8,れ得る者のようだ··自らの悪行をわきまえ/忘れるでないぞ··⇔·'
086156E4,isolated,1,claimed,story,,,0802FAF0,♪ふむ・・・/おまえはワシの姿がいやなのか？··おまえはワシを醜いからと
08616124,isolated,1,claimed,lore,,,0800F9F4,明星の神としても崇められたが、/兄のテスカトリポカによって追放さ/れる。
086161D8,isolated,1,claimed,story,,,08050300,でしたら/私からオベロン様に/魔法を解いてくれるよう/お願いしてもいいん
08616B1C,isolated,1,claimed,story,,,0803FFFA,ね·□、·、K怖
08616C84,isolated,1,claimed,story,,,08070604,に行くと/イェツラー回廊の入□がある··ネツァクと　ホドと/ティフェレト
08616DF4,isolated,1,claimed,story,,,08050200,んなクスリを売る/お店なんですけど……··そ　その　最近いろいろ/いそが
08618D4C,isolated,1,claimed,story,,,0804FF0A,ゃ　さよなら··□
0861F654,isolated,1,claimed,negotiate_status,,,080A0E10,りになった··□
0861FAF8,isolated,1,claimed,story,,,08070606,行くと/イェツラー回廊の入□がある··ネツァクと　ホドと/ティフェレトに
0861FB2C,isolated,1,claimed,story,,,08070606,行くと/イェツラー回廊の入□がある··ネツァクと　ホドと/ティフェレトに
0861FCBC,isolated,1,claimed,dialogue,,,080A0A0A,て行こうかのう
0861FF3C,isolated,1,claimed,story,,,0808090A,ね返されてしまい非常に/危険だよ··相手の特性だけには気を付けて/おくよ
08620044,isolated,1,claimed,story,,,0809090A,も死んで　仲魔になろれ！
086202B0,isolated,1,claimed,story,,,08080808,で戦闘時/に行動を実行すると以後AUTO/戦闘を行った時にそれが実行され
08620404,isolated,1,claimed,story,,,08080808,で戦闘時/に行動を実行すると以後AUTO/戦闘を行った時にそれが実行され
086250D0,isolated,1,claimed,story,,,0805FCF8,大日如来··我に祈る者には/正邪をとわず/救いを　与えん··◆□九·⇔·
086252A8,isolated,1,claimed,lore,,,0800F4FE,ィシュヌを千の頭で包み込み永遠/ともいえる時を乳海の中で過ごすと/いわれ
086253A0,isolated,1,claimed,story,,,080800F8,1ターンで滅ぼすこと/も可能なんだ···□句·剣　銃　魔法　特技のいくつ
086257C8,isolated,1,claimed,story,,,08030102,に手を貸せば/神に導かれる側として/認められるかも知れぬぞ··そうすれば
08625C5C,isolated,1,claimed,story,,,0807FFF8,少/攻撃力が低くても回数が勝ること/で合計ダメージを大きくすること/が可
08625C68,isolated,1,claimed,story,,,0803FAF6,よろしく……···□吟ルイ・サイファー：/こんなところで会うとはね/·君
08625D40,isolated,1,claimed,story,,,080801F6,異常/を引き起こせれば　戦闘を有利/に進めることができるよ··ステータス
08625DA4,isolated,1,claimed,dialogue,,,080900F6,れないじゃない！
08625DDC,isolated,1,claimed,story,,,0808FEF4,をそらす
0862611C,isolated,1,claimed,story,,,0803FAFA,しく……···□吟ルイ・サイファー：/こんなところで会うとはね/·君/よ
08626128,isolated,1,claimed,lore,,,0801FBFC,る修行者を誘惑/したり、人間と恋をしたりするとい/われる。··北欧神話の
08627550,isolated,1,claimed,battle_taunts,,,080A1208,すくう魔が/オイラを狂気に　かりたてるぅ！··□
08628200,isolated,1,claimed,story,,,0803F7E0,終わりかと/思ったよ·□、·、□怖
086296B8,isolated,1,claimed,story,,,08021A22,けの/力と余裕は今のセンターには/ない··センター内部といえども毒麦が/
08629848,isolated,1,claimed,story,,,080804F8,必要な能力を/あげても意味はないよ··戦闘時の用途別で装備を/揃えような
0862AA00,isolated,1,claimed,story,,,0802EBEE,ています··この荒れた地も/やがてはよみがえり/豊かな実りをもたらして/
0862B87C,isolated,1,claimed,story,,,08050800,った··…そういえば/同じようなピラーが/ファクトリーの発掘現場から/出
0862B9D0,isolated,1,claimed,story,,,0808080C,闘時/に行動を実行すると以後AUTO/戦闘を行った時にそれが実行され/る
0862BED8,isolated,1,claimed,story,,,08070AFE,用されてしまった··将門公は　バラバラに引き裂かれ/国津神達も　この地下
0862C358,isolated,1,claimed,story,,,0803050A,。］□テンプルナイト：/・・・・・・···、﹁□·≠］□ミュータント：/
0862C36C,isolated,1,claimed,story,,,0804090A,は/イェツラー回廊で/ホド　ネツァク　ティフェレトと/結ばれている··テ
0862C3CC,isolated,1,claimed,lore,,,0801FCFC,羅生門に/棲む鬼であり、四天王、渡辺綱によ/り正体をあかされ、腕を切り落
0862C408,isolated,1,claimed,story,,,08060508,たから相手に　しねぇゼ··ジジイだから/話合わねぇしよぉ··太った男：/
0862C46C,isolated,1,UNCLAIMED,,MISSING,,08050908,春九·∧□、高九·嫉九·∨□、鵠九·嫉九·﹁□、恨九·嫉九·⇒□、査九·
0862C4A0,isolated,1,claimed,story,,,0802FDFA,るからな··神に逆らい　天使から悪魔に/落とされたお前を知っているから/
0862C4B0,isolated,1,claimed,story,,,08060B04,らも　ひとしく/消されるだろう··私は　魔界の王··このまま何もせず/死
0862C64C,isolated,1,claimed,story,,,0802FCFE,b・・・・・・・・・・・・・・・・·
0862C77C,isolated,1,claimed,story,,,08030908,ータント長老：/・・・・・・/□∈我々はこれを受け入れよう···÷ず□·
0862F794,isolated,1,claimed,story,,,08080304,による感電状態/回復するまで行動不能になる··・FREEZE/凍結状態で
0862FCD0,isolated,1,claimed,story,,,08030BFC,う！···、｛□·≠□□テンプルナイト：/・・・・・・··私は司教様の指
08630038,isolated,1,claimed,story,,,080A1606,C/の3ランクがあります/··自信があるランクで/戦って下さいね/··パ
08630178,isolated,1,claimed,lore,,,0801EB12,/十二支では未（平安）、辰（室町）/に対応し、紅色を表す。宝叉を持ち/、
08630708,isolated,1,claimed,dialogue,,,080A060C,うわけないじゃん！
086307C0,isolated,1,claimed,story,,,0803000E,··その姿のままでは/お前は救われぬがな···
08630D24,isolated,1,claimed,lore,,,08020008,ランドが発祥とされ、その/姿は美しい娘であるが、背中に窪み/や、長い牛の
08632074,isolated,1,claimed,story,,,0807040A,ら人間の世界の事さ·
0863266C,isolated,1,claimed,story,,,080502FA,お困りでしたら/私からオベロン様に/魔法を解いてくれるよう/お願いしても
08632E80,isolated,1,claimed,story,,,08070808,だな……··…地下世界に来た人間か…/1つ頼み事を聞いてくれんか？/·涜
08633200,isolated,1,claimed,lore,,,08020208,の一人。··世界蛇ヨルムンガルドの別名。生ま/れてすぐ、オーディンにより
08633240,isolated,1,claimed,story,,,08060B0E,しく/消されるだろう··私は　魔界の王··このまま何もせず/死を待つわけ
086333D8,isolated,1,claimed,dialogue,,,080A0704,それメシアの名前よ
0863370C,isolated,1,claimed,dialogue,,,0808FFFA,ぢがら行っでやぐよ
086337A0,isolated,1,claimed,story,,,0803F5EE,/おれだって　魔界へ行く/方法ぐらい　聞いたことあるぜ··確か　7つのピ
08633C50,isolated,1,claimed,story,,,0803FC00,アー回廊の入□/ケセドとゲブラーへ行けるわ··そこから少し行って南にまが
08633D5C,isolated,1,claimed,story,,,08050706,/ここにとどまって/妖精達のために働いていると…··おれは大切な何かを/
08633EA4,isolated,1,claimed,lore,,,0801FDFE,ト/地獄の悪霊四十軍団を率いる「炎の/候爵」といわれる厳格な候爵。··名
08633FBC,isolated,1,claimed,story,,,08060806,むいた物で/私が手を下さずとも/いずれ神が裁きを下すであろうと/見物して
0863405C,isolated,1,claimed,story,,,08050302,したら/私からオベロン様に/魔法を解いてくれるよう/お願いしてもいいんで
08634068,isolated,1,claimed,story,,,08080D10,·・対火炎/火炎によるダメージを半分以下/にし　氷結・電撃のダメージを/
08634170,isolated,1,claimed,story,,,0805FCFC,如来··我に祈る者には/正邪をとわず/救いを　与えん··◆□九·⇔·おま
08634240,isolated,1,claimed,lore,,,08020108,呼ばれた蛇神。··オーストラリアの原住民、アボリジ/ニの神。大いなる力を
0863427C,isolated,1,claimed,story,,,08090906,お前も死んで　仲魔になろれ！
086342A8,isolated,1,claimed,lore,,,0800FF00,まった為、/植物の生長と生物の生殖行為が止ま/ってしまったが、水神エンキ
086348D4,isolated,1,claimed,story,,,08030000,/民が救われる··その姿のままでは/お前は救われぬがな···
08634918,isolated,1,claimed,story,,,08060404,った奴ですら/私を　のけ者にしやがる·
0863496C,isolated,1,claimed,dialogue,,,080A0806,いてくれる？
08634A34,isolated,1,claimed,dialogue,,,080A0A0A,て行こうかのう
08634B5C,isolated,1,claimed,story,,,08070606,行くと/イェツラー回廊の入□がある··ネツァクと　ホドと/ティフェレトに
08634F88,isolated,2,claimed,story,,,08050504,いんです·
08634F8C,isolated,2,claimed,dialogue,,,080A0A0A,て行こうかのう
08634FF8,isolated,1,claimed,story,,,08070300,□□□＞·は/何か　落としていった··”□”を手に入れた··“
086365A0,isolated,1,claimed,story,,,08080706,てるね··特技には通常攻撃のものと/追加効果をもつものとがある··種類に
086365F8,isolated,1,claimed,story,,,08080908,跳ね返されてしまい非常に/危険だよ··相手の特性だけには気を付けて/おく
08636A18,isolated,1,claimed,dialogue,,,080A0B0C,あら　/それじゃ　仕方ないわね
086399B0,isolated,1,claimed,story,,,0808040A,/敵にかかると敵の攻撃力が/下がる··・PALYZE/麻痺状態となり一切
08639A00,isolated,1,claimed,story,,,08060602,ァー：/·N英倶·煙倶やあ　また会ったね/·君··ここで　会うことに/な
08639B98,isolated,1,claimed,story,,,08080E10,を完全防御する/わ··また　手技・足技・飛技による/ダメージを減少するわ
08639F74,isolated,1,claimed,story,,,0808080A,戦闘時/に行動を実行すると以後AUTO/戦闘を行った時にそれが実行され/
0863A724,isolated,1,claimed,story,,,0802FBFE,・・/□♪そうではないというのか？··ふむ・・・/□∈これほど厄介な男に
0863B650,isolated,1,claimed,story,,,080506FE,□□·：/ここにとどまって/妖精達のために働いていると…··おれは大切な
0863B698,isolated,1,claimed,story,,,08081418,するわ··また　魔力・緊縛による攻撃の/抵抗確率が半分以上に上がるわ··
0863B748,isolated,1,claimed,story,,,08040408,きたみたい/だぜ··ミレニアムのヴァルハラ・エリア/を飲み込んでから　し
0863B948,isolated,1,claimed,negotiate_status,,,080A0D0E,/ハエにかえられた··□
0863BB84,isolated,1,claimed,dialogue,,,080A0906,なごの心　分るまい
0863BD0C,isolated,1,claimed,story,,,0808080C,闘時/に行動を実行すると以後AUTO/戦闘を行った時にそれが実行され/る
0863C490,isolated,1,claimed,lore,,,08010206,/百人（一説には千人）の子を養う為/に人間の子供をさらって喰わせてい/た
0863C670,isolated,1,claimed,lore,,,0801FD00,門に/棲む鬼であり、四天王、渡辺綱によ/り正体をあかされ、腕を切り落とさ
0863CC0C,isolated,1,claimed,story,,,0805080A,そういえば/同じようなピラーが/ファクトリーの発掘現場から/出てきたって
0863D16C,isolated,1,claimed,story,,,08050102,なたにかけて…·/わ　私　あ　アヌーンと/いいます…···私に　ほれさせ
0863D590,isolated,1,claimed,dialogue,,,080901F6,ゃあ　キレイなうちに殺して！
0863D620,isolated,1,claimed,dialogue,,,08090E0E,魔/どうなっとるんじゃあ！
0863DB38,isolated,1,claimed,story,,,080706FE,開いたって？·
0863DE7C,isolated,1,claimed,story,,,08090708,っち　いらっしゃーイ❤︎⁠
0863E034,isolated,1,claimed,story,,,08080608,闘を有利に進める/ことができるよ··回復魔法はMPを消費して味方の/HP
0863E15C,isolated,1,claimed,story,,,08030204,□·、□□ミカエル：/信じる信じないは勝手だ　と/何度も言っている··・
0863E1CC,isolated,1,claimed,dialogue,,,080A0908,ごの心　分るまい
0863E2E0,isolated,1,UNCLAIMED,,leak-risk,story,0804060C,。·。L□ゾンビ：/魔界のオレ達は　助かったな/これもルシファー様のおか
0863E2E8,isolated,1,claimed,story,,,08080908,跳ね返されてしまい非常に/危険だよ··相手の特性だけには気を付けて/おく
0863E404,isolated,1,claimed,story,,,0807080A,な……··…地下世界に来た人間か…/1つ頼み事を聞いてくれんか？/·涜句
0863E544,isolated,1,claimed,dialogue,,,080A090C,心　分るまい
0863E6B4,isolated,1,claimed,story,,,0808090E,されてしまい非常に/危険だよ··相手の特性だけには気を付けて/おくように
0863E740,isolated,1,claimed,story,,,0808090A,ね返されてしまい非常に/危険だよ··相手の特性だけには気を付けて/おくよ
0863E8E4,isolated,1,claimed,story,,,08080706,てるね··特技には通常攻撃のものと/追加効果をもつものとがある··種類に
0863E8FC,isolated,1,claimed,story,,,0809080A,　にぎやかな方が/いいわね
0863ECCC,isolated,1,claimed,lore,,,08010002,い色をした美しい女戦士。··十の腕に様々な武器を握り、魔獣ド/ゥンにまた
0863EDF4,isolated,1,claimed,lore,,,08020000,スコットランドが発祥とされ、その/姿は美しい娘であるが、背中に窪み/や、
0863EDFC,isolated,1,claimed,story,,,080705FE,て　東に行くと/イェツラー回廊の入□がある··ネツァクと　ホドと/ティフ
0863F198,isolated,1,claimed,story,,,08090810,やかな方が/いいわね
0863F3F4,isolated,1,claimed,story,,,080301F4,のか？···÷□□·、□□ミカエル：/信じる信じないは勝手だ　と/何度も
0863F4D0,isolated,1,claimed,lore,,,0801FB00,の顔を持ち、足/が一本であるといわれている。··タクヒの羽毛を身につけれ
0863F8B0,isolated,1,claimed,story,,,080301FC,··÷□□·、□□ミカエル：/信じる信じないは勝手だ　と/何度も言ってい
0863FF78,isolated,1,claimed,story,,,0802F9E6,るやもしれんぞ！··・・・・・・/□♪それでもだめかっ！··おまえは隣に
086412AC,isolated,1,claimed,lore,,,0800E402,性/は荒く、近づく者はその角の一撃で/倒される。··人間の処女は襲わず、
08642FDC,isolated,1,claimed,story,,,0804F906,ゃないのーっ·
08643018,isolated,1,claimed,story,,,08030E0E,逆とは・・・···
08643154,isolated,1,claimed,story,,,08060908,く者として/つかわされた　サタンなのか？·/それを　確かめるため/来ても
08643454,isolated,1,claimed,story,,,080207FE,だ/自分のための時間や余裕など/取れはしない··ましてや　子供のために割
0864598C,isolated,1,claimed,lore,,,0800FBFA,パールヴァティの怒り/の化身で、破壊と殺戮の女神。··名は「黒い者」とい
08646898,isolated,1,claimed,story,,,080300FC,の完成に手を貸せば/神に導かれる側として/認められるかも知れぬぞ··そう
08646A80,isolated,1,claimed,story,,,08060502,マ/来たから相手に　しねぇゼ··ジジイだから/話合わねぇしよぉ··太った
08646A90,isolated,1,claimed,story,,,08080708,るね··特技には通常攻撃のものと/追加効果をもつものとがある··種類によ
08646B80,isolated,1,claimed,story,,,080400FC,アー回廊は　通れないな·□。·。I□
0864724C,isolated,1,claimed,story,,,08030100,成に手を貸せば/神に導かれる側として/認められるかも知れぬぞ··そうすれ
08647968,isolated,1,claimed,story,,,08080808,で戦闘時/に行動を実行すると以後AUTO/戦闘を行った時にそれが実行され
0864799C,isolated,1,claimed,story,,,08050300,でしたら/私からオベロン様に/魔法を解いてくれるよう/お願いしてもいいん
08647AD0,isolated,1,claimed,story,,,08070604,に行くと/イェツラー回廊の入□がある··ネツァクと　ホドと/ティフェレト
08647B94,isolated,1,claimed,story,,,0802FFFA,すれば/民が救われる··その姿のままでは/お前は救われぬがな···
08647F94,isolated,1,claimed,story,,,08070606,行くと/イェツラー回廊の入□がある··ネツァクと　ホドと/ティフェレトに
086484BC,isolated,1,claimed,story,,,08060504,/来たから相手に　しねぇゼ··ジジイだから/話合わねぇしよぉ··太った男
08648574,isolated,1,claimed,story,,,08070604,に行くと/イェツラー回廊の入□がある··ネツァクと　ホドと/ティフェレト
086488F8,isolated,1,claimed,dialogue,,,080A0B0C,あら　/それじゃ　仕方ないわね
08648A28,isolated,1,claimed,story,,,08050200,んなクスリを売る/お店なんですけど……··そ　その　最近いろいろ/いそが
08648A90,isolated,1,claimed,story,,,08080706,てるね··特技には通常攻撃のものと/追加効果をもつものとがある··種類に
08648AF8,isolated,1,claimed,story,,,08070604,に行くと/イェツラー回廊の入□がある··ネツァクと　ホドと/ティフェレト
08648B38,isolated,1,claimed,story,,,0809090A,も死んで　仲魔になろれ！
08648E4C,isolated,1,claimed,story,,,08060402,だった奴ですら/私を　のけ者にしやがる·
08649088,isolated,1,claimed,story,,,08090B0C,出を　ありがとう
08649138,isolated,1,claimed,story,,,08080808,で戦闘時/に行動を実行すると以後AUTO/戦闘を行った時にそれが実行され
08649258,isolated,1,claimed,story,,,08090908,前も死んで　仲魔になろれ！
08649720,isolated,2,claimed,story,,,08080808,で戦闘時/に行動を実行すると以後AUTO/戦闘を行った時にそれが実行され
08649724,isolated,2,claimed,story,,,08090908,前も死んで　仲魔になろれ！
0864986C,isolated,1,claimed,story,,,08050302,したら/私からオベロン様に/魔法を解いてくれるよう/お願いしてもいいんで
0864998C,isolated,1,claimed,story,,,08090908,前も死んで　仲魔になろれ！
08649AEC,isolated,1,claimed,story,,,08080808,で戦闘時/に行動を実行すると以後AUTO/戦闘を行った時にそれが実行され
08649C6C,isolated,1,claimed,story,,,08060402,だった奴ですら/私を　のけ者にしやがる·
08649CA0,isolated,1,claimed,story,,,08080806,ドで戦闘時/に行動を実行すると以後AUTO/戦闘を行った時にそれが実行さ
08649DF4,isolated,1,claimed,story,,,08050200,んなクスリを売る/お店なんですけど……··そ　その　最近いろいろ/いそが
08649DFC,isolated,1,claimed,story,,,08060404,った奴ですら/私を　のけ者にしやがる·
0864ADBC,isolated,1,claimed,story,,,0804FEF8,ゴメン……··/じゃ　さよなら··□
0864AE28,isolated,1,claimed,dialogue,,,080A0600,シと/つり合うわけないじゃん！
0864AE6C,isolated,1,claimed,lore,,,0801FBFA,いる修行者を誘惑/したり、人間と恋をしたりするとい/われる。··北欧神話
0864AF04,isolated,1,claimed,story,,,08080402,ISON/敵にかかると敵の攻撃力が/下がる··・PALYZE/麻痺状態と
0864AF28,isolated,1,claimed,story,,,080502FE,りでしたら/私からオベロン様に/魔法を解いてくれるよう/お願いしてもいい
0864BC94,isolated,1,claimed,story,,,0804FDF6,気持ちよくしてやる··そーれ！·□÷·＞パックは　·に/”□”をかけた！
0864D730,isolated,1,claimed,story,,,0803F8DE,震で　ミレニアムが/ブッこわれてたら　ここにも/また日が当たってたのにな
0864D830,isolated,1,claimed,story,,,080701F0,おる··我々ガイア教徒は　地下世界の/者達と共に　この神々の復活を/待っ
0864DC00,isolated,1,claimed,story,,,080300FC,の完成に手を貸せば/神に導かれる側として/認められるかも知れぬぞ··そう
0864E0C8,isolated,1,claimed,lore,,,0801FC04,を誘惑/したり、人間と恋をしたりするとい/われる。··北欧神話のヴァルキ
086500C4,isolated,1,claimed,story,,,0802FFF8,成すれば/民が救われる··その姿のままでは/お前は救われぬがな···
086504A8,isolated,1,claimed,story,,,08070606,行くと/イェツラー回廊の入□がある··ネツァクと　ホドと/ティフェレトに
086506C0,isolated,1,claimed,story,,,080904FE,でぐでえ！
08650BA4,isolated,1,claimed,lore,,,0801FD04,/棲む鬼であり、四天王、渡辺綱によ/り正体をあかされ、腕を切り落とさ/れ
08650F6C,isolated,1,claimed,lore,,,08020208,の一人。··世界蛇ヨルムンガルドの別名。生ま/れてすぐ、オーディンにより
0865107C,isolated,1,claimed,story,,,08080202,起こせれば　戦闘を有利/に進めることができるよ··ステータス異常はこんな
08651900,isolated,1,claimed,story,,,0804FEF8,ゴメン……··/じゃ　さよなら··□
086519A4,isolated,1,claimed,story,,,080801FC,を引き起こせれば　戦闘を有利/に進めることができるよ··ステータス異常は
08651BB4,isolated,1,claimed,dialogue,,,080A0B0C,あら　/それじゃ　仕方ないわね
08651DB4,isolated,1,claimed,story,,,08050200,んなクスリを売る/お店なんですけど……··そ　その　最近いろいろ/いそが
08651EE0,isolated,1,claimed,story,,,08070402,のは/君ら人間の世界の事さ·
08651FB4,isolated,1,claimed,story,,,08070300,□□□＞·は/何か　落としていった··”□”を手に入れた··“
08652028,isolated,1,claimed,story,,,08060402,だった奴ですら/私を　のけ者にしやがる·
0865207C,isolated,1,claimed,story,,,08090706,こっち　いらっしゃーイ❤︎⁠
086520E8,isolated,1,claimed,story,,,08060504,/来たから相手に　しねぇゼ··ジジイだから/話合わねぇしよぉ··太った男
08652120,isolated,1,claimed,story,,,08090706,こっち　いらっしゃーイ❤︎⁠
08653B70,isolated,1,claimed,story,,,08060C0E,···よ··おまえに　サタンと戦う/意志と力があるなら/我がケテル城の　
08653C48,isolated,1,claimed,lore,,,08020502,振る舞い、巧みな話術を持ち/様々な姿に変身することができたと/いわれてい
08653D18,isolated,1,claimed,story,,,08050800,った··…そういえば/同じようなピラーが/ファクトリーの発掘現場から/出
08653D60,isolated,1,claimed,story,,,080404FE,えたらしい/飲み込んだ物を　無にしてしまう/ヤツ自体が　無になってしまっ
08657114,isolated,1,claimed,story,,,080707F8,者では　ないようだな……··…地下世界に来た人間か…/1つ頼み事を聞いて
08657404,isolated,1,claimed,lore,,,08010000,色い色をした美しい女戦士。··十の腕に様々な武器を握り、魔獣ド/ゥンにま
086574D4,isolated,1,claimed,dialogue,,,0809FEFA,す気ね？
08657D54,isolated,1,claimed,story,,,0804B9C4,のみに　開かれる··選ばれし者が誰か/我々には　わかる/おまえは…···
08659A68,isolated,1,claimed,story,,,08070BFA,を解き/将門公を復活させねば/トウキョウの混乱は/おさまらぬであろう··
0865A84C,isolated,1,claimed,story,,,0805FE0C,自らの悪行をわきまえ/忘れるでないぞ··⇔·'
0865AFE4,isolated,1,UNCLAIMED,,noise,,081001FC,Φ∞aε♂
0865B194,isolated,1,claimed,lore,,,0800FD04,·姿は4本の腕を持ち、首から人間の/髑髏をつないだ首飾りを下げている/二
0865B4B8,isolated,1,claimed,story,,,0807FDFC,回数を表す··・追加効果/攻撃が命中したあとに表れる追加/効果を表わして
0865B4E4,isolated,1,claimed,story,,,08050406,たか……·
0865B598,isolated,1,claimed,story,,,08030B0E,れは反逆者です··センターのいうことを/聞かないので/収容所に開じこめて
0865C5F8,isolated,1,claimed,story,,,080905FE,　ナカマにおなりィ！
0865E3B0,isolated,1,claimed,story,,,0803070E,≠］□ミュータント長老：/やめておきなさい··もめ事を起こして戦いになれ
0865EA7C,isolated,1,claimed,story,,,08040100,回廊は　通れないな·□。·。I□
0865EAC4,isolated,1,claimed,lore,,,0800FA08,られたが、/兄のテスカトリポカによって追放さ/れる。·
0865ECC4,isolated,1,UNCLAIMED,,MISSING,,0805090E,∧□、高九·嫉九·∨□、鵠九·嫉九·﹁□、恨九·嫉九·⇒□、査九·嫉九·
0865ED88,isolated,1,claimed,story,,,08030306,よい··それによりお前のことは・・・··時が来たら神に□添えをしよう··
08660AA4,isolated,1,claimed,story,,,08070B08,まった··将門公は　バラバラに引き裂かれ/国津神達も　この地下世界の/ほ
086610B4,isolated,1,claimed,lore,,,08020004,ットランドが発祥とされ、その/姿は美しい娘であるが、背中に窪み/や、長い
08661308,isolated,1,claimed,lore,,,0800FF04,た為、/植物の生長と生物の生殖行為が止ま/ってしまったが、水神エンキの協
08661368,isolated,1,claimed,story,,,08040504,しい/飲み込んだ物を　無にしてしまう/ヤツ自体が　無になってしまった··
086614C0,isolated,1,claimed,story,,,0803FEFC,ェソドからここへ/来たみたいだねえ　感心感心··N□.·.□□
08661518,isolated,1,claimed,story,,,08070302,□□＞·は/何か　落としていった··”□”を手に入れた··“
086615B0,isolated,1,claimed,story,,,08050404,したか……·
08661664,isolated,1,claimed,story,,,08060304,そわれました··私の命より/教会を壊されたのが/残念でなりません·
0866A1E8,isolated,1,claimed,story,,,08061834,·よ/共に　行こう/我らが　最後の戦いの道を！·□、□倶·B□、□倶□□
0866BC00,isolated,1,claimed,story,,,08050122,ヌーンと/いいます…···私に　ほれさせるはず/だったんです··私　本当
0866D1BC,isolated,1,claimed,story,,,0803E80A,労働者の女：/あなたが　メシアである/·様……··お目にかかれるなんて/
0867594C,isolated,2,claimed,lore,,,0801FA02,着いた邪竜エキドナに洗脳され力/を授かった姿だともいわれている。·
08675950,isolated,2,claimed,dialogue,,,08090D0C,るぜェ！
08676B78,isolated,1,claimed,story,,,0802EF04,・ター・の/な・だ・で・・・教徒・外は/最・じゃ・き・く・けで/キ・・イ
08677A9C,isolated,1,claimed,story,,,08021A18,民を救うだけの/力と余裕は今のセンターには/ない··センター内部といえど
0867823C,isolated,1,claimed,lore,,,0802060A,·旧約聖書外典『トビト書』に記述が/みられ、大天使ラファエルの助言を/受
086788C4,isolated,1,claimed,story,,,080602FE,も/おそわれました··私の命より/教会を壊されたのが/残念でなりません·
08678A3C,isolated,1,claimed,story,,,08070704,って？·
08678B9C,isolated,1,claimed,story,,,0807090A,ウの守り神　平将門公は/その身体を6つに/引き裂かれたのだ··大和神族の
08678BDC,isolated,1,claimed,story,,,08080908,跳ね返されてしまい非常に/危険だよ··相手の特性だけには気を付けて/おく
08678D78,isolated,1,claimed,story,,,08080908,跳ね返されてしまい非常に/危険だよ··相手の特性だけには気を付けて/おく
08678DF8,isolated,1,claimed,story,,,080502FE,りでしたら/私からオベロン様に/魔法を解いてくれるよう/お願いしてもいい
08679E04,isolated,1,claimed,names_demon,,,081A0AFE,ハベーラ氷結に強い
0867A214,isolated,1,claimed,story,,,0803160C,ったのか？···
0867A26C,isolated,1,claimed,story,,,08040C0A,ー様がいる·□、·、I怖
0867A530,isolated,1,claimed,story,,,0805FEFC,/どうして　·が/ここにいるの？··ま　まさか……··ああ　よかった/あ
0867A860,isolated,1,claimed,story,,,0805FF00,うして　·が/ここにいるの？··ま　まさか……··ああ　よかった/あなた
0867A8B4,isolated,1,claimed,dialogue,,,080A05FE,タシと/つり合うわけないじゃん！
0867AB2C,isolated,1,claimed,story,,,08060104,が　死んでから/わかった··□様の前で/ザンゲしに来たんだ·
08685BC4,isolated,1,claimed,story,,,08020A12,·何かとてつもないことを/始めようとしているのかも/知れない··それが何
08687750,isolated,1,claimed,lore,,,0801FCF4,と書く。羅生門に/棲む鬼であり、四天王、渡辺綱によ/り正体をあかされ、腕
08688B74,isolated,1,claimed,lore,,,0802020A,一人。··世界蛇ヨルムンガルドの別名。生ま/れてすぐ、オーディンにより海
08689EE8,isolated,1,claimed,story,,,080507F8,の物になった··…そういえば/同じようなピラーが/ファクトリーの発掘現場
0868A2C4,isolated,1,claimed,story,,,0807FBF4,は気を付けて/おきましょう···□句·□句·武器パラメーターの見かたを説
0868A39C,isolated,1,claimed,lore,,,0801F8FC,獣　　　：パスカル/　出身地　　：日本/魔獣パスカルが大破壊後の荒廃した
0868B70C,isolated,1,claimed,story,,,0804F100,た……···≤□
0868C304,isolated,1,claimed,story,,,08051008,　うれしいわ……··□□。·
0868C71C,isolated,1,claimed,story,,,08060902,は　裁く者として/つかわされた　サタンなのか？·/それを　確かめるため/
0868C874,isolated,1,claimed,story,,,0808000A,も回数が勝ること/で合計ダメージを大きくすること/が可能だよ··ただ　敵
0868C978,isolated,1,claimed,lore,,,080203F0,で起きている/出来事を見せたり、記憶や本心を消/す能力を持つといわれてい
0868CA88,isolated,1,claimed,dialogue,,,080A06FE,名ね/それメシアの名前よ
0868CAE0,isolated,1,claimed,story,,,08050208,リを売る/お店なんですけど……··そ　その　最近いろいろ/いそがしくって
0868CAF8,isolated,1,claimed,dialogue,,,080903FE,と……/すまながったあ……/こででも　持っていっでくでえ
0868CC14,isolated,1,claimed,story,,,08080D0A,りよ··・対火炎/火炎によるダメージを半分以下/にし　氷結・電撃のダメー
0868CCA0,isolated,1,claimed,story,,,08080100,で滅ぼすこと/も可能なんだ···□句·剣　銃　魔法　特技のいくつかの/攻
0868CEB0,isolated,1,claimed,story,,,08020804,分のための時間や余裕など/取れはしない··ましてや　子供のために割ける/
0868D03C,isolated,1,claimed,dialogue,,,080A0808,てくれる？
0868D1FC,isolated,1,claimed,story,,,08040400,ドンが起きたみたい/だぜ··ミレニアムのヴァルハラ・エリア/を飲み込んで
0868D37C,isolated,1,claimed,story,,,08070602,東に行くと/イェツラー回廊の入□がある··ネツァクと　ホドと/ティフェレ
08690630,isolated,1,claimed,story,,,08060D0A,づく弱い者だ··私に　つくか/サタンに　つくか/決められずに　やって来た
08690D28,isolated,1,claimed,story,,,08070606,行くと/イェツラー回廊の入□がある··ネツァクと　ホドと/ティフェレトに
08690E88,isolated,1,claimed,story,,,08060300,/おそわれました··私の命より/教会を壊されたのが/残念でなりません·
086916D4,isolated,1,claimed,story,,,08060300,/おそわれました··私の命より/教会を壊されたのが/残念でなりません·
086917F4,isolated,1,claimed,story,,,0809090A,も死んで　仲魔になろれ！
08691894,isolated,1,claimed,story,,,08060402,だった奴ですら/私を　のけ者にしやがる·
08691BF0,isolated,1,claimed,story,,,08090B0C,出を　ありがとう
086924EC,isolated,1,claimed,negotiate_status,,,080A0D10,ハエにかえられた··□
08693920,isolated,1,claimed,story,,,08080808,で戦闘時/に行動を実行すると以後AUTO/戦闘を行った時にそれが実行され
08694478,isolated,1,claimed,lore,,,0800FAF8,いわれている/。·
0869452C,isolated,1,claimed,story,,,0804211A,：□。·□銀·コインをアイテムと交換ね··□、どれにする？/□□銀□銀□
0869453C,isolated,1,claimed,story,,,0803011A,る側として/認められるかも知れぬぞ··そうすれば・・・···
08695244,isolated,1,claimed,story,,,0807FE08,·・追加効果/攻撃が命中したあとに表れる追加/効果を表わしてる/必ずなる
08695280,isolated,1,claimed,story,,,0802F5E4,分けてあげよう··そうすれば更なる力を得ることが/できるぞ··その力で私
08695474,isolated,1,claimed,lore,,,0801080A,び殺されるが、そのたびに高天原の/神の助けで蘇える。·
086955C0,isolated,1,claimed,lore,,,08020600,熾天使。··旧約聖書外典『トビト書』に記述が/みられ、大天使ラファエルの
08695630,isolated,1,claimed,story,,,08050306,ら/私からオベロン様に/魔法を解いてくれるよう/お願いしてもいいんですけ
08695944,isolated,1,claimed,story,,,080A1804,なものです/··10戦ごとに棄権するかどうかの/選択ができます/··連戦
08695D68,isolated,1,claimed,lore,,,0800FE00,り、金星の女神でもある。··夫である穀物神タンムズを追い、冥/界を訪れる
086965D8,isolated,1,claimed,story,,,08080802,マンドで戦闘時/に行動を実行すると以後AUTO/戦闘を行った時にそれが実
0869667C,isolated,1,claimed,lore,,,0801F606,ル）の管理者で/あり、女神ノルンの最高青任者。··ノルンの守る運命の泉（
086966AC,isolated,1,claimed,lore,,,0801080C,殺されるが、そのたびに高天原の/神の助けで蘇える。·
0869674C,isolated,1,claimed,story,,,0805F900,おくれ···□九元鑑定屋：/メモリーの空きが無い/仲魔を減らしてから/来
0869681C,isolated,1,claimed,story,,,0806F800,　って言う/ヤツもいるけど/どう思う？·
08696A1C,isolated,1,claimed,story,,,08080800,コマンドで戦闘時/に行動を実行すると以後AUTO/戦闘を行った時にそれが
08696A50,isolated,1,claimed,dialogue,,,08090F04,ウググ………！！　
08696AE8,isolated,1,claimed,story,,,08090600,ナカマにおなりィ！
08696C70,isolated,1,claimed,story,,,0806F900,てるかい？··オレ達が掘り出した武器を/作り直したり　新しい武器を/作り
08696F38,isolated,1,claimed,story,,,08070300,□□□＞·は/何か　落としていった··”□”を手に入れた··“
08696FEC,isolated,1,claimed,story,,,08030108,貸せば/神に導かれる側として/認められるかも知れぬぞ··そうすれば・・・
0869717C,isolated,1,claimed,lore,,,08010004,色をした美しい女戦士。··十の腕に様々な武器を握り、魔獣ド/ゥンにまたが
086979F4,isolated,1,claimed,lore,,,0801FEEA,デュラハーン/　出身地　　：アイルランド/自分の首を脇に抱えた騎士の姿を
08697A7C,isolated,1,claimed,story,,,0803FB0C,ルイ・サイファー：/こんなところで会うとはね/·君/よく魔界まで　きたも
08697EF8,isolated,1,claimed,lore,,,0800EEF2,　　：スサノオ/　出身地　　：日本/アマテラス、ツクヨミとともに三貴/子
08697F54,isolated,1,claimed,story,,,0804F0FC,かった……···≤□
08698A54,isolated,1,claimed,lore,,,08020002,コットランドが発祥とされ、その/姿は美しい娘であるが、背中に窪み/や、長
086994F8,isolated,1,claimed,story,,,08070206,は　地下世界の/者達と共に　この神々の復活を/待っているのだ………·
08699760,isolated,1,claimed,lore,,,0800FB02,る/。·
086999F4,isolated,1,claimed,story,,,08030002,民が救われる··その姿のままでは/お前は救われぬがな···
08699ED0,isolated,1,claimed,story,,,08090604,マにおなりィ！
0869A230,isolated,1,claimed,story,,,08090906,お前も死んで　仲魔になろれ！
0869D208,isolated,1,claimed,story,,,080800F6,ら1ターンで滅ぼすこと/も可能なんだ···□句·剣　銃　魔法　特技のいく
0869EDB0,isolated,1,claimed,lore,,,0800F2F2,黒/い神」。·
0869EDF0,isolated,1,claimed,story,,,08060404,った奴ですら/私を　のけ者にしやがる·
0869F098,isolated,1,claimed,lore,,,0802060A,·旧約聖書外典『トビト書』に記述が/みられ、大天使ラファエルの助言を/受
0869F1FC,isolated,1,claimed,story,,,0807FBF6,気を付けて/おきましょう···□句·□句·武器パラメーターの見かたを説明
0869F9C0,isolated,1,claimed,story,,,0804FDFC,よくしてやる··そーれ！·□÷·＞パックは　·に/”□”をかけた！···
0869FB74,isolated,1,claimed,lore,,,0800FBFA,パールヴァティの怒り/の化身で、破壊と殺戮の女神。··名は「黒い者」とい
0869FB8C,isolated,1,claimed,story,,,080700FC,いのだ·
0869FC94,isolated,1,claimed,story,,,0805FDF4,け入れ得る者のようだ··自らの悪行をわきまえ/忘れるでないぞ··⇔·'
0869FFCC,isolated,1,claimed,story,,,0803FEFA,イェソドからここへ/来たみたいだねえ　感心感心··N□.·.□□
086A0520,isolated,1,claimed,lore,,,0800F6FE,教、土地の区画を開発して/文化に貢献した英雄として崇められ/る完全な善の
086A06AC,isolated,1,claimed,story,,,080807FE,Tコマンドで戦闘時/に行動を実行すると以後AUTO/戦闘を行った時にそれ
086A0744,isolated,1,claimed,lore,,,0801FD00,門に/棲む鬼であり、四天王、渡辺綱によ/り正体をあかされ、腕を切り落とさ
086A49A4,isolated,1,claimed,story,,,08060604,ー：/·N英倶·煙倶やあ　また会ったね/·君··ここで　会うことに/なる
086A4CAC,isolated,1,claimed,story,,,08090904,/お前も死んで　仲魔になろれ！
086A4CF4,isolated,1,claimed,lore,,,0801FEFC,身地　　：アイルランド/自分の首を脇に抱えた騎士の姿をし/た妖精。··コ
086A4D84,isolated,1,claimed,story,,,0805FFFC,二度と/会えない··でも　もう一度あなたに会えて/もう一度あなたの役に立
086A522C,isolated,1,claimed,story,,,08080806,ドで戦闘時/に行動を実行すると以後AUTO/戦闘を行った時にそれが実行さ
086A54A4,isolated,1,claimed,story,,,0803FEF8,でイェソドからここへ/来たみたいだねえ　感心感心··N□.·.□□
086A58F0,isolated,1,claimed,story,,,08050300,でしたら/私からオベロン様に/魔法を解いてくれるよう/お願いしてもいいん
086A61CC,isolated,1,claimed,story,,,08060914,つかわされた　サタンなのか？·/それを　確かめるため/来てもらったが··
086A6328,isolated,1,claimed,lore,,,0800FDF8,の娘であり、金星の女神でもある。··夫である穀物神タンムズを追い、冥/界
086A67D4,isolated,1,claimed,story,,,08050702,·：/ここにとどまって/妖精達のために働いていると…··おれは大切な何か
086A68CC,isolated,1,claimed,story,,,08060504,/来たから相手に　しねぇゼ··ジジイだから/話合わねぇしよぉ··太った男
086A68EC,isolated,1,claimed,story,,,080502FE,りでしたら/私からオベロン様に/魔法を解いてくれるよう/お願いしてもいい
086A6964,isolated,1,claimed,lore,,,08020206,供の一人。··世界蛇ヨルムンガルドの別名。生ま/れてすぐ、オーディンによ
086A7024,isolated,1,claimed,story,,,080400FC,アー回廊は　通れないな·□。·。I□
086A7098,isolated,1,claimed,story,,,08050404,したか……·
086A7110,isolated,1,claimed,lore,,,0800F6F4,/文字や宗教、土地の区画を開発して/文化に貢献した英雄として崇められ/る
086A77A4,isolated,1,claimed,story,,,08090908,前も死んで　仲魔になろれ！
086A7A60,isolated,1,claimed,story,,,08050402,ましたか……·
086A7A84,isolated,1,claimed,story,,,08060502,マ/来たから相手に　しねぇゼ··ジジイだから/話合わねぇしよぉ··太った
086A7AE0,isolated,1,claimed,lore,,,0800FD00,。··姿は4本の腕を持ち、首から人間の/髑髏をつないだ首飾りを下げている
086A7CB4,isolated,1,claimed,lore,,,08020408,せたり、記憶や本心を消/す能力を持つといわれている。·
086A7F50,isolated,1,claimed,story,,,08050304,たら/私からオベロン様に/魔法を解いてくれるよう/お願いしてもいいんです
086A809C,isolated,1,claimed,story,,,08070606,行くと/イェツラー回廊の入□がある··ネツァクと　ホドと/ティフェレトに
086A830C,isolated,1,claimed,story,,,08080A0A,TRALの属性の/人だけが装備できる防具よ··ALLは　どの属性の人でも
086A83B4,isolated,1,claimed,story,,,08080708,るね··特技には通常攻撃のものと/追加効果をもつものとがある··種類によ
086A8500,isolated,1,claimed,dialogue,,,080A0A0A,て行こうかのう
086A851C,isolated,1,claimed,story,,,08070302,□□＞·は/何か　落としていった··”□”を手に入れた··“
086A91FC,isolated,1,claimed,lore,,,080200FE,/ントとも呼ばれた蛇神。··オーストラリアの原住民、アボリジ/ニの神。大
086A9374,isolated,1,claimed,dialogue,,,08090000,行っでやぐよ
086AA280,isolated,1,claimed,story,,,0802FE02,··神に逆らい　天使から悪魔に/落とされたお前を知っているから/こそ　こ
086AB7F8,isolated,1,claimed,story,,,080706FC,/開いたって？·
086ABB20,isolated,1,claimed,story,,,08060400,分だった奴ですら/私を　のけ者にしやがる·
086ABD74,isolated,1,claimed,story,,,08050608,ン様に/お願いしてみましょう··（
086ACE84,isolated,1,claimed,story,,,08040300,：/ほらぁ　あたしが言った通り/セトは　復活したでしょ/でもどこへ飛んで
086AD728,isolated,1,claimed,story,,,08040102,廊は　通れないな·□。·。I□
086AD800,isolated,1,claimed,story,,,0803FF06,ここへ/来たみたいだねえ　感心感心··N□.·.□□
086ADB20,isolated,1,claimed,story,,,08050202,なクスリを売る/お店なんですけど……··そ　その　最近いろいろ/いそがし
086AECA4,isolated,1,claimed,story,,,08020BDA,このことはお前に告げることが/できる日は来るのだろうか・・・··いや　私
086AECC0,isolated,1,claimed,lore,,,0800FD02,··姿は4本の腕を持ち、首から人間の/髑髏をつないだ首飾りを下げている/
086B21D8,isolated,1,claimed,story,,,080906F2,ぢにごいよお
086B2200,isolated,1,claimed,story,,,080506F8,…··□□·：/ここにとどまって/妖精達のために働いていると…··おれは
086B2520,isolated,1,claimed,lore,,,0801FE06,の悪霊四十軍団を率いる「炎の/候爵」といわれる厳格な候爵。··名は「隠さ
086B2608,isolated,1,claimed,story,,,0806FFF8,しない……·
086BE5EC,table,4,claimed,battlefrag,,,081231C2,戦闘を開始します
086BE5F0,table,4,claimed,battlefrag,,,081231D4,悪魔と会話します
086BE5F4,table,4,claimed,battlefrag,,,081231E6,戦闘から逃げ出します
086BE5F8,table,4,claimed,battlefrag,,,081231FC,オートバトルを開始します
086BE610,isolated,1,claimed,story,,,08060504,/来たから相手に　しねぇゼ··ジジイだから/話合わねぇしよぉ··太った男
086BE630,table,9,claimed,battlefrag,,,08123216,剣で攻撃します
086BE634,table,9,claimed,battlefrag,,,08123226,銃で攻撃します
086BE638,table,9,claimed,system_menu,,,08123C9A,COMPを使用します
086BE63C,table,9,claimed,battlefrag,,,08123236,魔法を使用します
086BE640,table,9,claimed,battlefrag,,,08123248,アイテムを使用します
086BE644,table,9,claimed,battlefrag,,,0812325E,防御します
086BE648,table,9,claimed,battlefrag,,,081232C2,通常攻撃をします
086BE64C,table,9,claimed,battlefrag,,,081232D4,特殊攻撃をします
086BE650,table,9,claimed,battlefrag,,,081232E6,仲魔がCOMP内に戻ります
086BE690,isolated,3,claimed,battlefrag,,,08123278,仲魔を1体召喚します
086BE694,isolated,3,claimed,battlefrag,,,0812328E,今までに倒した悪魔を分析します
086BE698,isolated,3,claimed,battlefrag+menu_config,,,081232AE,戦闘設定を行います
086BEC28,table,27,claimed,battlefrag,,,081231C2,戦闘を開始します
086BEC2C,table,27,claimed,battlefrag,,,081231D4,悪魔と会話します
086BEC30,table,27,claimed,battlefrag,,,081231E6,戦闘から逃げ出します
086BEC34,table,27,claimed,battlefrag,,,081231FC,オートバトルを開始します
086BEC38,table,27,claimed,battlefrag,,,08123216,剣で攻撃します
086BEC3C,table,27,claimed,battlefrag,,,08123226,銃で攻撃します
086BEC40,table,27,claimed,battlefrag,,,08123236,魔法を使用します
086BEC44,table,27,claimed,battlefrag,,,08123248,アイテムを使用します
086BEC48,table,27,claimed,battlefrag,,,0812325E,防御します
086BEC4C,table,27,claimed,system_menu,,,08123C9A,COMPを使用します
086BEC50,table,27,claimed,battlefrag,,,08123278,仲魔を1体召喚します
086BEC54,table,27,claimed,battlefrag,,,0812328E,今までに倒した悪魔を分析します
086BEC58,table,27,claimed,battlefrag+menu_config,,,081232AE,戦闘設定を行います
086BEC5C,table,27,claimed,battlefrag,,,08123302,NO　DATA
086BEC60,table,27,claimed,battlefrag,,,08123312,攻撃エフェクトの設定を行います
086BEC64,table,27,claimed,battlefrag,,,08123332,戦闘メッセージスピードを設定します
086BEC68,table,27,claimed,battlefrag,,,08123356,オートバトルの設定を行います
086BEC6C,table,27,claimed,battlefrag+menu_config,,,08123374,エフェクト設定を行います
086BEC70,table,27,claimed,battlefrag,,,0812338E,攻撃エフェクトを表示します
086BEC74,table,27,claimed,battlefrag,,,081233AA,攻撃エフェクトの表示を/OFFにします
086BEC78,table,27,claimed,battlefrag+menu_config,,,081233D2,メッセージスピード設定を行います
086BEC7C,table,27,claimed,battlefrag,,,081233F4,通常の速度でメッセージを表示します
086BEC80,table,27,claimed,battlefrag,,,08123418,文字ウェイトなしで/メッセージを表示します
086BEC84,table,27,claimed,battlefrag+menu_config,,,08123444,オート戦闘設定を行います
086BEC88,table,27,claimed,battlefrag,,,0812345E,剣・銃・通常攻撃のみ/前回の行動を繰り返します
086BEC8C,table,27,claimed,battlefrag,,,0812348E,前回の行動を繰り返します/アイテムやMPがなくなると/通常攻撃をします
086BEC90,table,27,claimed,battlefrag,,,081234D6,前回の行動を繰り返します/アイテムやMPがなくなると/防御します
086BECF0,isolated,1,claimed,battlefrag,,,08123620,デモノイド
086BED10,isolated,1,claimed,battlefrag,,,0812365C,ワクチン
086BED38,isolated,1,claimed,battlefrag,,,0812369C,ウィルス
086BED5C,table,108,claimed,battle,,,081258A4,□は/にらんだ·
086BED60,table,108,claimed,battle,,,081258A4,□は/にらんだ·
086BED64,table,108,claimed,battle,,,081258A4,□は/にらんだ·
086BED68,table,108,claimed,battle,,,081258B6,□は/呪いをかけた·
086BED6C,table,108,claimed,battle,,,081258CC,□は/踊りだした·
086BED70,table,108,claimed,battle,,,081258E0,□は/ステップをふんだ·
086BED74,table,108,claimed,battle,,,081258FA,□は/幸福の歌を歌った·
086BED78,table,108,claimed,battle,,,08125914,□は/子守歌を歌った·
086BED7C,table,108,claimed,battle,,,0812592C,□は/おたけびをあげた·
086BED80,table,108,claimed,battle,,,0812592C,□は/おたけびをあげた·
086BED84,table,108,claimed,battle,,,08125946,□は/かみついた·
086BED88,table,108,claimed,battle,,,0812595A,□は/炎をはいた·
086BED8C,table,108,claimed,battle,,,0812596E,□は/凍える息をはいた·
086BED90,table,108,claimed,battle,,,08125988,□は/毒ガスをはいた·
086BED94,table,108,claimed,battle,,,081259A0,□は/電撃を放った·
086BED98,table,108,claimed,battle,,,081259B6,□は/氷をふらせた·
086BED9C,table,108,claimed,battle,,,081259CC,□は/息をふきかけた·
086BEDA0,table,108,claimed,battle,,,081259E4,□は/白く光りはじめた·
086BEDA4,table,108,claimed,battle,,,081259FE,□は/黒く輝き始めた·
086BEDA8,table,108,claimed,battle,,,08125A16,□は/声をはりあげた·
086BEDAC,table,108,claimed,battle,,,08125A2E,□は/くちづけをした·
086BEDB0,table,108,claimed,battle,,,08125A46,□は/ほほえんだ·
086BEDB4,table,108,claimed,battle,,,08125A5A,□は/息をはいた·
086BEDB8,table,108,claimed,battle,,,08125A5A,□は/息をはいた·
086BEDBC,table,108,claimed,battle,,,08125A5A,□は/息をはいた·
086BEDC0,table,108,claimed,battle,,,08125A6E,□は/水の壁をはった·
086BEDC4,table,108,claimed,battle,,,08125A86,□は/炎の壁をはった·
086BEDC8,table,108,claimed,battle,,,08125A9E,□は/震えはじめた·
086BEDCC,table,108,claimed,battle,,,08125AB4,□は/祈りはじめた·
086BEDD0,table,108,claimed,battle,,,08125ACA,□は/体をさわった·
086BEDD4,table,108,claimed,battle,,,08125A2E,□は/くちづけをした·
086BEDD8,table,108,claimed,battle,,,08125A16,□は/声をはりあげた·
086BEDDC,table,108,claimed,battle,,,08125AE0,□は/両手を合わせた·
086BEDE0,table,108,claimed,battle,,,08125AF8,□は/空にむかってさけんだ·
086BEDE4,table,108,claimed,battle,,,08125B16,□は/声をあげた·
086BEDE8,table,108,claimed,battle,,,08125B2A,□は/誰かの名前を呼んだ·
086BEDEC,table,108,claimed,battle,,,08125B46,□は/目から雷を放った·
086BEDF0,table,108,claimed,battle,,,08125B60,□は/光を集めた·
086BEDF4,table,108,claimed,battle,,,08125B74,サタンは□を/指さした·
086BEDF8,table,108,claimed,battle,,,08125B16,□は/声をあげた·
086BEDFC,table,108,claimed,battle,,,08125B8E,□は/かぶりついた·
086BEE00,table,108,claimed,battle,,,08125B8E,□は/かぶりついた·
086BEE04,table,108,claimed,battle,,,08125B8E,□は/かぶりついた·
086BEE08,table,108,claimed,battle,,,08125B8E,□は/かぶりついた·
086BEE0C,table,108,claimed,battle,,,08125B8E,□は/かぶりついた·
086BEE10,table,108,claimed,battle,,,08125BA4,□は/ひっかいた·
086BEE14,table,108,claimed,battle,,,08125BA4,□は/ひっかいた·
086BEE18,table,108,claimed,battle,,,08125BA4,□は/ひっかいた·
086BEE1C,table,108,claimed,battle,,,08125BB8,□は/針を飛ばした·
086BEE20,table,108,claimed,battle,,,08125BB8,□は/針を飛ばした·
086BEE24,table,108,claimed,battle,,,08125BCE,□は/身体をまきつけた·
086BEE28,table,108,claimed,battle,,,08125BE8,□は/のどをついた·
086BEE2C,table,108,claimed,battle,,,08125BFE,□は/スイッチをおした·
086BEE30,table,108,claimed,battle,,,08125C18,□は/羽根をひろげた·
086BEE34,table,108,claimed,battle,,,08125C30,□は/拳をふり回してきた·
086BEE38,table,108,claimed,battle,,,08125C4C,□は/力をためた·
086BEE3C,table,108,claimed,battle,,,08125C4C,□は/力をためた·
086BEE40,table,108,claimed,battle,,,08125C60,□は/とうめいの液体をはいた·
086BEE44,table,108,claimed,battle,,,08125C80,□は/白いけむりをふきだした·
086BEE48,table,108,claimed,battle,,,08125CA0,□は/羽根をはばたかせた·
086BEE4C,table,108,claimed,battle,,,08125CBC,□は/無数の針を飛ばした·
086BEE50,table,108,claimed,battle,,,08125CD8,□は/体当たりした·
086BEE54,table,108,claimed,battle,,,08125CEE,□は/暴れだした·
086BEE58,table,108,claimed,battle,,,08125D02,□は/のしかかった·
086BEE5C,table,108,claimed,battle,,,08125D18,□は/しっぽをふった·
086BEE60,table,108,claimed,battle,,,08125D30,□は/かけ声をかけた·
086BEE64,table,108,claimed,battle,,,08125D48,□は/なぐりかかった·
086BEE68,table,108,claimed,battle,,,08125D48,□は/なぐりかかった·
086BEE6C,table,108,claimed,battle,,,08125D48,□は/なぐりかかった·
086BEE70,table,108,claimed,battle,,,08125D60,□は/衝撃波を撃った·
086BEE74,table,108,claimed,battle,,,08125D78,□は/けりかかった·
086BEE78,table,108,claimed,battle,,,08125D78,□は/けりかかった·
086BEE7C,table,108,claimed,battle,,,08125D78,□は/けりかかった·
086BEE80,table,108,claimed,battle,,,08125D8E,□は/銃を撃った·
086BEE84,table,108,claimed,battle,,,08125D8E,□は/銃を撃った·
086BEE88,table,108,claimed,battle,,,08125D8E,□は/銃を撃った·
086BEE8C,table,108,claimed,battle,,,08125DA2,□は/剣をふりかざした·
086BEE90,table,108,claimed,battle,,,08125DA2,□は/剣をふりかざした·
086BEE94,table,108,claimed,battle,,,08125DA2,□は/剣をふりかざした·
086BEE98,table,108,claimed,battle,,,08125DBC,□は/飛びかかった·
086BEE9C,table,108,claimed,battle,,,08125DBC,□は/飛びかかった·
086BEEA0,table,108,claimed,battle,,,08125DA2,□は/剣をふりかざした·
086BEEA4,table,108,claimed,battle,,,08125DA2,□は/剣をふりかざした·
086BEEA8,table,108,claimed,battle,,,08125DA2,□は/剣をふりかざした·
086BEEAC,table,108,claimed,battle,,,08125DD2,□は/マグネタイトを食べた·
086BEEB0,table,108,claimed,battle,,,08125DF0,□は/仲間をかばった·
086BEEB4,table,108,claimed,battle,,,08125E08,□は/仲間にくっついた·
086BEEB8,table,108,claimed,battle,,,08125E22,□は/爆発した·
086BEEBC,table,108,claimed,battle,,,08125E34,□は/吸いついた·
086BEEC0,table,108,claimed,battle,,,08125E48,□は/両手で輪をかいた·
086BEEC4,table,108,claimed,battle,,,08125E62,□は/ちょっと休んだ·
086BEEC8,table,108,claimed,battle,,,08125E7A,□は/つえをふった·
086BEECC,table,108,claimed,battle,,,08125E90,□は/体を大きくゆらした·
086BEED0,table,108,claimed,battle,,,08125EAC,□は/身がまえた·
086BEED4,table,108,claimed,battle,,,08125EC0,□は/逃げ出した·
086BEED8,table,108,claimed,battle,,,08125ED4,□は/仲間を呼んだ·
086BEEDC,table,108,claimed,battlefrag,,,08123A06,は呪い殺された
086BEEE0,table,108,claimed,battlefrag,,,08123A16,を呪い殺した
086BEEE4,table,108,claimed,battlefrag,,,08123A24,は石にされた
086BEEE8,table,108,claimed,battlefrag,,,08123A32,を石にした
086BEEEC,table,108,claimed,battlefrag,,,08123A3E,は体が麻痺した
086BEEF0,table,108,claimed,battlefrag,,,08123A4E,を麻痺させた
086BEEF4,table,108,claimed,battlefrag,,,08123A5C,は毒に犯された
086BEEF8,table,108,claimed,battlefrag,,,08123A6C,を毒で弱らせた
086BEEFC,table,108,claimed,battlefrag,,,08123A7C,□はハエに変えられた
086BEF00,table,108,claimed,battlefrag,,,08123A7E,はハエに変えられた
086BEF04,table,108,claimed,battlefrag,,,08123A92,は蛙に変えられた
086BEF08,table,108,claimed,battlefrag,,,08123A92,は蛙に変えられた
086BEF10,table,21,claimed,battlefrag,,,08123AA6,は呪われた
086BEF14,table,21,claimed,battlefrag,,,08123AB2,は虜にされた
086BEF18,table,21,claimed,battlefrag,,,08123AC0,を虜にした
086BEF1C,table,21,claimed,battlefrag,,,08123ACC,は眠ってしまった
086BEF20,table,21,claimed,battlefrag,,,08123ADE,を眠らせた
086BEF24,table,21,claimed,battlefrag,,,08123AEA,は金縛りになった
086BEF28,table,21,claimed,battlefrag,,,08123AFC,を金縛りにした
086BEF2C,table,21,claimed,battlefrag,,,08123B0C,は凍りついた
086BEF30,table,21,claimed,battlefrag,,,08123B1A,を凍りつかせた
086BEF34,table,21,claimed,battlefrag,,,08123B2A,は感電した
086BEF38,table,21,claimed,battlefrag,,,08123B36,を感電させた
086BEF3C,table,21,claimed,battlefrag,,,08123B44,は魔法を封じられた
086BEF40,table,21,claimed,battlefrag,,,08123B58,の魔法を封じた
086BEF44,table,21,claimed,battlefrag,,,08123B68,はちょっとおかしくなった
086BEF48,table,21,claimed,battlefrag,,,08123B82,を狂わせた
086BEF4C,table,21,claimed,battlefrag,,,08123B8E,は幸せにつつまれた
086BEF50,table,21,claimed,battlefrag,,,08123BA2,を幸せにしてあげた
086BEF54,table,21,claimed,battlefrag,,,08123BB6,は倒された
086BEF58,table,21,claimed,battlefrag,,,08123BC2,を倒した
086BEF5C,table,21,claimed,battlefrag,,,08123052,は斬りかかった
086BEF60,table,21,claimed,battlefrag,,,081236DE,のガンが/火を吹いた
086BEF68,isolated,3,claimed,battlefrag,,,08123714,を呼び出した
086BEF6C,isolated,3,claimed,battlefrag,,,08123722,は身を守った
086BEF70,isolated,3,claimed,battlefrag,,,08123730,を/COMPに戻した
086C2CCC,isolated,1,claimed,story,,,0803912A,で待っている男が/見える・・・/·
086C7D3C,isolated,1,claimed,story,,,08040942,ばれている··ティフェレトからは/ベリアー回廊が　出ていて/ゲブラー　ケ
086CB6DC,isolated,1,claimed,story,,,0805070C,にとどまって/妖精達のために働いていると…··おれは大切な何かを/取り戻
086CCAB0,isolated,1,claimed,story,,,08060F04,　強くはない··……私は　生体MAGを/モロクに集めさせた··そのエネル
086CCDA4,isolated,1,claimed,story,,,0803E7AA,の男：/私は　この先ずっと/·様のため/みんなのため　一生　働きます·□
086D0E84,isolated,1,UNCLAIMED,,leak-risk,story,0805A928,"九,□九∧□九∨□九-□九.□九S□九0□九∡□九··□九·悪魔は成長す"
086D1504,isolated,1,claimed,story,,,08070604,に行くと/イェツラー回廊の入□がある··ネツァクと　ホドと/ティフェレト
086D7858,isolated,1,claimed,story,,,08040642,ルシファー様のおかげかな·□。·。M□
086D7FA4,isolated,1,claimed,story,,,08056B5A,ドアは開く··□
086D85C0,isolated,1,claimed,lore,,,0800A7F2,る。··また、セフィロトにおけるネツァ/ック（勝利）を表し、このことか/
086DA294,isolated,1,claimed,story,,,0803C3C2,んな退治してくれ·□、·、」□
086DAA48,isolated,1,claimed,story,,,08074202,ます··・FREEZE/ブフ系魔法による凍結状態/回復するまで行動不能に
086DB03C,isolated,1,claimed,story,,,0803220E,··魔王になれば建物一つ・・・/いや　街を一つ　丸々凍らせる/ことも可能
086DC2B8,isolated,1,claimed,lore,,,08010020,の腕に様々な武器を握り、魔獣ド/ゥンにまたがりアスラ達と戦う。·
086DD370,isolated,1,claimed,story,,,0807410C,ま/す··毎ターン一定の確率で自動回復/します··・CLOSE/一切魔法
086DE7F4,isolated,1,claimed,lore,,,0800C488,に数珠を持つ/姿か両手で琵琶を弾く美しい女神と/して描かれる。·
086E128C,isolated,1,UNCLAIMED,,leak-risk,story,0804C098,·.□□□戦士：/戦うしか能の無い　おれが/神の声を聞き　エデンにいる/
086E43A8,isolated,1,claimed,lore,,,08018800,、人間は/彼らの精神に完全に支配される。··ニャルラトホテプは目的により
086E5E50,isolated,1,claimed,story,,,080A4104,をがんばってください/···□玖□□□玖□玖·□玖·司会：/華麗にして強
086E8E84,isolated,1,claimed,skills,,,08004004,M状態にする
086E90E4,isolated,1,claimed,skills,,,08004002,RM状態にする
086EE088,isolated,1,claimed,story,,,080521A6,：/そのほこらの中に入るのだ··＞ほこらの中に入りますか？/·□九·
086EF714,isolated,1,claimed,story,,,0807410C,ま/す··毎ターン一定の確率で自動回復/します··・CLOSE/一切魔法
086F114C,isolated,1,claimed,story,,,08030872,悲とやらで/地下にでも追いやられ/双方の命が救われるという/わけじゃな·
086F44D8,isolated,1,claimed,story,,,08044444,ードブレイカー　ネ　やってネ/アナタ数当てるだけ/こんどヒントついた　か
086F79C8,isolated,1,claimed,story,,,08050704,：/ここにとどまって/妖精達のために働いていると…··おれは大切な何かを
086F7E44,isolated,1,claimed,story,,,08064202,に　あわされたな··だが　君達に休んでいる/ヒマは無いよ··ルシファーの
086F7EBC,isolated,1,claimed,lore,,,08020080,同様の社会を築/いているといわれる。·
086F9220,isolated,1,claimed,story,,,0809050C,てしてー！
086F99F0,isolated,1,claimed,negotiate_status,,,080A0D0E,/ハエにかえられた··□
08700AC4,isolated,1,claimed,story,,,080749D4,に戻すの/が復活です··これらの状態は完全に戦闘不能/なので先に進むこと
08701784,isolated,1,claimed,story,,,08094C02,ッツ　ヒーホー/ダーンスぅ！
08701D20,isolated,1,claimed,dialogue,,,080A0906,なごの心　分るまい
08703190,isolated,1,claimed,story,,,08054040,□：/おまえの勝ちだ/うわさ通りの強さだな/さあ　通るがよい·□§·
08705DDC,isolated,1,claimed,dialogue,,,08090E0A,の仲魔/どうなっとるんじゃあ！
08713600,isolated,1,claimed,story,,,08040906,ソドは/イェツラー回廊で/ホド　ネツァク　ティフェレトと/結ばれている·
0871C87C,isolated,1,claimed,dialogue,,,08094A62,んねー！/
0871FE94,isolated,1,claimed,story,,,08026438,だがそうは行かない/□－··私は育成プログラムの/人格形成部分に少し手を
08723888,isolated,1,claimed,story,,,08081000,確率が/下がるので気を付けてね··・対電衝/剣・銃・電撃・衝撃・突撃・手
08726EE8,isolated,1,claimed,story,,,0807060C,/イェツラー回廊の入□がある··ネツァクと　ホドと/ティフェレトに/通じ
08728EF4,isolated,1,claimed,story,,,08060582,の計画は　完全だった/あと少しで成功していた/はずが……··変な2人のせ
0872917C,isolated,1,claimed,lore,,,08014080,ド/スコットランドに住む子牛程の大き/さの犬の姿の妖精。··現地語ではク
087296E0,isolated,1,claimed,story,,,0806C20A,·/おしまいだ………·
0872A580,isolated,1,claimed,story,,,0804970A,·次のレイヴでも/あたしが主役よ！·/満月の夜が　待ち遠しいわ·
0872E520,isolated,1,UNCLAIMED,,noise,,08120D38,÷÷□愚張愚、
0872E53C,isolated,1,UNCLAIMED,,noise,,08120DD0,÷÷□愚唐愚、
0872E574,isolated,1,UNCLAIMED,,noise,,0812001C,÷÷‥愚□具、
0872E5AC,isolated,1,UNCLAIMED,,noise,,08120EF4,÷÷富愚□愚、
0872E61C,isolated,1,UNCLAIMED,,noise,,08121074,÷÷欲愚□愚、
0872E638,isolated,1,UNCLAIMED,,MISSING,,081210FC,÷÷露愚猟愚、
0872E654,isolated,1,UNCLAIMED,,noise,,0812119C,÷÷□愚廬愚、
0872E830,isolated,1,UNCLAIMED,,noise,,08120144,÷÷ぱ愚→愚。
0872E868,isolated,1,UNCLAIMED,,MISSING,,081201A8,÷÷プ愚デ愚。
0872E884,isolated,1,UNCLAIMED,,MISSING,,081201A8,÷÷プ愚デ愚。
0872E8D8,isolated,1,UNCLAIMED,,noise,,081202DC,÷÷Μ愚ミ愚.
0872E8F4,isolated,1,UNCLAIMED,,noise,,081203B0,÷÷□愚·愚.
0872E92C,isolated,1,UNCLAIMED,,noise,,08120480,÷÷Ⅶ愚□愚、
0872E948,isolated,1,UNCLAIMED,,noise,,081204E0,÷÷□愚棍愚？
0872E980,isolated,1,UNCLAIMED,,MISSING,,08120588,÷÷挨愚跋愚、
0872E99C,isolated,1,UNCLAIMED,,MISSING,,081205B0,÷÷囲愚或愚？
0872E9B8,isolated,1,UNCLAIMED,,noise,,081205EC,÷÷□愚飲愚？
0872E9D4,isolated,1,UNCLAIMED,,noise,,08120614,÷÷液愚□愚？
0872E9F0,isolated,1,UNCLAIMED,,MISSING,,08120654,÷÷俺愚王愚？
0872EA0C,isolated,1,UNCLAIMED,,MISSING,,08120684,÷÷我愚花愚？
0872EA28,isolated,1,UNCLAIMED,,MISSING,,08120C38,÷÷族愚蔵愚？
0872EA44,isolated,1,UNCLAIMED,,MISSING,,08120C98,÷÷担愚袋愚？
0872EA60,isolated,1,UNCLAIMED,,MISSING,,08120684,÷÷我愚花愚？
0872EA7C,isolated,1,UNCLAIMED,,MISSING,,08120768,÷÷起愚棋愚？
0872EA98,isolated,1,UNCLAIMED,,MISSING,,08120798,÷÷救愚杵愚？
0872EAB4,isolated,1,UNCLAIMED,,MISSING,,081207C8,÷÷彊愚京愚？
0872EAD0,isolated,1,UNCLAIMED,,noise,,08120804,÷÷苦愚□愚？
0872EAEC,isolated,1,UNCLAIMED,,noise,,08120834,÷÷□愚勲愚？
0872EB08,isolated,1,UNCLAIMED,,MISSING,,08120870,÷÷嫌愚潔愚？
0872EB24,isolated,1,UNCLAIMED,,noise,,081208A0,÷÷□愚源愚？
0872EB40,isolated,1,UNCLAIMED,,MISSING,,081208DC,÷÷工愚光愚？
0872EB5C,isolated,1,UNCLAIMED,,noise,,08120918,÷÷剛愚□愚？
0872EB78,isolated,1,UNCLAIMED,,MISSING,,08120954,÷÷座愚魂愚？
0872EB94,isolated,1,UNCLAIMED,,noise,,08120990,÷÷□愚作愚？
0872EBB0,isolated,1,UNCLAIMED,,noise,,081209CC,÷÷施愚□愚？
0872EBCC,isolated,1,UNCLAIMED,,noise,,08120A0C,÷÷□愚辞愚？
0872EBE8,isolated,1,UNCLAIMED,,MISSING,,08120A4C,÷÷収愚狩愚？
0872EC04,isolated,1,UNCLAIMED,,MISSING,,08120A7C,÷÷熟愚戎愚？
0872EC20,isolated,1,UNCLAIMED,,MISSING,,08120AAC,÷÷償愚庶愚？
0872EC3C,isolated,1,UNCLAIMED,,MISSING,,08120588,÷÷挨愚跋愚、
0872EC58,isolated,1,UNCLAIMED,,noise,,081206C0,÷÷劃愚□愚？
0872EC90,isolated,1,UNCLAIMED,,MISSING,,0812072C,÷÷観愚漢愚？
0872ECAC,isolated,1,UNCLAIMED,,MISSING,,08120768,÷÷起愚棋愚？
0872ECC8,isolated,1,UNCLAIMED,,MISSING,,08120798,÷÷救愚杵愚？
0872ECE4,isolated,1,UNCLAIMED,,MISSING,,081207C8,÷÷彊愚京愚？
0872ED00,isolated,1,UNCLAIMED,,noise,,08120804,÷÷苦愚□愚？
0872ED1C,isolated,1,UNCLAIMED,,noise,,08120834,÷÷□愚勲愚？
0872ED38,isolated,1,UNCLAIMED,,noise,,081208A0,÷÷□愚源愚？
0872ED54,isolated,1,UNCLAIMED,,MISSING,,08120870,÷÷嫌愚潔愚？
0872ED70,isolated,1,UNCLAIMED,,MISSING,,081208DC,÷÷工愚光愚？
0872ED8C,isolated,1,UNCLAIMED,,noise,,08120918,÷÷剛愚□愚？
0872EDA8,isolated,1,UNCLAIMED,,MISSING,,08120954,÷÷座愚魂愚？
0872EDC4,isolated,1,UNCLAIMED,,noise,,08120990,÷÷□愚作愚？
0872EDE0,isolated,1,UNCLAIMED,,noise,,081209CC,÷÷施愚□愚？
0872EDFC,isolated,1,UNCLAIMED,,noise,,08120A0C,÷÷□愚辞愚？
0872EE18,isolated,1,UNCLAIMED,,MISSING,,08120A4C,÷÷収愚狩愚？
0872EE34,isolated,1,UNCLAIMED,,MISSING,,08120A7C,÷÷熟愚戎愚？
0872EE50,isolated,1,UNCLAIMED,,MISSING,,08120AAC,÷÷償愚庶愚？
0872EE6C,isolated,1,UNCLAIMED,,noise,,08120AEC,÷÷□愚笑愚？
0872EE88,isolated,1,UNCLAIMED,,MISSING,,08120B34,÷÷進愚植愚？
0872EEA4,isolated,1,UNCLAIMED,,noise,,08120B6C,÷÷□愚髄愚？
0872EEDC,isolated,1,UNCLAIMED,,noise,,08120BCC,÷÷船愚□愚？
0872EEF8,isolated,1,UNCLAIMED,,noise,,08120BFC,÷÷奏愚□愚？
0872F10C,isolated,1,UNCLAIMED,,MISSING,,081201A8,÷÷プ愚デ愚。
0872F128,isolated,1,UNCLAIMED,,noise,,081201D8,÷÷Θ愚ヶ愚.
0872F144,isolated,1,UNCLAIMED,,noise,,08120214,÷÷ぁ愚o愚.
0872F17C,isolated,1,UNCLAIMED,,MISSING,,081201A8,÷÷プ愚デ愚。
0872F198,isolated,1,UNCLAIMED,,noise,,081201D8,÷÷Θ愚ヶ愚.
0872F1B4,isolated,1,UNCLAIMED,,noise,,08120214,÷÷ぁ愚o愚.
0872F664,isolated,1,claimed,story,,,08070B06,しまった··将門公は　バラバラに引き裂かれ/国津神達も　この地下世界の/
08731278,isolated,1,claimed,dialogue,,,080781C0,　を　持てないぜ
08731EFC,isolated,1,claimed,story,,,080706C2,/開けるには　カギを2つ/使うそうだ·
087342A0,isolated,1,claimed,story,,,08060E0C,ぎぬ··この大□□が/教えてやろう！/真の恐怖を！···
087348EC,isolated,1,claimed,dialogue,,,080781C0,　を　持てないぜ
08736734,isolated,1,claimed,story,,,0802B066,···÷ン□·□·、ョ□ケルベロス：/ん・・・ああ・・・··ヴァルハラの
087371F0,isolated,1,claimed,story,,,08070206,は　地下世界の/者達と共に　この神々の復活を/待っているのだ………·
0873A164,isolated,1,claimed,story,,,080504C4,……··そ　その　最近いろいろ/いそがしくって/お店は　やってないんです
0873AC78,isolated,1,claimed,story,,,08025430,··÷□□·、_□目加田：/し　しかし　未だ・・・···
0873AD34,isolated,1,claimed,story,,,0807C304,かげで/元に戻る事ができた··センターの管制室にいる……···%·
0873B3EC,isolated,1,claimed,dialogue,,,080781C0,　を　持てないぜ
0873B8F4,isolated,1,claimed,story,,,0806869C,を/お知らせ/しなければなりません··あの　□が/センターを裏切ったので
0873BEA8,isolated,1,claimed,dialogue,,,080781C0,　を　持てないぜ
0873C9C4,isolated,1,claimed,story,,,08090706,こっち　いらっしゃーイ❤︎⁠
0873CB50,isolated,1,claimed,story,,,0806CC26,じゃ　ダメよ··コクマの塔をのぼらなきゃ·
0873D870,isolated,1,claimed,dialogue,,,080781C0,　を　持てないぜ
0873D8FC,isolated,1,claimed,dialogue,,,080781C0,　を　持てないぜ
0873F550,isolated,1,claimed,dialogue,,,080781C0,　を　持てないぜ
08740CF4,isolated,1,claimed,story,,,08056FCA,ファーよ··ルシファー：/唯一神の手先ふぜいに/私の考えは/しょせん理解
0874135C,isolated,1,claimed,dialogue,,,080781C0,　を　持てないぜ
08741730,isolated,1,claimed,dialogue,,,080A090E,　分るまい
08742E58,isolated,1,claimed,story,,,0807C3C2,された··元老院が無くなって/支配するものは無くなったが/ミレニアム全体
08745148,isolated,1,claimed,story,,,08070C0A,復活させねば/トウキョウの混乱は/おさまらぬであろう··……そして　天津
087475E4,isolated,1,claimed,dialogue,,,080781C0,　を　持てないぜ
08747670,isolated,1,claimed,dialogue,,,080781C0,　を　持てないぜ
08748118,isolated,1,claimed,dialogue,,,080781C0,　を　持てないぜ
0874B104,isolated,1,claimed,dialogue,,,080781C0,　を　持てないぜ
0874D310,isolated,1,claimed,lore,,,08010724,ミコト）顕国/玉神（ウツシクニダマノカミ）葦原/色許男神（アシハラノシコ
0874DB14,isolated,1,claimed,dialogue,,,080781C0,　を　持てないぜ
0874EEE8,isolated,1,claimed,story,,,080806CA,負けちゃうかもね···□句·ほとんどの悪魔は「特技」を/持ってるね··特
0874F8D8,isolated,1,claimed,dialogue,,,08090CC2,仲魔の傷は　ワシに任せろ！
0874FE70,isolated,1,claimed,story,,,08080704,ってるね··特技には通常攻撃のものと/追加効果をもつものとがある··種類
08751428,isolated,1,claimed,dialogue,,,080781C0,　を　持てないぜ
087514B4,isolated,1,claimed,dialogue,,,080781C0,　を　持てないぜ
08753398,isolated,1,claimed,dialogue,,,080781C0,　を　持てないぜ
08753424,isolated,1,claimed,dialogue,,,080781C0,　を　持てないぜ
08753B38,isolated,1,claimed,dialogue,,,080781C0,　を　持てないぜ
0875426C,isolated,1,claimed,dialogue,,,080781C0,　を　持てないぜ
08754BBC,isolated,1,claimed,skills,,,0800448E,出し/進入地点に戻る
0875525C,isolated,1,claimed,negotiate_status,,,080A0D0E,/ハエにかえられた··□
08758F84,isolated,1,claimed,story,,,08044404,た　ナンディさんネ··また会えた人　おひさネー/うれしネー··コードブレ
08759BB0,isolated,1,claimed,dialogue,,,080781C0,　を　持てないぜ
0875AF20,isolated,1,claimed,story,,,08040502,らしい/飲み込んだ物を　無にしてしまう/ヤツ自体が　無になってしまった·
0875C858,isolated,1,claimed,lore,,,0801B8BA,/　出身地　　：日本/ゾンビに襲われた野犬がゾンビ化し/たもの。··常に
0875E224,isolated,1,claimed,story,,,080445C4,数だけ当たり位置ちがうネ··全部　H　で　大当たりネ··HINTは　その
0875E68C,isolated,1,claimed,story,,,0806C504,のね……·
0875EF60,isolated,1,claimed,story,,,08028000,た/あなたがそうまで言うのなら/センターと話をしてみましょう···÷ン□
0875F00C,isolated,1,claimed,lore,,,08013378,幻自在で、人間や蛇、ジ/ャッカルなどの姿をとるが、巨人の/姿で現れること
08760538,isolated,1,claimed,lore,,,080125D2,ところを退治された。··その際、尾から出た剣は天叢雲剣（/アメノムラクモ
08760BB4,isolated,1,claimed,story,,,08070906,キョウの守り神　平将門公は/その身体を6つに/引き裂かれたのだ··大和神
087610C4,isolated,1,claimed,lore,,,08010604,/に幽開される。··諏訪には、タケミナカタが諏訪湖の/竜神や、モリヤノオ
08762CC4,isolated,1,UNCLAIMED,,leak-risk,story,08021038,·》□：/う・・・う・・・···＝ロ□·。〜□科学者：/ふむ・・・麻酔が
087638A4,isolated,1,claimed,story,,,08020CC4,・・/私の体に命が宿ったわ··お父さんもお母さんも喜んで/くれたけど・・
08763C84,isolated,1,claimed,dialogue,,,080781C0,　を　持てないぜ
08764B14,isolated,1,claimed,dialogue,,,080781C0,　を　持てないぜ
08767048,isolated,1,claimed,lore,,,08016B7C,の鎧を着て、赤い馬にまたがる/騎士の姿で現れる。··嘘つきの為、信用が置
08768D68,isolated,1,claimed,story,,,08048AFA,··□銀·□·NOW　PLAYING/　　　　　　　　MUSIC··□銀
08769E58,isolated,1,claimed,story,,,08046082,/入っていますが　現在どこに/いるのかわかっていません··誰が　何のため
0876B308,isolated,1,claimed,lore,,,0801050A,日彦（アビヒコ）/が主神として祭っている。·
0876D8F0,isolated,1,UNCLAIMED,,MISSING,,081107C0,÷÷協具べ具。
0876D9E0,isolated,1,UNCLAIMED,,MISSING,,081107C0,÷÷協具べ具。
0876D9F8,isolated,1,UNCLAIMED,,MISSING,,08110A54,÷÷洲具好具。
0876DA28,isolated,1,UNCLAIMED,,noise,,08110EAC,÷÷被具□具、
0876DA40,isolated,1,UNCLAIMED,,noise,,0811184C,÷÷□具膨具、
0876DAA0,isolated,1,UNCLAIMED,,MISSING,,081107C0,÷÷協具べ具。
0876F6F4,isolated,1,claimed,story,,,080A0C0E,し　アイテムがいっぱいだ··□
0876FBE8,isolated,1,claimed,battle,,,0812467E,異常治療
0876FBF4,isolated,1,claimed,battle,,,08124694,アイテムを買う
0876FC00,table,10,claimed,battle,,,081246B0,2身合体
0876FC04,table,10,claimed,battle,,,081246BA,3身合体
0876FC08,table,10,claimed,battle,,,081246C4,ステイタスを見る
0876FC0C,table,10,claimed,battle,,,081246D6,コンピュータ
0876FC10,table,10,claimed,battle,,,081246E4,部屋を出る
0876FC14,table,10,claimed,battle,,,081246F0,自分の部屋に行く
0876FC18,table,10,claimed,battle,,,08124702,睡眠をとる
0876FC1C,table,10,claimed,battle,,,0812470E,外に出かける
0876FC20,table,10,claimed,battle,,,0812471C,少女を助けにいく
0876FC24,table,10,claimed,battle,,,0812472E,オザワの隠れ家へ行く
0876FC2C,table,12,claimed,battle,,,0812474A,店を出る
0876FC30,table,12,claimed,battle,,,08124754,掛け軸　　　　￥　10000
0876FC34,table,12,claimed,battle,,,08124772,水墨画　　　　￥　12800
0876FC38,table,12,claimed,battle,,,08124790,石灯篭　　　　￥　25000
0876FC3C,table,12,claimed,battle,,,081247AE,黄金の仏像　　￥　43000
0876FC40,table,12,claimed,battle,,,081247CC,アイテムと交換
0876FC44,table,12,claimed,battle,,,081247DC,精霊と交換
0876FC48,table,12,claimed,battle,,,081247E8,外に出る
0876FC4C,table,12,claimed,battle,,,081247F2,買うのをやめる
0876FC50,table,12,claimed,battle,,,08124802,剣と合体
0876FC54,table,12,claimed,battle,,,0812480C,ファイル1
0876FC58,table,12,claimed,battle,,,08124818,ファイル2
0876FC64,isolated,1,claimed,battle,,,08124834,真中の箱
0876FC6C,isolated,3,claimed,battle,,,08124846,説明を聞く
0876FC70,isolated,3,claimed,battle,,,08124852,武器から並べる
0876FC74,isolated,3,claimed,battle,,,08124862,アイテムから並べる
0876FC80,isolated,1,claimed,battle,,,08124886,デビルバンク
0876FC9C,table,30,claimed,battle,,,08124894,COMP作動
0876FCA0,table,30,claimed,battle,,,081248A2,COMPを/使える状態ではありません·
0876FCA4,table,30,claimed,battle,,,081248CA,コンピュータシステムエラー·
0876FCA8,table,30,claimed,battle,,,081248E8,ここではCOMPを使用できません·
0876FCAC,table,30,claimed,battle,,,08124926,·どうしますか？/　使う/　装備する/　捨てる
0876FCB0,table,30,claimed,battle,,,08124956,マッパーの効果がなくなった·
0876FCB4,table,30,claimed,battle,,,08124974,コアシールドの効果がなくなった·
0876FCB8,table,30,claimed,battle,,,08124996,アムレットの効果がなくなった·
0876FCBC,table,30,claimed,battle,,,081249B6,誰にしますか？
0876FCC0,table,30,claimed,battle,,,081249C6,ここでは使用できない·
0876FCC4,table,30,claimed,battle,,,081249DE,仲魔を呼び出す
0876FCC8,table,30,claimed,battle,,,081249EE,仲魔を戻す
0876FCCC,table,30,claimed,battle,,,081249FA,仲魔をはずす
0876FCD0,table,30,claimed,battle,,,08124A08,位置替えをする
0876FCD4,table,30,claimed,battle,,,08124A18,オートマッピング
0876FCD8,table,30,claimed,battle,,,08124A2A,デビルアナライズ
0876FCDC,table,30,claimed,battle,,,08124A3C,·NO　DATA·
0876FCE0,table,30,claimed,battle,,,08124A50,NO　DATA·
0876FCE4,table,30,claimed,battle,,,08124A62,アナライズできる悪魔はいません·
0876FCE8,table,30,claimed,battle,,,08124A84,·位置替えをしてください
0876FCEC,table,30,claimed,battle,,,08124A9E,·誰を呼び出しますか？
0876FCF0,table,30,claimed,battle,,,08124AB6,·誰を戻しますか？
0876FCF4,table,30,claimed,battle,,,08124ACA,·誰をはずしますか？
0876FCF8,table,30,claimed,battle,,,08124AE0,·どこに呼び出しますか？
0876FCFC,table,30,claimed,battle,,,08124AFA,·誰と替えて呼び出しますか？
0876FD00,table,30,claimed,battle,,,08124B18,·呼び出せる仲魔はいない·
0876FD04,table,30,claimed,battle,,,08124B34,·戻せる仲魔はいない·
0876FD08,table,30,claimed,battle,,,08124B4C,·はずせる仲魔はいない·
0876FD0C,table,30,claimed,battle,,,08124B66,·この仲魔ははずせない·
0876FD10,table,30,claimed,battle,,,08124B80,·□を/はずしますよろしいですか？·□愚
0876FD18,table,10,claimed,battle,,,08124BAA,·位置替えできない·
0876FD1C,table,10,claimed,battle,,,08124BC0,·持っていない·
0876FD20,table,10,claimed,battle,,,08124BD2,使えるアイテムは持っていません·
0876FD24,table,10,claimed,battle,,,08124C60,誰も使えない·
0876FD28,table,10,claimed,battle,,,08124C8A,·装備できるアイテムは/持っていない·
0876FD2C,table,10,claimed,battle,,,08124CB2,·誰に装備しますか？
0876FD30,table,10,claimed,battle,,,08124CC8,·どのアイテムを使いますか？
0876FD34,table,10,claimed,battle,,,08124CE6,·どのアイテムを捨てますか？
0876FD38,table,10,claimed,battle,,,08124D04,·アイテムがいっぱいです/なにか捨ててください·
0876FD3C,table,10,claimed,battle,,,08124D36,·□を捨てます/よろしいですか？·□愚
0876FD48,table,5,claimed,battle,,,08124D72,·誰に使いますか？
0876FD4C,table,5,claimed,battle,,,08124D86,しかし効果がなかった·
0876FD50,table,5,claimed,battle,,,08124D9E,·□の/HPがあっがた！！·
0876FD54,table,5,claimed,battle,,,08124DBC,階段をのぼりますか？·□愚
0876FD58,table,5,claimed,battle,,,08124DD8,階段をおりますか？·□愚
0876FD60,isolated,3,claimed,battle,,,08124DF2,出□があります/外へ出ますか？·□愚
0876FD64,isolated,3,claimed,battle,,,08124E18,宝箱があります/あけますか？·□愚
0876FD68,isolated,3,claimed,battle,,,08124E3C,·□は/宝箱をあきらめた·
0876FD74,table,20,claimed,battle,,,08124E8A,□は/□のマグネタイトをみつけた·
0876FD78,table,20,claimed,battle,,,08124EAE,□は罠にかかった·
0876FD7C,table,20,claimed,battle,,,08124EC2,すでに中身はからっぽだ·
0876FD80,table,20,claimed,battle,,,08124EDC,しかし中身はからっぽだった·
0876FD84,table,20,claimed,battle,,,08124EFA,·誰も魔法を使えない·
0876FD88,table,20,claimed,battle,,,08124F12,·誰の魔法を使いますか？
0876FD8C,table,20,claimed,battle,,,08124F2C,·どの魔法を使いますか？
0876FD90,table,20,claimed,battle,,,08124F46,使える魔法がありません·
0876FD94,table,20,claimed,battle,,,08124F60,魔法を使える状態ではありません·
0876FD98,table,20,claimed,battle,,,08124F9C,□は魔法をとなえた·
0876FD9C,table,20,claimed,battle,,,08124FB2,パーティがいっぱいで呼べない·
0876FDA0,table,20,claimed,battle,,,08124FD2,だれもわるくない·
0876FDA4,table,20,claimed,battle,,,08124FE6,□は回復した·
0876FDA8,table,20,claimed,battle,,,08124FF6,失敗してしまった！！·
0876FDAC,table,20,claimed,battle,,,0812500E,すでに効いている·
0876FDB0,table,20,claimed,battle,,,08125022,·MPがたりない·
0876FDB4,table,20,claimed,battle,,,08125036,しまったMPがない·
0876FDB8,table,20,claimed,battle,,,0812504C,マグネタイトがなくなった·
0876FDBC,table,20,claimed,battle,,,08125068,·お金がたりません·
0876FDC0,table,20,claimed,battle,,,0812507E,·属性が違うので呼び出せない·
0876FE40,table,47,claimed,battle,,,0812509E,□から/MPを吸い取った·
0876FE44,table,47,claimed,battle,,,081250BA,□は/MPを吸い取られた·
0876FE48,table,47,claimed,battle,,,081250D6,悪魔たちの/攻撃力を下げた·
0876FE4C,table,47,claimed,battle,,,081250F4,□の/攻撃力が下がった·
0876FE50,table,47,claimed,battle,,,0812510E,悪魔たちの/防御力を下げた·
0876FE54,table,47,claimed,battle,,,0812512C,□の/防御力が下がった·
0876FE58,table,47,claimed,battle,,,08125146,悪魔たちの/命中力を下げた·
0876FE5C,table,47,claimed,battle,,,08125164,□の/命中力が下がった·
0876FE60,table,47,claimed,battle,,,08125232,□の/攻撃力を上げた·
0876FE64,table,47,claimed,battle,,,0812524A,悪魔たちの/攻撃力が上がった·
0876FE68,table,47,claimed,battle,,,0812526A,□の/防御力を上げた·
0876FE6C,table,47,claimed,battle,,,08125282,悪魔たちの防御力が上がった·
0876FE70,table,47,claimed,battle,,,081252A0,□の/命中力を上げた·
0876FE74,table,47,claimed,battle,,,081252B8,悪魔たちの命中力が上がった·
0876FE78,table,47,claimed,battle,,,081252D6,□の/魔力を上げた·
0876FE7C,table,47,claimed,battle,,,081252EC,悪魔たちの魔力が上がった·
0876FE80,table,47,claimed,battle,,,08125308,□に結界を/張った·
0876FE84,table,47,claimed,battle,,,0812531E,悪魔たちは結界を張った·
0876FE88,table,47,claimed,battle,,,08125338,□に/シールドを張った·
0876FE8C,table,47,claimed,battle,,,08125352,悪魔たちはシールドを張った·
0876FE90,table,47,claimed,battle,,,08125370,□に/バリアを張った·
0876FE94,table,47,claimed,battle,,,08125388,悪魔たちはバリアを張った·
0876FE98,table,47,claimed,battle,,,081253A4,□は/回復した·
0876FE9C,table,47,claimed,battle,,,081253A4,□は/回復した·
0876FEA0,table,47,claimed,battle,,,081253A4,□は/回復した·
0876FEA4,table,47,claimed,battle,,,081253A4,□は/回復した·
0876FEA8,table,47,claimed,battle,,,081253A4,□は/回復した·
0876FEAC,table,47,claimed,battle,,,081253A4,□は/回復した·
0876FEB0,table,47,claimed,battle,,,081253B6,□は/回復した·
0876FEB4,table,47,claimed,battle,,,081253C8,□たちは/回復した·
0876FEB8,table,47,claimed,battle,,,081253DE,□は/回復した·
0876FEBC,table,47,claimed,battle,,,081253F0,□たちは/回復した·
0876FEC0,table,47,claimed,battle,,,08125406,□は/われにかえった·
0876FEC4,table,47,claimed,battle,,,08125406,□は/われにかえった·
0876FEC8,table,47,claimed,battle,,,0812541E,□は/われにかえった·
0876FECC,table,47,claimed,battle,,,08125436,□たちは/われにかえった·
0876FED0,table,47,claimed,battle,,,08125452,□から/毒がきえた·
0876FED4,table,47,claimed,battle,,,08125452,□から/毒がきえた·
0876FED8,table,47,claimed,battle,,,08125468,□の/マヒがなおった·
0876FEDC,table,47,claimed,battle,,,08125468,□の/マヒがなおった·
0876FEE0,table,47,claimed,battle,,,08125480,□は/石から戻った·
0876FEE4,table,47,claimed,battle,,,08125480,□は/石から戻った·
0876FEE8,table,47,claimed,battle,,,08125496,□は/息をふきかえした·
0876FEEC,table,47,claimed,battle,,,081254B0,□は/復活した·
0876FEF0,table,47,claimed,battle,,,081254C2,□は/10MPあたえた·
0876FEF4,table,47,claimed,battle,,,081254DC,□は/姿を消した·
0876FEF8,table,47,claimed,battle,,,081254F0,□を/召喚した·
0876FFB8,table,23,claimed,battle,,,08125502,□は/力が抜けていった·
0876FFBC,table,23,claimed,battle,,,0812551C,□は/HPを吸い取られた·
0876FFC0,table,23,claimed,battle,,,08125538,□の/HPを吸い取った·
0876FFC4,table,23,claimed,battle,,,08125552,しかし誰もこなかった·
0876FFC8,table,23,claimed,battle,,,0812556A,□は/□のダメージを受けた·
0876FFCC,table,23,claimed,battle,,,08125588,□は力つきた·
0876FFD0,table,23,claimed,battle,,,08125598,□の/HPが回復した·
0876FFD4,table,23,claimed,battle,,,081255B0,□は/元気がでてきた·
0876FFD8,table,23,claimed,battle,,,081255C8,□の/HPがいっぱいになった·
0876FFDC,table,23,claimed,battle,,,081255E8,□は回復した·
0876FFE0,table,23,claimed,battle,,,081255F8,□は全快した·
0876FFE4,table,23,claimed,battle,,,08125608,□は/息をふきかえした·
0876FFE8,table,23,claimed,battle,,,08125622,□は/復活をとげた·
0876FFEC,table,23,claimed,battle,,,08125638,□の/MPが回復した·
0876FFF0,table,23,claimed,battle,,,08125650,□の/力が上がった·
0876FFF4,table,23,claimed,battle,,,08125666,□の/知恵が上がった·
0876FFF8,table,23,claimed,battle,,,0812567E,□の/魔力が上がった·
0876FFFC,table,23,claimed,battle,,,08125696,□の/体力が上がった·
08770000,table,23,claimed,battle,,,081256AE,□の/速さが上がった·
08770004,table,23,claimed,battle,,,081256C6,□の/運が上がった·
08770008,table,23,claimed,battle,,,081256DC,□は/回復した·
0877000C,table,23,claimed,battle,,,081256DC,□は/回復した·
08770010,table,23,claimed,battle,,,081256EE,□は/魔法のバリアを張った·
08770030,isolated,3,claimed,battle,,,081257B2,□は/立ち去った·
08770034,isolated,3,claimed,battle,,,08125884,しかし□が/身代わりになった·
08770038,isolated,3,claimed,battle,,,0812454E,□が/一体増えた·
08770058,isolated,1,claimed,battle,,,08126224,どうしますか？
08770060,table,8,claimed,battle,,,0812623E,□は/どうしますか？
08770064,table,8,claimed,battle,,,08126254,□は逃げだした・···・···・···・···・··・··・··・··・
08770068,table,8,claimed,battle,,,081262BE,□は逃げだした・···・···・···・···・··・··・··・··・
0877006C,table,8,claimed,battle,,,08126324,しまった！！/うしろが壁で逃げられない·
08770070,table,8,claimed,battle,,,0812634E,□は/悪魔に話しかけた·
08770074,table,8,claimed,battle,,,08126368,みんな一生懸命闘っている
08770078,table,8,claimed,battle,,,08126382,どちらに攻撃しますか？
0877007C,table,8,claimed,battle,,,0812639A,これでよろしいですか？
08770084,isolated,2,claimed,battle,,,081263BE,しまった！かわされた·
08770088,isolated,2,claimed,battle,,,081263D6,やった！/□はかわした·
08770090,table,7,claimed,battle,,,0812640C,□に/□のダメージを与えた·
08770094,table,7,claimed,battle,,,0812642A,□は/魔法をとなえた·しかし魔法は封じこまれていた·
08770098,table,7,claimed,battle,,,08126460,おっとはずしてしまった·
0877009C,table,7,claimed,battle,,,0812647A,おっと□は/平気だ·
087700A0,table,7,claimed,battle,,,08126490,ぜんぜん効いていない·
087700A4,table,7,claimed,battle,,,081264A8,□には効かない·
087700A8,table,7,claimed,battle,,,081264BA,□は力つきた·
087700B4,isolated,1,claimed,battle,,,081264EE,悪魔を倒した
087700BC,table,4,claimed,battle,,,08126514,□のお金を手に入れた·
087700C0,table,4,claimed,battle,,,0812652C,□のマグネタイトを得た·
087700C4,table,4,claimed,battle,,,08126546,□個の魔石を拾った·
087700C8,table,4,claimed,battle,,,0812655C,□個の宝玉を拾った·
087700D0,table,19,claimed,battle,,,08126580,□の/レベルが上がった！！·
087700D4,table,19,claimed,battle,,,0812659E,戦闘状態でそれどころではない·
087700D8,table,19,claimed,battle,,,081265E6,話せる状態ではない·
087700DC,table,19,claimed,battle,,,081265FC,装備していません·
087700E0,table,19,claimed,battle,,,08126610,弾が装備されていません·
087700E4,table,19,claimed,battle,,,0812662A,□は/COMPに戻った·
087700E8,table,19,claimed,battle,,,08126644,□は/特技をもっていない·
087700EC,table,19,claimed,battle,,,08126660,□は/悪魔の不意をついた·
087700F0,table,19,claimed,battle,,,0812667C,悪魔が突然襲いかかってきた·
087700F4,table,19,claimed,battle,,,0812669A,□のガンが火を噴いた·
087700F8,table,19,claimed,battle,,,081266B2,□は/斬りかかった·
087700FC,table,19,claimed,battle,,,081266C8,□は/位置替えをした·
08770100,table,19,claimed,battle,,,081266E0,□は/仲魔を呼んだ·
08770104,table,19,claimed,battle,,,081266F6,□は/仲魔を戻した·
08770108,table,19,claimed,battle,,,0812670C,□は/後ろから襲われた·
0877010C,table,19,claimed,battle,,,08126726,□は跳ね返した·
08770110,table,19,claimed,battle,,,08126738,しまった跳ね返された·
08770114,table,19,claimed,battle,,,08126750,□は/魔法を覚えた·
08770118,table,19,claimed,battle,,,08126766,しかし□が/身代わりになった·
08770120,isolated,1,claimed,battle,,,08126794,□は身を守った·
087707E0,table,5,claimed,battle,,,081257C6,□は回復した·
087707E4,table,5,claimed,battle,,,081257D6,悪魔たちはスライムになった·
087707E8,table,5,claimed,battle,,,081257F4,□は回復した·
087707EC,table,5,claimed,battle,,,08125804,□は/霞につつまれた·
087707F0,table,5,claimed,battle,,,0812581C,□は/元気がでてきた·
087707F8,table,139,claimed,battle,,,0812584C,あたりを見渡すことができた·
087707FC,table,139,claimed,battle,,,0812586A,無し箱から□が出てきた·
08770800,table,139,claimed,battle,,,0812586E,箱から□が出てきた·
08770804,table,139,claimed,battle,,,0812517E,悪魔たちの/カジャの力を消した·
08770808,table,139,claimed,battle,,,081251A0,□の/カジャの力が消された·
0877080C,table,139,claimed,battle,,,081251BE,□は/失った力を回復した·
08770810,table,139,claimed,battle,,,081251DA,悪魔たちは/失った力を回復した·
08770814,table,139,claimed,battle,,,081251FC,悪魔たちの/前に霧をはった·
08770818,table,139,claimed,battle,,,0812521A,□の/前に霧をはった·
0877081C,table,139,claimed,battle,,,081258A4,□は/にらんだ·
08770820,table,139,claimed,battle,,,081258A4,□は/にらんだ·
08770824,table,139,claimed,battle,,,081258A4,□は/にらんだ·
08770828,table,139,claimed,battle,,,081258B6,□は/呪いをかけた·
0877082C,table,139,claimed,battle,,,081258CC,□は/踊りだした·
08770830,table,139,claimed,battle,,,081258E0,□は/ステップをふんだ·
08770834,table,139,claimed,battle,,,081258FA,□は/幸福の歌を歌った·
08770838,table,139,claimed,battle,,,08125914,□は/子守歌を歌った·
0877083C,table,139,claimed,battle,,,0812592C,□は/おたけびをあげた·
08770840,table,139,claimed,battle,,,0812592C,□は/おたけびをあげた·
08770844,table,139,claimed,battle,,,08125946,□は/かみついた·
08770848,table,139,claimed,battle,,,0812595A,□は/炎をはいた·
0877084C,table,139,claimed,battle,,,0812596E,□は/凍える息をはいた·
08770850,table,139,claimed,battle,,,08125988,□は/毒ガスをはいた·
08770854,table,139,claimed,battle,,,081259A0,□は/電撃を放った·
08770858,table,139,claimed,battle,,,081259B6,□は/氷をふらせた·
0877085C,table,139,claimed,battle,,,081259CC,□は/息をふきかけた·
08770860,table,139,claimed,battle,,,081259E4,□は/白く光りはじめた·
08770864,table,139,claimed,battle,,,081259FE,□は/黒く輝き始めた·
08770868,table,139,claimed,battle,,,08125A16,□は/声をはりあげた·
0877086C,table,139,claimed,battle,,,08125A2E,□は/くちづけをした·
08770870,table,139,claimed,battle,,,08125A46,□は/ほほえんだ·
08770874,table,139,claimed,battle,,,08125A5A,□は/息をはいた·
08770878,table,139,claimed,battle,,,08125A5A,□は/息をはいた·
0877087C,table,139,claimed,battle,,,08125A5A,□は/息をはいた·
08770880,table,139,claimed,battle,,,08125A6E,□は/水の壁をはった·
08770884,table,139,claimed,battle,,,08125A86,□は/炎の壁をはった·
08770888,table,139,claimed,battle,,,08125A9E,□は/震えはじめた·
0877088C,table,139,claimed,battle,,,08125AB4,□は/祈りはじめた·
08770890,table,139,claimed,battle,,,08125ACA,□は/体をさわった·
08770894,table,139,claimed,battle,,,08125A2E,□は/くちづけをした·
08770898,table,139,claimed,battle,,,08125A16,□は/声をはりあげた·
0877089C,table,139,claimed,battle,,,08125AE0,□は/両手を合わせた·
087708A0,table,139,claimed,battle,,,08125AF8,□は/空にむかってさけんだ·
087708A4,table,139,claimed,battle,,,08125B16,□は/声をあげた·
087708A8,table,139,claimed,battle,,,08125B2A,□は/誰かの名前を呼んだ·
087708AC,table,139,claimed,battle,,,08125B46,□は/目から雷を放った·
087708B0,table,139,claimed,battle,,,08125B60,□は/光を集めた·
087708B4,table,139,claimed,battle,,,08125B74,サタンは□を/指さした·
087708B8,table,139,claimed,battle,,,08125B16,□は/声をあげた·
087708BC,table,139,claimed,battle,,,08125B8E,□は/かぶりついた·
087708C0,table,139,claimed,battle,,,08125B8E,□は/かぶりついた·
087708C4,table,139,claimed,battle,,,08125B8E,□は/かぶりついた·
087708C8,table,139,claimed,battle,,,08125B8E,□は/かぶりついた·
087708CC,table,139,claimed,battle,,,08125B8E,□は/かぶりついた·
087708D0,table,139,claimed,battle,,,08125BA4,□は/ひっかいた·
087708D4,table,139,claimed,battle,,,08125BA4,□は/ひっかいた·
087708D8,table,139,claimed,battle,,,08125BA4,□は/ひっかいた·
087708DC,table,139,claimed,battle,,,08125BB8,□は/針を飛ばした·
087708E0,table,139,claimed,battle,,,08125BB8,□は/針を飛ばした·
087708E4,table,139,claimed,battle,,,08125BCE,□は/身体をまきつけた·
087708E8,table,139,claimed,battle,,,08125BE8,□は/のどをついた·
087708EC,table,139,claimed,battle,,,08125BFE,□は/スイッチをおした·
087708F0,table,139,claimed,battle,,,08125C18,□は/羽根をひろげた·
087708F4,table,139,claimed,battle,,,08125C30,□は/拳をふり回してきた·
087708F8,table,139,claimed,battle,,,08125C4C,□は/力をためた·
087708FC,table,139,claimed,battle,,,08125C4C,□は/力をためた·
08770900,table,139,claimed,battle,,,08125C60,□は/とうめいの液体をはいた·
08770904,table,139,claimed,battle,,,08125C80,□は/白いけむりをふきだした·
08770908,table,139,claimed,battle,,,08125CA0,□は/羽根をはばたかせた·
0877090C,table,139,claimed,battle,,,08125CBC,□は/無数の針を飛ばした·
08770910,table,139,claimed,battle,,,08125CD8,□は/体当たりした·
08770914,table,139,claimed,battle,,,08125CEE,□は/暴れだした·
08770918,table,139,claimed,battle,,,08125D02,□は/のしかかった·
0877091C,table,139,claimed,battle,,,08125D18,□は/しっぽをふった·
08770920,table,139,claimed,battle,,,08125D30,□は/かけ声をかけた·
08770924,table,139,claimed,battle,,,08125D48,□は/なぐりかかった·
08770928,table,139,claimed,battle,,,08125D48,□は/なぐりかかった·
0877092C,table,139,claimed,battle,,,08125D48,□は/なぐりかかった·
08770930,table,139,claimed,battle,,,08125D60,□は/衝撃波を撃った·
08770934,table,139,claimed,battle,,,08125D78,□は/けりかかった·
08770938,table,139,claimed,battle,,,08125D78,□は/けりかかった·
0877093C,table,139,claimed,battle,,,08125D78,□は/けりかかった·
08770940,table,139,claimed,battle,,,08125D8E,□は/銃を撃った·
08770944,table,139,claimed,battle,,,08125D8E,□は/銃を撃った·
08770948,table,139,claimed,battle,,,08125D8E,□は/銃を撃った·
0877094C,table,139,claimed,battle,,,08125DA2,□は/剣をふりかざした·
08770950,table,139,claimed,battle,,,08125DA2,□は/剣をふりかざした·
08770954,table,139,claimed,battle,,,08125DA2,□は/剣をふりかざした·
08770958,table,139,claimed,battle,,,08125DBC,□は/飛びかかった·
0877095C,table,139,claimed,battle,,,08125DBC,□は/飛びかかった·
08770960,table,139,claimed,battle,,,08125DA2,□は/剣をふりかざした·
08770964,table,139,claimed,battle,,,08125DA2,□は/剣をふりかざした·
08770968,table,139,claimed,battle,,,08125DA2,□は/剣をふりかざした·
0877096C,table,139,claimed,battle,,,08125DD2,□は/マグネタイトを食べた·
08770970,table,139,claimed,battle,,,08125DF0,□は/仲間をかばった·
08770974,table,139,claimed,battle,,,08125E08,□は/仲間にくっついた·
08770978,table,139,claimed,battle,,,08125E22,□は/爆発した·
0877097C,table,139,claimed,battle,,,08125E34,□は/吸いついた·
08770980,table,139,claimed,battle,,,08125E48,□は/両手で輪をかいた·
08770984,table,139,claimed,battle,,,08125E62,□は/ちょっと休んだ·
08770988,table,139,claimed,battle,,,08125E7A,□は/つえをふった·
0877098C,table,139,claimed,battle,,,08125E90,□は/体を大きくゆらした·
08770990,table,139,claimed,battle,,,08125EAC,□は/身がまえた·
08770994,table,139,claimed,battle,,,08125EC0,□は/逃げ出した·
08770998,table,139,claimed,battle,,,08125ED4,□は/仲間を呼んだ·
0877099C,table,139,claimed,battle,,,08124C70,アイテムは使用できない·
087709A0,table,139,claimed,battle,,,0812490C,COMPは　使えません·
087709A4,table,139,claimed,battle,,,08125EEA,□は/倒された·
087709A8,table,139,claimed,battle,,,08125EFC,□を/倒した·
087709AC,table,139,claimed,battle,,,08125F0C,□は/アンデッドに　された·
087709B0,table,139,claimed,battle,,,08125F2A,□は/アンデッドにされた·
087709B4,table,139,claimed,battle,,,08125F46,□は/石にされた·
087709B8,table,139,claimed,battle,,,08125F5A,□を/石にした·
087709BC,table,139,claimed,battle,,,08125F6C,□は/体が麻痺した·
087709C0,table,139,claimed,battle,,,08125F82,□を/麻痺させた·
087709C4,table,139,claimed,battle,,,08125F96,□は/ハエにかえられた·
087709C8,table,139,claimed,battle,,,08125FB0,□は/ハエにかえられた·
087709CC,table,139,claimed,battle,,,08125FCA,□は/こうもりになった·
087709D0,table,139,claimed,battle,,,08125FE4,□は/こうもりになった·
087709D4,table,139,claimed,battle,,,08125FFE,□は/とりこになった·
087709D8,table,139,claimed,battle,,,08126016,□を/とりこにした·
087709DC,table,139,claimed,battle,,,0812602C,□は/凍りついた·
087709E0,table,139,claimed,battle,,,08126040,□を/凍りつかせた·
087709E4,table,139,claimed,battle,,,08126056,□は/感電した·
087709E8,table,139,claimed,battle,,,08126068,□を/感電させた·
087709EC,table,139,claimed,battle,,,0812607C,□は/眠ってしまった·
087709F0,table,139,claimed,battle,,,08126094,□を/眠らせた·
087709F4,table,139,claimed,battle,,,081260A6,□は/金縛りになった·
087709F8,table,139,claimed,battle,,,081260BE,□を/金縛りにした·
087709FC,table,139,claimed,battle,,,081260D4,□は/おかしくなった·
08770A00,table,139,claimed,battle,,,081260EC,□を/狂わせた·
08770A04,table,139,claimed,battle,,,081260FE,□は/幸せにつつまれた·
08770A08,table,139,claimed,battle,,,08126118,□を/幸せにしてあげた·
08770A0C,table,139,claimed,battle,,,08126132,□は/毒におかされた·
08770A10,table,139,claimed,battle,,,0812614A,□を/毒で弱らせた·
08770A14,table,139,claimed,battle,,,08126160,□は/魔法を封じられた·
08770A18,table,139,claimed,battle,,,0812617A,□の/魔法を封じた·
08770A1C,table,139,claimed,battle,,,08126190,□は/力がぬけていった·
08770A20,table,139,claimed,battle,,,081261AA,□は/力がぬけていった·
08777E3C,isolated,1,claimed,battlefrag,,,08123620,デモノイド
08777E5C,isolated,1,claimed,battlefrag,,,0812365C,ワクチン
08777E84,isolated,1,claimed,battlefrag,,,0812369C,ウィルス
08777EA0,table,6,claimed,system_menu,,,08123C9A,COMPを使用します
08777EA4,table,6,claimed,system_menu,,,08123CB0,魔法を使用します
08777EA8,table,6,claimed,system_menu,,,08123CC2,アイテム使用／整頓／並び替え／廃棄
08777EAC,table,6,claimed,system_menu,,,08123CE6,装備を変更します
08777EB0,table,6,claimed,system_menu,,,08123CF8,詳細ステータスを表示します
08777EB4,table,6,claimed,system_menu,,,08123D14,隊列を変更します
08777FE0,table,6,claimed,system_menu,,,08123D26,COMP内の仲魔を召喚します
08777FE4,table,6,claimed,system_menu,,,08123D44,仲魔をCOMP内に戻します
08777FE8,table,6,claimed,system_menu,,,08123D60,仲魔をパーティーから外します
08777FEC,table,6,claimed,system_menu,,,08123D7E,今まで行った場所のMAPを/表示します
08777FF0,table,6,claimed,system_menu,,,08123DA6,パーティー全員の回復を/自動的に行います
08777FF4,table,6,claimed,system_menu,,,08123DD0,今までに倒した悪魔を分析します
0877829C,isolated,1,claimed,battle,,,0812507E,·属性が違うので呼び出せない·
087782B8,isolated,1,claimed,system_menu,,,08124140,マッカが足りません
087782F0,isolated,1,claimed,system_menu,,,08124328,これ以上　修復悪魔は呼び出せない
08778ACC,table,4,claimed,system_menu,,,08123E58,種族別に並べて表示します
08778AD0,table,4,claimed,system_menu,,,08123E72,悪魔名の50音順に並べて表示します
08778AD4,table,4,claimed,system_menu,,,08123E96,レベル順に並べて表示します
08778AD8,table,4,claimed,system_menu,,,08123EB2,属性別に並べて表示します
08778DF4,table,4,claimed,system_menu,,,08124460,アイテムを使用します
08778DF8,table,4,claimed,system_menu,,,08124476,アイテムを整頓します
08778DFC,table,4,claimed,system_menu,,,0812448C,アイテムを並び変えます
08778E00,table,4,claimed,system_menu,,,081244A4,アイテムを廃棄します
08779444,isolated,1,claimed,system_battle_log,,,081244D0,移動元のアイテムを選んで下さい·
087794C0,isolated,1,claimed,system_battle_log,,,081244F2,移動先のアイテムを選んで下さい·
08779520,isolated,1,claimed,system_battle_log,,,081244D0,移動元のアイテムを選んで下さい·
08779760,isolated,1,claimed,system_battle_log,,,081244F2,移動先のアイテムを選んで下さい·
087797C0,isolated,1,claimed,system_battle_log,,,081244D0,移動元のアイテムを選んで下さい·
08779EB8,isolated,3,claimed,system_menu,,,08123E0C,中断セーブを行います
08779EBC,isolated,3,claimed,system_menu,,,08123E22,セーブデータをロードします
08779EC0,isolated,3,claimed,system_menu,,,08123E3E,設定メニューを起動します
0877A004,isolated,3,claimed,battlefrag,,,08123312,攻撃エフェクトの設定を行います
0877A008,isolated,3,claimed,battlefrag,,,08123332,戦闘メッセージスピードを設定します
0877A00C,isolated,3,claimed,battlefrag,,,08123356,オートバトルの設定を行います
0877A01C,isolated,2,claimed,battlefrag,,,0812338E,攻撃エフェクトを表示します
0877A020,isolated,2,claimed,battlefrag,,,081233AA,攻撃エフェクトの表示を/OFFにします
0877A03C,isolated,2,claimed,battlefrag,,,081233F4,通常の速度でメッセージを表示します
0877A040,isolated,2,claimed,battlefrag,,,08123418,文字ウェイトなしで/メッセージを表示します
0877A064,isolated,3,claimed,battlefrag,,,0812345E,剣・銃・通常攻撃のみ/前回の行動を繰り返します
0877A068,isolated,3,claimed,battlefrag,,,0812348E,前回の行動を繰り返します/アイテムやMPがなくなると/通常攻撃をします
0877A06C,isolated,3,claimed,battlefrag,,,081234D6,前回の行動を繰り返します/アイテムやMPがなくなると/防御します
0877A8BC,isolated,1,claimed,battle,,,0812507E,·属性が違うので呼び出せない·
0877A8D8,isolated,1,claimed,system_menu,,,08124140,マッカが足りません
0877A910,isolated,1,claimed,system_menu,,,08124328,これ以上　修復悪魔は呼び出せない
0877CCEC,isolated,1,claimed,lore,,,08010076,ヒメ/　出身地　　：日本/加賀白山の神とされる、農耕神。··名は「菊理姫
0877E7EC,isolated,1,claimed,lore,,,08010076,ヒメ/　出身地　　：日本/加賀白山の神とされる、農耕神。··名は「菊理姫
0877FDF4,isolated,1,claimed,lore,,,08010076,ヒメ/　出身地　　：日本/加賀白山の神とされる、農耕神。··名は「菊理姫
087804EC,isolated,1,claimed,lore,,,08010076,ヒメ/　出身地　　：日本/加賀白山の神とされる、農耕神。··名は「菊理姫
087828EC,isolated,1,claimed,lore,,,08010076,ヒメ/　出身地　　：日本/加賀白山の神とされる、農耕神。··名は「菊理姫
087856F4,isolated,1,claimed,lore,,,08010076,ヒメ/　出身地　　：日本/加賀白山の神とされる、農耕神。··名は「菊理姫
087872EC,isolated,1,claimed,lore,,,08010076,ヒメ/　出身地　　：日本/加賀白山の神とされる、農耕神。··名は「菊理姫
08790408,isolated,1,claimed,story,,,08080808,で戦闘時/に行動を実行すると以後AUTO/戦闘を行った時にそれが実行され
08790414,isolated,1,claimed,story,,,0808060C,有利に進める/ことができるよ··回復魔法はMPを消費して味方の/HPを回
08790770,isolated,1,claimed,lore,,,08010104,もつひらさか）で伊/邪那岐命（イザナギノミコト）と伊/弉冉尊（イザナミノ
0879C6B0,isolated,1,UNCLAIMED,,noise,,0879B9B4,、：..：：□：.：
0879C6C8,isolated,1,UNCLAIMED,,noise,,0879BAD4,、：.：.：□：
0879C6D4,isolated,1,UNCLAIMED,,noise,,0879BB64,、：.：
0879C6DC,isolated,1,UNCLAIMED,,noise,,0879BBC4,、：.：
0879C6EC,isolated,1,UNCLAIMED,,noise,,0879BC84,、：.：.：□：
0879C6F8,isolated,1,UNCLAIMED,,noise,,0879BD14,、：.：.：
0879C710,isolated,2,UNCLAIMED,,noise,,0879BE34,、：.：.：：□：
0879C714,isolated,2,UNCLAIMED,,noise,,0879BE64,、：.：。：
0879C71C,isolated,1,UNCLAIMED,,noise,,0879BEC4,、：：.：：：.：□：：。：：.：
0879C728,isolated,1,UNCLAIMED,,noise,,0879BF54,、...：
0879C740,isolated,1,UNCLAIMED,,noise,,0879C074,、：..：：□：.：
0879C758,isolated,2,UNCLAIMED,,noise,,0879C194,、：.：.：：□：
0879C75C,isolated,2,UNCLAIMED,,noise,,0879C1C4,、：.：。：
0879C764,isolated,1,UNCLAIMED,,noise,,0879C224,、：：.：：：.：□：：。：：.：
0879C770,isolated,1,UNCLAIMED,,noise,,0879C2B4,、...：
0879C77C,isolated,1,UNCLAIMED,,noise,,0879C344,、：.：：.：□：
0879C788,isolated,1,UNCLAIMED,,noise,,0879C3D4,、：.：：：□：：.：
0879C7A0,isolated,1,UNCLAIMED,,noise,,0879C4F4,、：.：.：□：
0879C7AC,isolated,1,UNCLAIMED,,noise,,0879C584,、：.：.：
0879E008,isolated,1,claimed,lore,,,08020000,スコットランドが発祥とされ、その/姿は美しい娘であるが、背中に窪み/や、
0879ECD8,isolated,1,claimed,lore,,,08020000,スコットランドが発祥とされ、その/姿は美しい娘であるが、背中に窪み/や、
0879ECFC,isolated,1,claimed,lore,,,08020000,スコットランドが発祥とされ、その/姿は美しい娘であるが、背中に窪み/や、
0879ED8C,isolated,1,claimed,lore,,,08020000,スコットランドが発祥とされ、その/姿は美しい娘であるが、背中に窪み/や、
0879EE40,isolated,1,claimed,lore,,,08020000,スコットランドが発祥とされ、その/姿は美しい娘であるが、背中に窪み/や、
087A1184,isolated,1,claimed,story,,,080602C2,い/ミレニアム中を荒らし回った/のです··ホーリータウン教会も/おそわれ
087A5258,isolated,1,claimed,story,,,0807207E,せいだ·/·□·もう1人の男：/まずいぞ　目加田/感づかれたらしい··目
087A98B0,isolated,1,claimed,story,,,08050EC2,変わって……··□：/ああっ！/·！·/助けに来てくれたのね！··□、□
087AB660,isolated,1,claimed,story,,,0805BF20,大属性と属性をしっかりと/チェックして会話や合体を/行うように···□九
087AEE2C,isolated,1,claimed,story,,,08060E0C,ぎぬ··この大□□が/教えてやろう！/真の恐怖を！···
087AF644,isolated,1,claimed,story,,,0808121C,撃・手技・足技・飛技/による攻撃を跳ね返すわ··また　火炎・氷結・電撃・
087B4878,isolated,1,claimed,story,,,08046454,っ··ヴァルハラで　命をかけて/戦ったから　今は　のんびり/くらせるんだ
087B7EEC,isolated,1,claimed,story,,,0802C20A,÷∵□·、﹁□ミュータント：/・・・・・・··追われているのか？···
087BABEC,isolated,1,claimed,story,,,08020D04,けど・・・/本当によかったのかしら··・・・・・・··あの日　センターに
087BBAB8,isolated,1,claimed,story,,,08060C02,せてもらおう···よ··おまえに　サタンと戦う/意志と力があるなら/我が
087BC14C,isolated,1,claimed,dialogue,,,08090C0A,様に　かるい！
087BE7A0,isolated,1,claimed,lore,,,080103A4,産にあたって、さまざまな悪霊/から女性を守る者とされた。·
087BFF64,isolated,1,claimed,story,,,08043604,ここは笑うとこだぜぇー···イェイ　どうするんだーい·d　□銀÷□銀\□
087C1FB4,isolated,1,claimed,story,,,0803C5C4,住み始めたみたいね/私　あんな所には　住みたく/ないわ·□。·。$□
087C2064,isolated,1,claimed,lore,,,08016500,的には山羊の頭部で角の間に五/芒星を抱き、烏の翼を持ち、人間の/女性また
087C34A8,isolated,1,claimed,story,,,08020CC4,・・/私の体に命が宿ったわ··お父さんもお母さんも喜んで/くれたけど・・
087C3E74,isolated,1,UNCLAIMED,,leak-risk,story,0803A868,………·
087C4700,isolated,1,claimed,names_item,,,080038C6,大きく回復するが/副作用も…？
087C5C24,isolated,1,claimed,dialogue,,,080A060C,うわけないじゃん！
087C5E2C,isolated,1,claimed,story,,,08060402,だった奴ですら/私を　のけ者にしやがる·
087C9F44,isolated,1,claimed,story,,,0802C30E,·＝﹁□ヒルコ：/・・・長老？···÷∵□·、﹁□ミュータント：/この地
087CBA70,isolated,1,claimed,story,,,08060904,　裁く者として/つかわされた　サタンなのか？·/それを　確かめるため/来
087CC330,isolated,1,UNCLAIMED,,MISSING,,08050906,（春九·∧□、高九·嫉九·∨□、鵠九·嫉九·﹁□、恨九·嫉九·⇒□、査九
087D4660,isolated,1,claimed,negotiate_status,,,080A0E0C,金縛りになった··□
087D57D4,isolated,1,claimed,story,,,0807050E,魔界人：/ターミナル・ストーンの/おかげで　一度行った所へは/ひとっとび
087D7970,isolated,1,claimed,story,,,080209C2,を/始めている··数年後をにらんで/多岐に渡って科学者を/かき集め始めた
087D7FB4,isolated,1,claimed,story,,,08060C0E,···よ··おまえに　サタンと戦う/意志と力があるなら/我がケテル城の　
087D8B30,isolated,1,claimed,story,,,08050E04,/連れてきて！··エッチ！　チカン！　ヘンタイ！···：/何を！/そっち
087D9C0C,isolated,1,claimed,story,,,0804090C,/イェツラー回廊で/ホド　ネツァク　ティフェレトと/結ばれている··ティ
087D9FCC,isolated,1,claimed,story,,,08060904,　裁く者として/つかわされた　サタンなのか？·/それを　確かめるため/来
087DB798,isolated,1,claimed,story,,,08048242,に強敵を/破った戦士　相手の力を利用した/戦いを得意とした·
087DC524,isolated,1,claimed,story,,,0806020C,イア教徒の霊：/おれは　センターの/テンプルナイトに/倒されたんだ··奴
087DF5F0,isolated,1,UNCLAIMED,,leak-risk,story,0803B8A6,·_□吟·×＞ドアは凍りつき　開かない·□辛…
087DF5F8,isolated,1,UNCLAIMED,,leak-risk,story,0803B874,·_□吟·×＞ドアは凍りつき　開かない·□寂□
087DF600,isolated,1,UNCLAIMED,,leak-risk,story,0803B842,·_□吟·×＞ドアは凍りつき　開かない·□身‖
087DF6B0,isolated,1,UNCLAIMED,,leak-risk,story,080518F4,·∋·〔·｛□九·］□九·□九ヒルコの声：/そのほこらの中に入るのだ··
087DF6B8,isolated,1,UNCLAIMED,,leak-risk,story,08051E9A,□□·∋·〔·□□九·］□九·□九ヒルコの声：/そのほこらの中に入るのだ
087DF700,isolated,1,UNCLAIMED,,leak-risk,story,08052098,·∋·〔·…□九·］□九＞ほこらの入□は/開ざされている··□九·〈□九
087DF708,isolated,1,UNCLAIMED,,leak-risk,story,08052154,·∋·〔·□□九·］□九＞ほこらの入□は/開ざされている··□九·《□九
087DF710,isolated,1,UNCLAIMED,,leak-risk,story,080527A0,·±□九·」□九·□·□＞岩戸は/かたく開ざされている··□九·『□九·
087DF718,isolated,1,UNCLAIMED,,leak-risk,story,08051BF8,·∋·〔·｝□九·］□九·□九ヒルコの声：/そのほこらの中に入るのだ··
087DF7B0,isolated,1,UNCLAIMED,,leak-risk,story,080554B6,·∋□〕·▽□九·◇□九·⊆□九·◆□九·●□九·、Å□·⊂＞セトは封印
087DF7B8,isolated,1,UNCLAIMED,,leak-risk,story,0807AB66,·≥·□□句＞ティフェレトの門は/開ざされている··□句＞ティフェレトか
087DF7C0,isolated,1,UNCLAIMED,,leak-risk,story,0803939C,·□□吟·□·∈·＝＞何も無い空間が/ひろがっている……··▽□吟·□吟
087DF7F0,isolated,1,UNCLAIMED,,leak-risk,story,080605E2,·∋·B·。∪□·$ルイ・サイファー：/·N英倶·煙倶やあ　また会ったね
087E050C,isolated,1,claimed,lore,,,0800DE48,に控えているといわれる。·
087E0DC0,isolated,1,UNCLAIMED,,leak-risk,story,080605E2,·∋·B·。∪□·$ルイ・サイファー：/·N英倶·煙倶やあ　また会ったね
087E2628,isolated,1,claimed,fusion_menu,,,087E1C48,合体させる仲魔がおらんようだな
087E2728,isolated,1,claimed,fusion_menu,,,087E1C48,合体させる仲魔がおらんようだな
087E2AF0,isolated,1,claimed,fusion_menu,,,087E1C48,合体させる仲魔がおらんようだな
087E2BF0,isolated,1,claimed,fusion_menu,,,087E1C48,合体させる仲魔がおらんようだな
087E3340,table,8,UNCLAIMED,,noise,,087E32C8,　1〜　9
087E3344,table,8,UNCLAIMED,,noise,,087E32D4,10〜19
087E3348,table,8,UNCLAIMED,,noise,,087E32E0,20〜29
087E334C,table,8,UNCLAIMED,,noise,,087E32EC,30〜39
087E3350,table,8,UNCLAIMED,,noise,,087E32F8,40〜49
087E3354,table,8,UNCLAIMED,,noise,,087E3304,50〜59
087E3358,table,8,UNCLAIMED,,noise,,087E3310,60〜69
087E335C,table,8,UNCLAIMED,,noise,,087E331C,70〜79
087E78A0,isolated,1,claimed,story,,,08098692,に/なれると　思ったのにナ
087EA414,isolated,1,claimed,lore,,,0800ABAA,明社にまつられている。·
087EA960,isolated,1,claimed,lore,,,0800AB16,一子とされる。··伊邪那岐命が黄泉の国から逃げ帰り/阿波岐原（あわぎはら
087EDA2C,isolated,1,claimed,story,,,080300AA,□ミカエル：/ふむ・・・··でははっきりと言おう··センターに協力しろ·
087EE3A0,isolated,1,claimed,story,,,080402C2,は/どうするつもりだろう？·□、·、O怖
087EE75C,isolated,1,claimed,story,,,080481C0,き/センターへ行く事ができた/チャンピオンを称えて/その像をかざってある
087EE7C4,isolated,1,claimed,dialogue,,,08090D04,治してやるぜェ！
087EEBE8,isolated,1,claimed,story,,,080481C0,き/センターへ行く事ができた/チャンピオンを称えて/その像をかざってある
087EEFF0,isolated,1,claimed,story,,,080481C0,き/センターへ行く事ができた/チャンピオンを称えて/その像をかざってある
087F02C8,table,12,claimed,greetings,,,0815BBD4,ワシは□　□/今後とも　よろしく/·
087F02CC,table,12,claimed,greetings,,,0815BBFA,俺サマは□　□だ/ま　今後とも　よろしく頼む/·
087F02D0,table,12,claimed,greetings,,,0815BC2C,オイラ/□　□だぽーん！/今後とも　よろよろぴーー！/·
087F02D4,table,12,claimed,greetings,,,0815BC66,ワレハ□　□/コンゴトモヨロシク/·
087F02D8,table,12,claimed,greetings,,,0815BC8C,私は□　□/貴方に忠誠をちかい/守護をにないましょう/·
087F02DC,table,12,claimed,greetings,,,0815BCC6,私は□　□/貴方に忠誠をちかおう！/·
087F02E0,table,12,claimed,greetings,,,0815BCEE,我は□　□の者/今後ともよろしく/·
087F02E4,table,12,claimed,greetings,,,0815BD14,私は□　□/今後ともよろしく頼むぞよ/·
087F02E8,table,12,claimed,greetings,,,0815BD3E,私は□　□/今後ともよろしく頼むわ/·
087F02EC,table,12,claimed,greetings,,,0815BD66,あたし　□　□！/優しくしてね★/·
087F02F0,table,12,claimed,greetings,,,0815BD8C,私は長らく　□を/やっている者だ！/よろしくたのむ/·
087F02F4,table,12,claimed,greetings,,,0815BDC4,私は長らく　□を/やっている者だ！/よろしくたのむ/·
087F0300,isolated,2,claimed,fusion_menu,,,0815BDFC,我は　平将門なるぞ・・・·
087F0304,isolated,2,claimed,fusion_menu,,,0815BE18,オッオレ……□…□/オッオレ…なかまよっよろひく……·
087F28BC,isolated,1,UNCLAIMED,,MISSING,,087F1DC0,　　　金子　一馬
087F28EC,isolated,1,UNCLAIMED,,MISSING,,087F1E60,　　　副島　成記
087F2904,isolated,1,UNCLAIMED,,MISSING,,087F1EB0,　　　土屋　□一
087F291C,isolated,1,UNCLAIMED,,MISSING,,087F1F00,　　　澤野　永明
087F2924,isolated,1,UNCLAIMED,,MISSING,,087F1F28,　　　平岡　直人
087F293C,isolated,1,UNCLAIMED,,MISSING,,087F1F78,　　　佐々木　信□　赤木　健治
087F2944,isolated,1,UNCLAIMED,,MISSING,,087F1FA0,　　　橋本　直□　　谷岡　秀□
087F294C,isolated,1,UNCLAIMED,,MISSING,,087F1FC8,　　　斉□　正和　　阿部　隆光
087F2964,isolated,1,UNCLAIMED,,MISSING,,087F2018,　　　□儀　和美　　大高　明美
087F296C,isolated,1,UNCLAIMED,,MISSING,,087F2040,　　　皆川　真佐枝　吉田　真理子
087F2974,isolated,1,UNCLAIMED,,MISSING,,087F2068,　　　丸山　結
087F298C,isolated,1,UNCLAIMED,,MISSING,,087F20B8,　　　蔵前　喜章　　後□　信二
087F2994,isolated,1,UNCLAIMED,,noise,,087F20E0,　　　山□　寛
087F29AC,isolated,1,UNCLAIMED,,MISSING,,087F2130,　　　浜田　智之　　□木　学
087F29DC,isolated,1,UNCLAIMED,,MISSING,,087F21D0,　　　永島　政男　　石井　史人
087F29E4,isolated,1,UNCLAIMED,,MISSING,,087F21F8,　　　相河　□介
087F29FC,isolated,1,UNCLAIMED,,MISSING,,087F2248,　　　小□　尚司
087F2A14,isolated,1,UNCLAIMED,,MISSING,,087F2298,　　　飯塚　英一郎　小池　□
087F2A1C,isolated,1,UNCLAIMED,,MISSING,,087F22C0,　　　一宮　正人
087F2A34,isolated,1,UNCLAIMED,,MISSING,,087F2310,　　　島村　大三　　山尾　和□
087F2A3C,isolated,1,UNCLAIMED,,MISSING,,087F2338,　　　村田　□太郎　田部井　緑子
087F2A54,isolated,1,UNCLAIMED,,MISSING,,087F2388,　　　小□　雅史　　山本　幸司
087F2A5C,isolated,1,UNCLAIMED,,MISSING,,087F23B0,　　　長谷川　大介　小□　□夫
087F2A64,isolated,1,UNCLAIMED,,MISSING,,087F23D8,　　　西　誠　　　　小林　□□
087F2A84,isolated,1,UNCLAIMED,,MISSING,,087F2450,　　　青山　英治　　島田　良尚
087F2A8C,isolated,1,UNCLAIMED,,MISSING,,087F2478,　　　石塚　路志人　白石　恵
087F2A9C,isolated,1,UNCLAIMED,,MISSING,,087F24A0,　　　安部　隆光　　田島　美香
087F2AA4,isolated,1,UNCLAIMED,,MISSING,,087F24C8,　　　井澤　孝文　　千葉　里枝
087F2AB4,isolated,1,UNCLAIMED,,MISSING,,087F24F0,　　　（□）エーワン・オフィス
087F2ACC,isolated,1,UNCLAIMED,,noise,,087F2568,　　　　　&
087F2AD4,isolated,1,UNCLAIMED,,leak-risk,,087F2590,　　　「真・女神転生II」
087F2B44,isolated,1,UNCLAIMED,,MISSING,,087F26F8,　　　後□　信二
087F2B5C,isolated,1,UNCLAIMED,,MISSING,,087F2748,　　　副島　成記　　蔵前　喜章
087F2B74,isolated,1,UNCLAIMED,,MISSING,,087F2798,　　　土屋　□一　　浜田　智之
087F2B7C,isolated,1,UNCLAIMED,,noise,,087F27C0,　　　□木　学
087F2B94,isolated,1,UNCLAIMED,,MISSING,,087F2810,　　　岡田　耕治
087F2BAC,isolated,1,UNCLAIMED,,MISSING,,087F2860,　　　原野　直□
