finding,addr,entry_or_via,glyphs,n,sample
interior-target,08037524,080373B6,,,倦狗賢狗固狗悟狗孝狗硬狗壕狗瑳狗歳狗肴狗殺狗讃狗施狗似狗七狗遮狗受狗蹴狗戎狗熟狗
interior-target,0803754A,08037550,,,迷い　悩みし時に来なさい{WAIT}
interior-target,0803756C,08037574,,,ヴァーチャル・バトルを{n}しなさい・・・{WAIT}
interior-target,0803759E,080375A6,,,街を歩いてみなさい{WAIT}{PAGE}そなたに会いたがっている{n}男がいま
interior-target,08037620,08037628,,,今　そなたに選択の道は少ない{n}{WAIT}{PAGE}成すべき事はただ一つ{
interior-target,08037672,0803767A,,,誰かがそなたに会いたがっている{n}・・・・・・{n}{WAIT}{PAGE}こ
interior-target,080376F2,080376FA,,,そなたの向かうべき道は{n}北西にあります{n}{WAIT}{PAGE}そこの・
interior-target,0803774A,08037752,,,そなたが成し遂げたことを{n}報告すべきでしょう{n}{WAIT}{PAGE}北
interior-target,0803779C,080377C0,,,そなたは使命を受けているはず{WAIT}{PAGE}センタービルより西の方角・・
interior-target,080377B2,080377C0,,,そなたは使命を受けているはず{WAIT}{PAGE}センタービルより西の方角・・
interior-target,08037954,0803795C,,,そなたが成し遂げたことを{n}報告するべきでしょう{WAIT}{PAGE}伝えて
interior-target,080379AE,080379D2,,,そなたは使命を受けたのです{n}{WAIT}{PAGE}センタービルより南の方角
interior-target,080379C4,080379D2,,,そなたは使命を受けたのです{n}{WAIT}{PAGE}センタービルより南の方角
interior-target,08037B7C,08037B84,,,そなたが成し遂げたことを{n}報告するべきです{n}{WAIT}{PAGE}伝え
interior-target,08037BD6,08037BDE,,,そなたが会うべき人物は{n}センタービルより東の方角{n}アルカディアの方向にい
interior-target,08037C88,08037C90,,,そなたは会うべき人物に{n}すでに会ったのでしょう{n}{WAIT}{PAGE}
interior-target,08037CF8,08037D00,,,そなたの偽者を目指しなさい{n}{WAIT}{PAGE}話はセンタービルの西方向
interior-target,08037DA2,08037DAA,,,センタービルより北の汚れた街へ{n}向かいなさい{n}{WAIT}{PAGE}そ
interior-target,08037E2C,08037E34,,,センタービルより北の場所と{n}彼方の地を結ぶ道で男を捜し{n}その話を聞きなさ
interior-target,08037E84,08037E8C,,,そなたに使命を依頼した男に{n}結果を伝えに行くべきでしょう{n}{WAIT}
interior-target,08037ECA,08037ED2,,,センタービルより西の地で{n}話を聞きなさい{n}{WAIT}{PAGE}そなた
interior-target,08037F3E,08037F46,,,地の底深くに眠る古の都へ{n}向かいなさい{n}{WAIT}{PAGE}そなたの
interior-target,08037F9E,08037FAE,,,探してる者がいるのですか？{n}{WAIT}{PAGE}その者が現れたあたりで{
interior-target,08038042,0803804A,,,そなたの道はロッポンギから{n}開かれています{n}{WAIT}{PAGE}そこ
interior-target,08038218,08038220,,,そなたに使命を願った男に{n}会いなさい{WAIT}
interior-target,08038248,08038250,,,目的は叶えられたのでしょう{n}{WAIT}{PAGE}されば旧ロッポンギ北東へ
interior-target,0803829C,080382A4,,,そなたには使命があるはずです{n}封印の地の深き場所にて{n}古の神々を助け出す
interior-target,080382F8,08038300,,,センタービルより西に向かい{n}なさい{n}{WAIT}{PAGE}そこで男と出
interior-target,08038346,0803834E,,,センタービルの南{n}ファクトリーの最北端にある塔に{n}向かうのです{WAIT
interior-target,080383C0,080383C8,,,大教会で行うべき事があります{n}{WAIT}{PAGE}そなたはそこより先に{
interior-target,0803843C,08038444,,,センタービルの南{n}ファクトリーの最北端にある塔に{n}向かうのです{n}{W
interior-target,080384B2,080384BA,,,センタービルより西の地で{n}男を捜しなさい{n}{WAIT}{PAGE}男に会
interior-target,0803851E,08038526,,,センタービルへ向かいなさい{n}{WAIT}{PAGE}そこで会話と戦いが{n}
interior-target,0803857A,08038582,,,そなたは大いなる男共に{n}会うときが来たようです{n}{WAIT}{PAGE}
interior-target,08038616,0803861E,,,センタービルより西へ向かい{n}話を聞きなさい{n}{WAIT}{PAGE}大い
interior-target,08038678,08038686,,,日の射さぬ地に住む異形の翁が{n}見えます・・・{n}この者の苦しみを癒せば{n
interior-target,080387C0,08038722,,,そなたが欲しているもの・・・{n}{WAIT}{PAGE}複数あるのでしょうか・
interior-target,08038820,08038722,,,そなたが欲しているもの・・・{n}{WAIT}{PAGE}複数あるのでしょうか・
interior-target,0803882E,08038722,,,そなたが欲しているもの・・・{n}{WAIT}{PAGE}複数あるのでしょうか・
interior-target,08038880,08038722,,,そなたが欲しているもの・・・{n}{WAIT}{PAGE}複数あるのでしょうか・
interior-target,0803888E,08038722,,,そなたが欲しているもの・・・{n}{WAIT}{PAGE}複数あるのでしょうか・
interior-target,080388FA,08038722,,,そなたが欲しているもの・・・{n}{WAIT}{PAGE}複数あるのでしょうか・
interior-target,08038908,08038722,,,そなたが欲しているもの・・・{n}{WAIT}{PAGE}複数あるのでしょうか・
interior-target,08038946,08038722,,,そなたが欲しているもの・・・{n}{WAIT}{PAGE}複数あるのでしょうか・
interior-target,08038978,08038980,,,七つの柱は　それぞれに置くべき{n}場所が定められています{n}{WAIT}{P
interior-target,080389DC,080389E4,,,そなたには魔界でやる事が{n}あるようじゃが……{n}それ以上　わらわには{n}
interior-target,08038A38,08038A3A,,,2人の行く手は……{n}望み大なるも道険し{n}と出ています{WAIT}
interior-target,08038AA0,08038AB0,,,占い師：{n}そなたの迷い　悩みを{n}打ちはらい　正しき道へと{n}導いてしん
interior-target,08038AAE,08038AB0,,,占い師：{n}そなたの迷い　悩みを{n}打ちはらい　正しき道へと{n}導いてしん
interior-target,08038B8C,08038AB0,,,占い師：{n}そなたの迷い　悩みを{n}打ちはらい　正しき道へと{n}導いてしん
interior-target,08038BE8,08038BEA,,,迷い　悩みし時　来るがよい{WAIT}{=0a04}i
interior-target,08038C0C,08038C14,,,イェソドの地より先へ進むがよい{n}回廊で戦いが待っておろう{n}{WAIT}{
interior-target,08038C70,08038C78,,,ホドの街へと行くがよい{n}戦いが待っていようぞ{n}{WAIT}
interior-target,08038CAA,08038CB2,,,ネツァクの街へ行くがよい{n}出会いと戦いが待っていよう{n}{WAIT}{PA
interior-target,08038D08,08038D10,,,閉ざされた門を開ける手順は{n}ととのっておろう{n}{WAIT}
interior-target,08038D42,08038D4A,,,ティフェレトの街へ向かえ{n}{WAIT}{PAGE}そこの人の集まる場所が吉{
interior-target,08038D92,08038DAA,,,ティフェレトより先の回廊へと{n}進むがよい{n}{WAIT}{PAGE}戦いが
interior-target,08038DF0,08038DF8,,,ティフェレトの街の近くで{n}見るべき物がある・・・{n}{WAIT}
interior-target,08038E2E,08038E36,,,ティフェレトより先の回廊へ{n}進むがよい{n}{WAIT}{PAGE}街を飲み
interior-target,08038E86,08038E8E,,,ベリアー回廊を西に抜けよ{n}{WAIT}{PAGE}砦であまたのものが{n}そ
interior-target,08038F22,08038F2A,,,ビナーの近く・・・{n}{WAIT}{PAGE}入り江・・・{n}{WAIT}水
interior-target,08038FB4,08038FBC,,,ティフェレトの街の近くで{n}見るべき物がある・・・{n}{WAIT}
interior-target,08038FF2,08038FFA,,,ティフェレトより先の回廊へ{n}進むがよい{n}{WAIT}{PAGE}街を飲み
interior-target,0803904A,08039052,,,ベリアー回廊を西に抜けよ{n}{WAIT}{PAGE}砦であまたのものが{n}そ
interior-target,080390E6,080390EE,,,アティルト回廊の先に{n}そびえ立つ塔が見える・・・{n}{WAIT}
interior-target,0803914E,08039156,,,ティフェレトより先の回廊へと{n}進むがよい{n}{WAIT}{PAGE}戦いが
interior-target,0803919C,080391A4,,,ティフェレトの街の近くで{n}見るべき物がある・・・{n}{WAIT}
interior-target,080391DA,080391E2,,,ティフェレトより先の回廊へ{n}進むがよい{n}{WAIT}{PAGE}街を飲み
interior-target,08039232,0803923A,,,ベリアー回廊を西に抜けよ{n}{WAIT}{PAGE}砦であまたのものが{n}そ
interior-target,080392CE,080392D6,,,ビナーの近く・・・{n}{WAIT}{PAGE}入り江・・・{n}{WAIT}{
interior-target,0803932C,08039334,,,アティルト回廊の先に{n}そびえ立つ塔が見える・・・{n}{WAIT}
interior-target,0803936A,08039372,,,エデンで待っている男が{n}見える・・・{n}{WAIT}
interior-target,080393E4,080393B0,,,＞何も無い空間が{n}ひろがっている……{WAIT}{=0c03}▽<93E4>
interior-target,0803959C,0803959E,,,＞{ALEPH}は{n}”{=2103}”を使った{=0303}ћ{=5803}
interior-target,08039BAA,08039BAC,,,＞もう　魔界へは通じていない{WAIT}
interior-target,08039C98,08039BFA,,,ひさしぶりだね{n}{ALEPH}{n}ぼくだよ　{=2e03}だよ{WAIT}
interior-target,08039E20,08039BFA,,,ひさしぶりだね{n}{ALEPH}{n}ぼくだよ　{=2e03}だよ{WAIT}
interior-target,08039F04,08039ED2,,,{=2e03}：{n}ぼくの話を{n}もう一度聞くかい？{n}{=0e03}<9
interior-target,0803A17A,08039FE2,,,見たね……{WAIT}{PAGE}見てしまったね{n}ぼくの　このエリアの真の姿
interior-target,0803A204,0803A206,,,新救世主名は{n}{ALEPH}です{WAIT}{=1203}￥{=5303}K
interior-target,0803A3C8,0803A3D0,,,メシアがいないなら{n}おれが新しいメシアになって{n}やろうか{WAIT}{P
interior-target,0803A52A,0803A532,,,救世主が　いなくなった今{n}私はどうすればいいんだ{WAIT}
interior-target,0803A5A0,0803A5A8,,,…く　苦しい{n}一体　どうしたんだ？{n}どうすればいいんだ？{WAIT}
interior-target,0803A758,0803A760,,,私達が　平和に{n}くらせるのは　全て{WAIT}{PAGE}……………………様
interior-target,0803A82C,0803A834,,,……救世主よ……{n}お助け……下さい……{WAIT}
interior-target,0803A9BC,0803A9C4,,,救世主がいなければ{n}アルカディアの平和は{n}どうなってしまうのだ{WAIT
interior-target,0803AA32,0803AA3A,,,ついに……{n}我が身に　死が……{WAIT}
interior-target,0803AB9C,0803ABA4,,,ぼくらの救世主{n}{=2e03}様は{n}もういない…{WAIT}
interior-target,0803AE9C,0803AE7A,,,＞{=1f03}{=1e03}{n}が出た！{WAIT}{PAGE}{=2d03
interior-target,0803AED8,0803AE7A,,,＞{=1f03}{=1e03}{n}が出た！{WAIT}{PAGE}{=2d03
interior-target,0803AFE8,0803AF66,,,ストーカー：{n}治してやるぞ{n}HP　MP　ステータス{n}全員まとめて　ћ
interior-target,0803B00C,0803B00E,,,ћ　が無けりゃ　治さない{WAIT}{=0a04}i
interior-target,0803B22C,0803B07C,,,メシア教神父：{n}この地の　メシア教会再建に{n}御協力をお願いします{WAI
interior-target,0803B25A,0803B07C,,,メシア教神父：{n}この地の　メシア教会再建に{n}御協力をお願いします{WAI
interior-target,0803B3B4,0803B336,,,メシア教神父：{n}……ついに{n}教会が再建できました{WAIT}{PAGE}
interior-target,0803B3BA,0803B336,,,メシア教神父：{n}……ついに{n}教会が再建できました{WAIT}{PAGE}
interior-target,0803B3E6,0803B336,,,メシア教神父：{n}……ついに{n}教会が再建できました{WAIT}{PAGE}
interior-target,0803B474,0803B484,,,ストーカー：{n}変な生首拾った{n}不気味　売れない{WAIT}
interior-target,0803B568,0803B4B6,,,ストーカー：{n}なんだ？{n}この首　欲しいのか？{n}欲しいのか？{=0a0
interior-target,0803B588,0803B58A,,,…おまえ　ћ足りない{n}ћもって出直してこい{WAIT}{=0a04}i
interior-target,0803B5F6,0803B5F8,,,仕方無い{n}ћ10000　で売ってやる{=0e03}<B6D8>吟{=3603
interior-target,0803B656,0803B5F8,,,仕方無い{n}ћ10000　で売ってやる{=0e03}<B6D8>吟{=3603
interior-target,0803B68A,0803B68C,,,わかった　わかった{n}渡すから　武器　しまってくれ{WAIT}{=5303}々
interior-target,0803B6D8,0803B68C,,,わかった　わかった{n}渡すから　武器　しまってくれ{WAIT}{=5303}々
interior-target,0803BB0C,0803BB2E,,,どちらが飲みますか？{=4204}？<BB14>吟<BB84>吟{PAGE}よろ
interior-target,0803BB14,0803BB2E,,,どちらが飲みますか？{=4204}？<BB14>吟<BB84>吟{PAGE}よろ
interior-target,0803BB4E,0803BB2E,,,どちらが飲みますか？{=4204}？<BB14>吟<BB84>吟{PAGE}よろ
interior-target,0803BB76,0803BB2E,,,どちらが飲みますか？{=4204}？<BB14>吟<BB84>吟{PAGE}よろ
interior-target,0803BB84,0803BB2E,,,どちらが飲みますか？{=4204}？<BB14>吟<BB84>吟{PAGE}よろ
interior-target,0803BB94,0803BB2E,,,どちらが飲みますか？{=4204}？<BB14>吟<BB84>吟{PAGE}よろ
interior-target,0803BBB4,0803BB2E,,,どちらが飲みますか？{=4204}？<BB14>吟<BB84>吟{PAGE}よろ
interior-target,0803C5A0,0803C5A2,,,そういえば　ホーリータウンに{n}人が住み始めたみたいね{n}私　あんな所には　
interior-target,0803D0E2,0803D066,,,ブロンドの男：{n}やあ………{=1503}{n}君と　会うのは初めて……{=1
interior-target,0803D0F6,0803D066,,,ブロンドの男：{n}やあ………{=1503}{n}君と　会うのは初めて……{=1
interior-target,0803D57E,0803D502,,,ブロンドの男：{n}やあ………{=1503}{n}君と　会うのは初めて……{=1
interior-target,0803D592,0803D502,,,ブロンドの男：{n}やあ………{=1503}{n}君と　会うのは初めて……{=1
interior-target,0803DEDA,0803DE5E,,,ブロンドの男：{n}やあ………{=1503}{n}君と　会うのは初めて……{=1
interior-target,0803DEEE,0803DE5E,,,ブロンドの男：{n}やあ………{=1503}{n}君と　会うのは初めて……{=1
interior-target,0803E0EC,0803E05C,,,ブロンドの男：{n}やあ………{=1503}{n}君と　会うのは初めて……{=1
interior-target,0803F50C,0803F490,,,ブロンドの男：{n}やあ………{=1503}{n}君と　会うのは初めて……{=1
interior-target,0803F520,0803F490,,,ブロンドの男：{n}やあ………{=1503}{n}君と　会うのは初めて……{=1
interior-target,0803FB20,0803FA90,,,ブロンドの男：{n}やあ………{=1503}{n}君と　会うのは初めて……{=1
interior-target,0803FD16,0803FBE4,,,魔界の女：{n}東へ行くと　ベリアー回廊の入□{n}ケセドとゲブラーへ行けるわ{
interior-target,0803FEF4,0803FE64,,,ブロンドの男：{n}やあ………{=1503}{n}君と　会うのは初めて……{=1
interior-target,08040A12,08040A14,,,せっかく　タダで聞かせて{n}やろうと思ったのに……{WAIT}{=2b03}、
interior-target,08041648,0804165A,,,本当は　ここで魔界を豊かに{n}したいのですが……{n}今は　あなたに従います{
interior-target,080417DC,08041766,,,＞フーリーが　水あびを{n}している{WAIT}{PAGE}フーリーの{n}”{
interior-target,0804180E,08041766,,,＞フーリーが　水あびを{n}している{WAIT}{PAGE}フーリーの{n}”{
interior-target,08041A1C,08041766,,,＞フーリーが　水あびを{n}している{WAIT}{PAGE}フーリーの{n}”{
interior-target,08041A68,08041766,,,＞フーリーが　水あびを{n}している{WAIT}{PAGE}フーリーの{n}”{
interior-target,08041A8C,08041766,,,＞フーリーが　水あびを{n}している{WAIT}{PAGE}フーリーの{n}”{
interior-target,08041D9E,08041DA2,,,バニー：{n}いらっしゃい{n}ここは　キャッシャーよ{WAIT}{PAGE}{
interior-target,08041DD4,08041DA2,,,バニー：{n}いらっしゃい{n}ここは　キャッシャーよ{WAIT}{PAGE}{
interior-target,08041E02,08041E06,,,"いま　あなたの{=0c03},<1E2A>銀{=0c03} <1E38>銀{=0"
interior-target,08041E2A,08041E06,,,"いま　あなたの{=0c03},<1E2A>銀{=0c03} <1E38>銀{=0"
interior-target,08041E38,08041E06,,,"いま　あなたの{=0c03},<1E2A>銀{=0c03} <1E38>銀{=0"
interior-target,08041E3E,08041E06,,,"いま　あなたの{=0c03},<1E2A>銀{=0c03} <1E38>銀{=0"
interior-target,08041E76,08041E78,,,カジノでは　コインを使うのよ{n}あなたの持ってる{n}お金ћ{=0c03}<0
interior-target,08041EC8,08041E78,,,カジノでは　コインを使うのよ{n}あなたの持ってる{n}お金ћ{=0c03}<0
interior-target,08041ECA,08041E78,,,カジノでは　コインを使うのよ{n}あなたの持ってる{n}お金ћ{=0c03}<0
interior-target,08041EF2,08041E78,,,カジノでは　コインを使うのよ{n}あなたの持ってる{n}お金ћ{=0c03}<0
interior-target,08041F00,08041E78,,,カジノでは　コインを使うのよ{n}あなたの持ってる{n}お金ћ{=0c03}<0
interior-target,08041F06,08041E78,,,カジノでは　コインを使うのよ{n}あなたの持ってる{n}お金ћ{=0c03}<0
interior-target,08041F96,08041E78,,,カジノでは　コインを使うのよ{n}あなたの持ってる{n}お金ћ{=0c03}<0
interior-target,08041FA4,08041E78,,,カジノでは　コインを使うのよ{n}あなたの持ってる{n}お金ћ{=0c03}<0
interior-target,08041FAA,08041E78,,,カジノでは　コインを使うのよ{n}あなたの持ってる{n}お金ћ{=0c03}<0
interior-target,08041FE2,08041E78,,,カジノでは　コインを使うのよ{n}あなたの持ってる{n}お金ћ{=0c03}<0
interior-target,08042014,08041E78,,,カジノでは　コインを使うのよ{n}あなたの持ってる{n}お金ћ{=0c03}<0
interior-target,0804201A,08041E78,,,カジノでは　コインを使うのよ{n}あなたの持ってる{n}お金ћ{=0c03}<0
interior-target,0804203A,08041E78,,,カジノでは　コインを使うのよ{n}あなたの持ってる{n}お金ћ{=0c03}<0
interior-target,08042056,08041E78,,,カジノでは　コインを使うのよ{n}あなたの持ってる{n}お金ћ{=0c03}<0
interior-target,08042086,08041E78,,,カジノでは　コインを使うのよ{n}あなたの持ってる{n}お金ћ{=0c03}<0
interior-target,08042098,08041E78,,,カジノでは　コインを使うのよ{n}あなたの持ってる{n}お金ћ{=0c03}<0
interior-target,080420EC,08041E78,,,カジノでは　コインを使うのよ{n}あなたの持ってる{n}お金ћ{=0c03}<0
interior-target,08042126,08041E78,,,カジノでは　コインを使うのよ{n}あなたの持ってる{n}お金ћ{=0c03}<0
interior-target,08042164,08041E78,,,カジノでは　コインを使うのよ{n}あなたの持ってる{n}お金ћ{=0c03}<0
interior-target,0804216E,08041E78,,,カジノでは　コインを使うのよ{n}あなたの持ってる{n}お金ћ{=0c03}<0
interior-target,080421A0,08041E78,,,カジノでは　コインを使うのよ{n}あなたの持ってる{n}お金ћ{=0c03}<0
interior-target,080422BC,08041E78,,,カジノでは　コインを使うのよ{n}あなたの持ってる{n}お金ћ{=0c03}<0
interior-target,080422EA,080422EE,,,どのマシンにするの？{n}{=1303}{=0304}§<232C>銀☆<235
interior-target,080423D0,080423E8,,,スーパー27は{n}1ゲーム　1コイン{WAIT}{PAGE}このスロットには{
interior-target,080423DA,080423E8,,,スーパー27は{n}1ゲーム　1コイン{WAIT}{PAGE}このスロットには{
interior-target,080423E4,080423E8,,,スーパー27は{n}1ゲーム　1コイン{WAIT}{PAGE}このスロットには{
interior-target,080427D0,080423E8,,,スーパー27は{n}1ゲーム　1コイン{WAIT}{PAGE}このスロットには{
interior-target,080428DC,08042846,,,バニー：{n}いらっしゃいませ！{n}ピッカピッカの{n}ニューマシンよ{WAI
interior-target,0804290E,08042912,,,お好きなマシンで　どーぞ{=1303}{=0304}§<2952>銀☆<2980
interior-target,080429F6,08042A0E,,,ラッキーシンボルは{n}1ゲーム　1コイン{WAIT}{PAGE}このスロットは
interior-target,08042A00,08042A0E,,,ラッキーシンボルは{n}1ゲーム　1コイン{WAIT}{PAGE}このスロットは
interior-target,08042A0A,08042A0E,,,ラッキーシンボルは{n}1ゲーム　1コイン{WAIT}{PAGE}このスロットは
interior-target,08042E0E,08042A0E,,,ラッキーシンボルは{n}1ゲーム　1コイン{WAIT}{PAGE}このスロットは
interior-target,08042F14,08042E7A,,,シビル：{n}いらっしゃいませ{n}どうぞ　たっぷりと{n}お楽しみ下さい{WA
interior-target,08042F4C,08042F50,,,どのマシンに　いたしますか？{n}{=1303}{=0304}§<2F96>銀☆
interior-target,08042FE0,08043008,,,ジョーカーアンドスターズは{n}1ゲーム　1から8コインの{n}9リール　8ライ
interior-target,08042FEA,08043008,,,ジョーカーアンドスターズは{n}1ゲーム　1から8コインの{n}9リール　8ライ
interior-target,08042FFC,08043008,,,ジョーカーアンドスターズは{n}1ゲーム　1から8コインの{n}9リール　8ライ
interior-target,08043006,08043008,,,ジョーカーアンドスターズは{n}1ゲーム　1から8コインの{n}9リール　8ライ
interior-target,08043534,08043008,,,ジョーカーアンドスターズは{n}1ゲーム　1から8コインの{n}9リール　8ライ
interior-target,0804361C,080435A6,,,ローリー：{n}イェーイ！　キノだぜぇーい{n}きのうやってもキノ{n}今日やっ
interior-target,08043654,08043662,,,KENOは{n}1から64の数の中から{n}1プレイで16の数が{n}選ばれるの
interior-target,0804365E,08043662,,,KENOは{n}1から64の数の中から{n}1プレイで16の数が{n}選ばれるの
interior-target,08043A4A,08043662,,,KENOは{n}1から64の数の中から{n}1プレイで16の数が{n}選ばれるの
interior-target,08043B12,08043AAE,,,ディーラー：{n}KING　OF　GAME{n}バカラで　ございます{WAIT}
interior-target,08043B44,08043B52,,,バカラで使うカードは{n}A・2から10・J・Q・Kの{n}13種類です{WAI
interior-target,08043B4E,08043B52,,,バカラで使うカードは{n}A・2から10・J・Q・Kの{n}13種類です{WAI
interior-target,080440F6,08043B52,,,バカラで使うカードは{n}A・2から10・J・Q・Kの{n}13種類です{WAI
interior-target,080441B6,0804414E,,,ハンターひろし：{n}お待ちしておりました{WAIT}{PAGE}ビッグ　アンド
interior-target,080441EE,080441F2,,,ルールは　かんたん{n}1プレイ10コイン{WAIT}{PAGE}0から9のうち
interior-target,08044378,080441F2,,,ルールは　かんたん{n}1プレイ10コイン{WAIT}{PAGE}0から9のうち
interior-target,08044496,080443D4,,,ナンディさん：{n}ナマステ！　ワタシ{n}インドから来た　ナンディさんネ{WA
interior-target,080444CA,080444DC,,,1回　1{=2103}ネ{n}ナンディさん　1から{n}5まで3けたの数{n}A
interior-target,080444DA,080444DC,,,1回　1{=2103}ネ{n}ナンディさん　1から{n}5まで3けたの数{n}A
interior-target,080446DE,080444DC,,,1回　1{=2103}ネ{n}ナンディさん　1から{n}5まで3けたの数{n}A
interior-target,080447DC,0804471A,,,ナンディさん：{n}ナマステ！　ワタシ{n}インドから来た{n}ナンディさんネ{
interior-target,08044810,08044822,,,1回　1{=2103}ネ{n}ナンディさん　1から{n}7まで4けたの数{n}A
interior-target,08044820,08044822,,,1回　1{=2103}ネ{n}ナンディさん　1から{n}7まで4けたの数{n}A
interior-target,08044A24,08044822,,,1回　1{=2103}ネ{n}ナンディさん　1から{n}7まで4けたの数{n}A
interior-target,08044B22,08044A60,,,ナンディさん：{n}ナマステ！　ワタシ{n}インドから来た{n}ナンディさんネ{
interior-target,08044B56,08044B68,,,1回　1{=2103}ネ{n}ナンディさん　1から{n}8まで5けたの数{n}A
interior-target,08044B66,08044B68,,,1回　1{=2103}ネ{n}ナンディさん　1から{n}8まで5けたの数{n}A
interior-target,08044D6A,08044B68,,,1回　1{=2103}ネ{n}ナンディさん　1から{n}8まで5けたの数{n}A
interior-target,08044E68,08044DA6,,,ナンディさん：{n}ナマステ！　ワタシ{n}インドから来た{n}ナンディさんネ{
interior-target,08044E9E,08044EB0,,,1回　1{=2103}ネ{n}ナンディさん　1から{n}8まで5けたの数{n}A
interior-target,08044EAE,08044EB0,,,1回　1{=2103}ネ{n}ナンディさん　1から{n}8まで5けたの数{n}A
interior-target,080450B2,08044EB0,,,1回　1{=2103}ネ{n}ナンディさん　1から{n}8まで5けたの数{n}A
interior-target,080450DE,08044EB0,,,1回　1{=2103}ネ{n}ナンディさん　1から{n}8まで5けたの数{n}A
interior-target,08045236,0804523C,,,センター司教：{n}2人そろって来ましたね{n}2人とも帰ってきたと{n}言うべ
interior-target,08045D10,08045A9A,,,センター司教：{n}{ALEPH}よ{n}{=0c03}<0016><5D10>
interior-target,0804651A,08046434,,,大友アキラ：{n}いやあ　はっはっはっ{WAIT}{PAGE}ヴァルハラで　命を
interior-target,0804661A,080465A8,,,研究員：{n}ここでは　市民が身を守るための{n}武器を　研究開発しています{W
interior-target,080466D4,080466DC,,,”{=2103}”ですか{n}これは…{n}{WAIT}{PAGE}プラズマソー
interior-target,08046750,080466DC,,,”{=2103}”ですか{n}これは…{n}{WAIT}{PAGE}プラズマソー
interior-target,080467C8,080466DC,,,”{=2103}”ですか{n}これは…{n}{WAIT}{PAGE}プラズマソー
interior-target,08046844,080466DC,,,”{=2103}”ですか{n}これは…{n}{WAIT}{PAGE}プラズマソー
interior-target,080468C0,080466DC,,,”{=2103}”ですか{n}これは…{n}{WAIT}{PAGE}プラズマソー
interior-target,08046CB8,08046C26,,,コロシアムの男：{n}よお　岡本{WAIT}{PAGE}おまえん所の戦士{n}{
interior-target,08047052,08046FD0,,,コロシアムの男：{n}やって来たか{n}チャンピオン{WAIT}{PAGE}あん
interior-target,08047068,08046FD0,,,コロシアムの男：{n}やって来たか{n}チャンピオン{WAIT}{PAGE}あん
interior-target,08047782,08047518,,,{=1e03}：{n}きさまが……{WAIT}{=0804}<000A>{=2b
interior-target,08047BF4,08047518,,,{=1e03}：{n}きさまが……{WAIT}{=0804}<000A>{=2b
interior-target,08047C36,08047518,,,{=1e03}：{n}きさまが……{WAIT}{=0804}<000A>{=2b
interior-target,08047C7C,08047518,,,{=1e03}：{n}きさまが……{WAIT}{=0804}<000A>{=2b
interior-target,0804861E,080485B4,,,TONY：{n}ハーイ！　ノってるかーい！{WAIT}{PAGE}OK！　OK！
interior-target,08048772,08048774,,,OK！　OK！{n}また　来てくれよナ{n}BYE　BYE！{WAIT}
interior-target,080487AC,080487B0,,,OK！　OK！{n}ネクスト　ミュージックに{n}LET’S　GO！　OK！？{
interior-target,08048802,080487B0,,,OK！　OK！{n}ネクスト　ミュージックに{n}LET’S　GO！　OK！？{
interior-target,08048842,080487B0,,,OK！　OK！{n}ネクスト　ミュージックに{n}LET’S　GO！　OK！？{
interior-target,08048882,080487B0,,,OK！　OK！{n}ネクスト　ミュージックに{n}LET’S　GO！　OK！？{
interior-target,080488C2,080487B0,,,OK！　OK！{n}ネクスト　ミュージックに{n}LET’S　GO！　OK！？{
interior-target,08048902,080487B0,,,OK！　OK！{n}ネクスト　ミュージックに{n}LET’S　GO！　OK！？{
interior-target,08048942,080487B0,,,OK！　OK！{n}ネクスト　ミュージックに{n}LET’S　GO！　OK！？{
interior-target,08048982,080487B0,,,OK！　OK！{n}ネクスト　ミュージックに{n}LET’S　GO！　OK！？{
interior-target,080489C2,080487B0,,,OK！　OK！{n}ネクスト　ミュージックに{n}LET’S　GO！　OK！？{
interior-target,08048A02,080487B0,,,OK！　OK！{n}ネクスト　ミュージックに{n}LET’S　GO！　OK！？{
interior-target,08048A42,080487B0,,,OK！　OK！{n}ネクスト　ミュージックに{n}LET’S　GO！　OK！？{
interior-target,08048A82,080487B0,,,OK！　OK！{n}ネクスト　ミュージックに{n}LET’S　GO！　OK！？{
interior-target,08048AC2,080487B0,,,OK！　OK！{n}ネクスト　ミュージックに{n}LET’S　GO！　OK！？{
interior-target,08048B02,080487B0,,,OK！　OK！{n}ネクスト　ミュージックに{n}LET’S　GO！　OK！？{
interior-target,08048B42,080487B0,,,OK！　OK！{n}ネクスト　ミュージックに{n}LET’S　GO！　OK！？{
interior-target,08048B82,080487B0,,,OK！　OK！{n}ネクスト　ミュージックに{n}LET’S　GO！　OK！？{
interior-target,08048BC2,080487B0,,,OK！　OK！{n}ネクスト　ミュージックに{n}LET’S　GO！　OK！？{
interior-target,08048C02,080487B0,,,OK！　OK！{n}ネクスト　ミュージックに{n}LET’S　GO！　OK！？{
interior-target,08048C42,080487B0,,,OK！　OK！{n}ネクスト　ミュージックに{n}LET’S　GO！　OK！？{
interior-target,08048C82,080487B0,,,OK！　OK！{n}ネクスト　ミュージックに{n}LET’S　GO！　OK！？{
interior-target,0804955E,08049560,,,エントリーナンバー……{n}{=2d03}
interior-target,08049618,08049622,,,飛び入りで　参加してくれた{n}彼だ！{n}おめでとう！{WAIT}{PAGE}
interior-target,080496C0,080496C8,,,女：{n}やっぱり　あたしが　1番よね{n}どう！　この魔力9のダンス！{WAI
interior-target,0804974C,0804974E,,,……では　優勝者の発表だ！{n}優勝は…………{WAIT}
interior-target,08049814,08049816,,,でも　入んなくて　よかったよ{n}今じゃ　おちぶれた{n}ビンボージムだぜ{n}
interior-target,08049D8C,08049D8E,,,そういえば　最近　仮想空間で{n}変な　車いすの男が出るって{n}言われるのよぉ
interior-target,08049F94,08049FA0,,,男：{n}こら！　ここに入っちゃ{n}ダメだっての{WAIT}{PAGE}人を入
interior-target,0804A00E,0804A022,,,花田：{n}きさま！　ここは大天才科学者{n}ドクター花田様の研究所だ！{n}入
interior-target,0804A93E,0804A682,,,ドワーフ：{n}こご掘ると武器出でくるだよ{n}売り飛ばせば　いい儲けだ{WAI
interior-target,0804A97C,0804A97E,,,自分の手ぇ　汚して働かねえと{n}バチ当たっぞ{WAIT}{=2904}<219
interior-target,0804AA74,0804AA7C,,,鍛冶屋：{n}見ての通り　いそがしいんだ{n}ひやかしなら　帰ってくれ{WAIT
interior-target,0804AC7C,0804AC7E,,,……持物を減らしてきな{WAIT}
interior-target,0804B1F0,0804AF08,,,＞誰もいない……{WAIT}{=0f03}<B570>銀{=0403}
interior-target,0804B222,0804AF08,,,＞誰もいない……{WAIT}{=0f03}<B570>銀{=0403}
interior-target,0804B33C,0804AF08,,,＞誰もいない……{WAIT}{=0f03}<B570>銀{=0403}
interior-target,0804B3F4,0804AF08,,,＞誰もいない……{WAIT}{=0f03}<B570>銀{=0403}
interior-target,0804B460,0804AF08,,,＞誰もいない……{WAIT}{=0f03}<B570>銀{=0403}
interior-target,0804B786,0804B788,,,私の裁きに　力をかしてくれ{n}魔王ルシファーに{n}天罰を与えよう{WAIT}
interior-target,0804B896,0804B788,,,私の裁きに　力をかしてくれ{n}魔王ルシファーに{n}天罰を与えよう{WAIT}
interior-target,0804B8F2,0804B788,,,私の裁きに　力をかしてくれ{n}魔王ルシファーに{n}天罰を与えよう{WAIT}
interior-target,0804B972,0804B910,,,待ったぞ　{ALEPH}{n}行こう　新たな世界のために！{WAIT}{=0f0
interior-target,0804B97A,0804B910,,,待ったぞ　{ALEPH}{n}行こう　新たな世界のために！{WAIT}{=0f0
interior-target,0804BA14,0804B910,,,待ったぞ　{ALEPH}{n}行こう　新たな世界のために！{WAIT}{=0f0
interior-target,0804BA4A,0804BA52,,,おお　まさしく選ばれし者{n}さあ　楽園へ入るがよい{WAIT}{PAGE}＞フ
interior-target,0804BD0A,0804BCA2,,,ガブリエル：{n}ここは　おまえ達が{n}入れるような所ではない{WAIT}{P
interior-target,0804BD74,0804BCA2,,,ガブリエル：{n}ここは　おまえ達が{n}入れるような所ではない{WAIT}{P
interior-target,0804D266,0804CBC0,,,もう私達には　頼るもの{n}すがるものは　何も無いのね{WAIT}{=1503}
interior-target,0804D6C2,0804D6C4,,,”{=2103}”は{n}あんたにやるよ{WAIT}{PAGE}これを見てると　
interior-target,0804DCEA,0804DC72,,,＞{GIMMEL}が{n}牢に入っている{WAIT}{PAGE}{GIMMEL}
interior-target,0804DCF6,0804DC72,,,＞{GIMMEL}が{n}牢に入っている{WAIT}{PAGE}{GIMMEL}
interior-target,0804DD52,0804DC72,,,＞{GIMMEL}が{n}牢に入っている{WAIT}{PAGE}{GIMMEL}
interior-target,0804DD7A,0804DD8A,,,何するの？　やめてよ！{n}私は　ここにいるの！{n}やめて！{WAIT}{PA
interior-target,0804DEA8,0804DD8A,,,何するの？　やめてよ！{n}私は　ここにいるの！{n}やめて！{WAIT}{PA
interior-target,0804DEEE,0804DD8A,,,何するの？　やめてよ！{n}私は　ここにいるの！{n}やめて！{WAIT}{PA
interior-target,0804E56C,0804E542,,,テンプルナイト：{n}ここは立入禁止だ{WAIT}{=0f03}<E592>銀{
interior-target,0804E6AE,0804E666,,,この奥にいる人達は{n}ぼくが解放する{WAIT}{PAGE}{ALEPH}は{
interior-target,0804EFBE,0804EFCA,,,男：{n}{ZAYIN}って奴から{n}おまえに　伝言を頼まれてる{n}よく聞け
interior-target,0804F228,0804F22C,,,＞{=1e03}は{n}すでに倒した{WAIT}{=6b03}<5D0E><00
interior-target,0804F276,0804F27E,,,＞扉を開けて中に入りますか？{n}{=0e03}<F274>銀{=6b03}<5
interior-target,0804F2AA,0804F2AC,,,＞扉を開けて外に出ますか？{n}{=0e03}<F274>銀{=6b03}<5C
interior-target,0804F346,0804F2F2,,,＞妖鳥セイレーンがいる{WAIT}{PAGE}セイレーンは　悲しげな声で{n}歌
interior-target,0804F522,0804F2F2,,,＞妖鳥セイレーンがいる{WAIT}{PAGE}セイレーンは　悲しげな声で{n}歌
interior-target,0804F57C,0804F58C,,,テンプルナイト：{n}ただいま　ファクトリーへ{n}市民の方は入れません{n}悪
interior-target,0804F584,0804F58C,,,テンプルナイト：{n}ただいま　ファクトリーへ{n}市民の方は入れません{n}悪
interior-target,0804F630,0804F5E2,,,テンプルナイト：{n}センターから話は聞いています{n}どうぞ　お通り下さい{W
interior-target,0804F7AA,0804F718,,,{=1e03}：{n}あんたいい男ね　気に入ったわ{n}仲魔になってあげるっ{W
interior-target,0804F7E0,0804F718,,,{=1e03}：{n}あんたいい男ね　気に入ったわ{n}仲魔になってあげるっ{W
interior-target,0804F8D6,0804F8DE,,,{=1e03}：{n}えーっ　あたしの　いるとこ{n}ないじゃないのーっ{WAI
interior-target,0804FA62,0804FA64,,,なにぃ{n}引き下がっちゃうのぉ？{n}なんだ{n}引き下がっちまうのか？{WA
interior-target,0804FAD6,0804FA64,,,なにぃ{n}引き下がっちゃうのぉ？{n}なんだ{n}引き下がっちまうのか？{WA
interior-target,0804FC5C,0804FC1C,,,＞収容所内への通路がある{n}中に入りますか？{n}{=0e03}<FC10>銀
interior-target,0804FCA0,0804FC1C,,,＞収容所内への通路がある{n}中に入りますか？{n}{=0e03}<FC10>銀
interior-target,08050396,08050398,,,そうですか………{WAIT}
interior-target,0805062C,0805062E,,,そうですか………{WAIT}
interior-target,0805098A,080509B8,,,私は　妖精の王である{WAIT}{PAGE}妖精の1人も　連れておらぬ{n}人間
interior-target,0805099C,080509B8,,,私は　妖精の王である{WAIT}{PAGE}妖精の1人も　連れておらぬ{n}人間
interior-target,080509AE,080509B8,,,私は　妖精の王である{WAIT}{PAGE}妖精の1人も　連れておらぬ{n}人間
interior-target,08050A12,08050A1C,,,妖精を仲魔にしておるのか{n}妖精の願いなら{n}聞いてやらん事もないが{WAI
interior-target,08050B5C,08050B6A,,,早く”{=2103}”を{n}取ってくるのだ{WAIT}
interior-target,08050BFA,08050BFE,,,＞{=1e03}は　もういない{WAIT}
interior-target,08051134,080510AC,,,パック：{n}あーあ　見つかっちまったよ…{WAIT}{PAGE}”{=2103
interior-target,080511AE,080510AC,,,パック：{n}あーあ　見つかっちまったよ…{WAIT}{PAGE}”{=2103
interior-target,080511C0,080510AC,,,パック：{n}あーあ　見つかっちまったよ…{WAIT}{PAGE}”{=2103
interior-target,0805120C,080510AC,,,パック：{n}あーあ　見つかっちまったよ…{WAIT}{PAGE}”{=2103
interior-target,08051242,080510AC,,,パック：{n}あーあ　見つかっちまったよ…{WAIT}{PAGE}”{=2103
interior-target,080512E8,080510AC,,,パック：{n}あーあ　見つかっちまったよ…{WAIT}{PAGE}”{=2103
interior-target,080513DC,080510AC,,,パック：{n}あーあ　見つかっちまったよ…{WAIT}{PAGE}”{=2103
interior-target,0805148C,080510AC,,,パック：{n}あーあ　見つかっちまったよ…{WAIT}{PAGE}”{=2103
interior-target,080516E6,080515E2,,,パック：{n}あっ！　あんたは{WAIT}{PAGE}{ALEPH}！{n}こり
interior-target,0805180A,0805180C,,,魔封じの玉を使った！{=0303}【{=5803}〜{=5e03}<FF0D>{
interior-target,0805193C,08051912,,,ヒルコの声：{n}そのほこらの中に入るのだ{WAIT}{PAGE}＞ほこらの中に
interior-target,080519DE,08051912,,,ヒルコの声：{n}そのほこらの中に入るのだ{WAIT}{PAGE}＞ほこらの中に
interior-target,08051A06,08051912,,,ヒルコの声：{n}そのほこらの中に入るのだ{WAIT}{PAGE}＞ほこらの中に
interior-target,08051A5A,08051912,,,ヒルコの声：{n}そのほこらの中に入るのだ{WAIT}{PAGE}＞ほこらの中に
interior-target,08051B06,08051912,,,ヒルコの声：{n}そのほこらの中に入るのだ{WAIT}{PAGE}＞ほこらの中に
interior-target,08051B70,08051912,,,ヒルコの声：{n}そのほこらの中に入るのだ{WAIT}{PAGE}＞ほこらの中に
interior-target,08051BCC,08051912,,,ヒルコの声：{n}そのほこらの中に入るのだ{WAIT}{PAGE}＞ほこらの中に
interior-target,08051C40,08051C16,,,ヒルコの声：{n}そのほこらの中に入るのだ{WAIT}{PAGE}＞ほこらの中に
interior-target,08051E14,08051E0E,,,{=1e03}：{n}ヒルコから話を聞いたか{n}では　これで何をすればいいかは
interior-target,08051E7C,08051E88,,,＞{=1e03}は　いない{WAIT}
interior-target,08051EE6,08051EBC,,,ヒルコの声：{n}そのほこらの中に入るのだ{WAIT}{PAGE}＞ほこらの中に
interior-target,08052028,08051EBC,,,ヒルコの声：{n}そのほこらの中に入るのだ{WAIT}{PAGE}＞ほこらの中に
interior-target,08052074,08051EBC,,,ヒルコの声：{n}そのほこらの中に入るのだ{WAIT}{PAGE}＞ほこらの中に
interior-target,080520D8,080520B0,,,＞ほこらの入□は{n}閉ざされている{WAIT}{=0f03}<214C>九{=
interior-target,0805210A,080520B0,,,＞ほこらの入□は{n}閉ざされている{WAIT}{=0f03}<214C>九{=
interior-target,08052194,0805216C,,,＞ほこらの入□は{n}閉ざされている{WAIT}{=0f03}<2208>九{=
interior-target,080521C6,0805216C,,,＞ほこらの入□は{n}閉ざされている{WAIT}{=0f03}<2208>九{=
interior-target,08052794,080527B8,,,＞岩戸は{n}かたく閉ざされている{WAIT}{=0f03}<2A52>九{=0
interior-target,0805279A,080527B8,,,＞岩戸は{n}かたく閉ざされている{WAIT}{=0f03}<2A52>九{=0
interior-target,080527DE,080527B8,,,＞岩戸は{n}かたく閉ざされている{WAIT}{=0f03}<2A52>九{=0
interior-target,080529EE,080527B8,,,＞岩戸は{n}かたく閉ざされている{WAIT}{=0f03}<2A52>九{=0
interior-target,08052A22,080527B8,,,＞岩戸は{n}かたく閉ざされている{WAIT}{=0f03}<2A52>九{=0
interior-target,08052EF6,08052EFA,,,＞{=1e03}は{n}すでに封印を解かれた{WAIT}
interior-target,08053012,08053016,,,＞{=1e03}は{n}すでに封印を解かれた{WAIT}
interior-target,08053120,08053124,,,＞{=1e03}は{n}すでに封印を解かれた{WAIT}
interior-target,0805326C,08053270,,,＞{=1e03}は{n}すでに封印を解かれた{WAIT}
interior-target,08053354,08053358,,,＞{=1e03}は{n}すでに封印を解かれた{WAIT}
interior-target,08053408,080533AA,,,我が配下の十二神将を{n}みな倒したのか{WAIT}{PAGE}だが　ルシファー
interior-target,080534F0,080533AA,,,我が配下の十二神将を{n}みな倒したのか{WAIT}{PAGE}だが　ルシファー
interior-target,0805357C,080533AA,,,我が配下の十二神将を{n}みな倒したのか{WAIT}{PAGE}だが　ルシファー
interior-target,08053620,080535D2,,,見参！{WAIT}{PAGE}十二神将の1に数えられる{n}我が名にかけても{n
interior-target,080536B0,080535D2,,,見参！{WAIT}{PAGE}十二神将の1に数えられる{n}我が名にかけても{n
interior-target,08053700,080535D2,,,見参！{WAIT}{PAGE}十二神将の1に数えられる{n}我が名にかけても{n
interior-target,080537B8,0805376A,,,見参！{WAIT}{PAGE}十二神将の1に数えられる{n}我が名にかけても{n
interior-target,08053848,0805376A,,,見参！{WAIT}{PAGE}十二神将の1に数えられる{n}我が名にかけても{n
interior-target,08053898,0805376A,,,見参！{WAIT}{PAGE}十二神将の1に数えられる{n}我が名にかけても{n
interior-target,08053950,08053902,,,見参！{WAIT}{PAGE}十二神将の1に数えられる{n}我が名にかけても{n
interior-target,080539E0,08053902,,,見参！{WAIT}{PAGE}十二神将の1に数えられる{n}我が名にかけても{n
interior-target,08053A30,08053902,,,見参！{WAIT}{PAGE}十二神将の1に数えられる{n}我が名にかけても{n
interior-target,08053AE8,08053A9A,,,見参！{WAIT}{PAGE}十二神将の1に数えられる{n}我が名にかけても{n
interior-target,08053B78,08053A9A,,,見参！{WAIT}{PAGE}十二神将の1に数えられる{n}我が名にかけても{n
interior-target,08053BC8,08053A9A,,,見参！{WAIT}{PAGE}十二神将の1に数えられる{n}我が名にかけても{n
interior-target,08053C80,08053C32,,,見参！{WAIT}{PAGE}十二神将の1に数えられる{n}我が名にかけても{n
interior-target,08053D10,08053C32,,,見参！{WAIT}{PAGE}十二神将の1に数えられる{n}我が名にかけても{n
interior-target,08053D60,08053C32,,,見参！{WAIT}{PAGE}十二神将の1に数えられる{n}我が名にかけても{n
interior-target,08053E18,08053DCA,,,見参！{WAIT}{PAGE}十二神将の1に数えられる{n}我が名にかけても{n
interior-target,08053EA8,08053DCA,,,見参！{WAIT}{PAGE}十二神将の1に数えられる{n}我が名にかけても{n
interior-target,08053EF8,08053DCA,,,見参！{WAIT}{PAGE}十二神将の1に数えられる{n}我が名にかけても{n
interior-target,08053FB0,08053F62,,,見参！{WAIT}{PAGE}十二神将の1に数えられる{n}我が名にかけても{n
interior-target,08054040,08053F62,,,見参！{WAIT}{PAGE}十二神将の1に数えられる{n}我が名にかけても{n
interior-target,08054090,08053F62,,,見参！{WAIT}{PAGE}十二神将の1に数えられる{n}我が名にかけても{n
interior-target,08054148,080540FA,,,見参！{WAIT}{PAGE}十二神将の1に数えられる{n}我が名にかけても{n
interior-target,080541D8,080540FA,,,見参！{WAIT}{PAGE}十二神将の1に数えられる{n}我が名にかけても{n
interior-target,08054228,080540FA,,,見参！{WAIT}{PAGE}十二神将の1に数えられる{n}我が名にかけても{n
interior-target,080542E0,08054292,,,見参！{WAIT}{PAGE}十二神将の1に数えられる{n}我が名にかけても{n
interior-target,08054370,08054292,,,見参！{WAIT}{PAGE}十二神将の1に数えられる{n}我が名にかけても{n
interior-target,080543C0,08054292,,,見参！{WAIT}{PAGE}十二神将の1に数えられる{n}我が名にかけても{n
interior-target,08054478,0805442A,,,見参！{WAIT}{PAGE}十二神将の1に数えられる{n}我が名にかけても{n
interior-target,08054508,0805442A,,,見参！{WAIT}{PAGE}十二神将の1に数えられる{n}我が名にかけても{n
interior-target,08054558,0805442A,,,見参！{WAIT}{PAGE}十二神将の1に数えられる{n}我が名にかけても{n
interior-target,08054610,080545C2,,,見参！{WAIT}{PAGE}十二神将の1に数えられる{n}我が名にかけても{n
interior-target,080546A0,080545C2,,,見参！{WAIT}{PAGE}十二神将の1に数えられる{n}我が名にかけても{n
interior-target,080546F0,080545C2,,,見参！{WAIT}{PAGE}十二神将の1に数えられる{n}我が名にかけても{n
interior-target,080547A8,0805475A,,,見参！{WAIT}{PAGE}十二神将の1に数えられる{n}我が名にかけても{n
interior-target,08054838,0805475A,,,見参！{WAIT}{PAGE}十二神将の1に数えられる{n}我が名にかけても{n
interior-target,08054888,0805475A,,,見参！{WAIT}{PAGE}十二神将の1に数えられる{n}我が名にかけても{n
interior-target,080548F6,08054904,,,＞誰かが　ここで{n}魔界への入□を　開けようと{n}してるらしい{WAIT}{
interior-target,08054902,08054904,,,＞誰かが　ここで{n}魔界への入□を　開けようと{n}してるらしい{WAIT}{
interior-target,08054A90,08054904,,,＞誰かが　ここで{n}魔界への入□を　開けようと{n}してるらしい{WAIT}{
interior-target,08054AD6,08054904,,,＞誰かが　ここで{n}魔界への入□を　開けようと{n}してるらしい{WAIT}{
interior-target,08054B20,08054904,,,＞誰かが　ここで{n}魔界への入□を　開けようと{n}してるらしい{WAIT}{
interior-target,08054B24,08054904,,,＞誰かが　ここで{n}魔界への入□を　開けようと{n}してるらしい{WAIT}{
interior-target,08054B6A,08054904,,,＞誰かが　ここで{n}魔界への入□を　開けようと{n}してるらしい{WAIT}{
interior-target,08054B6E,08054904,,,＞誰かが　ここで{n}魔界への入□を　開けようと{n}してるらしい{WAIT}{
interior-target,08054BF4,08054904,,,＞誰かが　ここで{n}魔界への入□を　開けようと{n}してるらしい{WAIT}{
interior-target,08054E4E,08054904,,,＞誰かが　ここで{n}魔界への入□を　開けようと{n}してるらしい{WAIT}{
interior-target,08054FF4,08054904,,,＞誰かが　ここで{n}魔界への入□を　開けようと{n}してるらしい{WAIT}{
interior-target,08055014,08054904,,,＞誰かが　ここで{n}魔界への入□を　開けようと{n}してるらしい{WAIT}{
interior-target,0805551C,080554F2,,,＞セトは封印され{n}眠りについている{WAIT}{=0f03}<579C>九{
interior-target,08055556,080554F2,,,＞セトは封印され{n}眠りについている{WAIT}{=0f03}<579C>九{
interior-target,080555C8,080554F2,,,＞セトは封印され{n}眠りについている{WAIT}{=0f03}<579C>九{
interior-target,0805577C,080554F2,,,＞セトは封印され{n}眠りについている{WAIT}{=0f03}<579C>九{
interior-target,08055956,080558FC,,,＞”{=2103}”が輝きだした{WAIT}{PAGE}”{=2103}”を置き
interior-target,08055970,080558FC,,,＞”{=2103}”が輝きだした{WAIT}{PAGE}”{=2103}”を置き
interior-target,08055A90,08055A36,,,＞”{=2103}”が輝きだした{WAIT}{PAGE}”{=2103}”を置き
interior-target,08055AAA,08055A36,,,＞”{=2103}”が輝きだした{WAIT}{PAGE}”{=2103}”を置き
interior-target,08055BCA,08055B70,,,＞”{=2103}”が輝きだした{WAIT}{PAGE}”{=2103}”を置き
interior-target,08055BE4,08055B70,,,＞”{=2103}”が輝きだした{WAIT}{PAGE}”{=2103}”を置き
interior-target,08055D04,08055CAA,,,＞”{=2103}”が輝きだした{WAIT}{PAGE}”{=2103}”を置き
interior-target,08055D1E,08055CAA,,,＞”{=2103}”が輝きだした{WAIT}{PAGE}”{=2103}”を置き
interior-target,08055E3E,08055DE4,,,＞”{=2103}”が輝きだした{WAIT}{PAGE}”{=2103}”を置き
interior-target,08055E58,08055DE4,,,＞”{=2103}”が輝きだした{WAIT}{PAGE}”{=2103}”を置き
interior-target,08055F78,08055F1E,,,＞”{=2103}”が輝きだした{WAIT}{PAGE}”{=2103}”を置き
interior-target,08055F92,08055F1E,,,＞”{=2103}”が輝きだした{WAIT}{PAGE}”{=2103}”を置き
interior-target,080560C8,080560E2,,,＞”{=2103}”が輝きだした{WAIT}{PAGE}{ALEPH}達は{n}
interior-target,08056166,08056180,,,＞”{=2103}”が輝きだした{WAIT}{PAGE}{ALEPH}達は{n}
interior-target,08056204,0805621E,,,＞”{=2103}”が輝きだした{WAIT}{PAGE}{ALEPH}達は{n}
interior-target,080562A2,080562BC,,,＞”{=2103}”が輝きだした{WAIT}{PAGE}{ALEPH}達は{n}
interior-target,08056340,0805635A,,,＞”{=2103}”が輝きだした{WAIT}{PAGE}{ALEPH}達は{n}
interior-target,080563DE,080563F8,,,＞”{=2103}”が輝きだした{WAIT}{PAGE}{ALEPH}達は{n}
interior-target,0805647C,08056496,,,＞”{=2103}”が輝きだした{WAIT}{PAGE}{ALEPH}達は{n}
interior-target,0805651A,08056534,,,＞”{=2103}”が輝きだした{WAIT}{PAGE}{ALEPH}達は{n}
interior-target,0805677A,0805661C,,,{=1e03}：{n}方舟は　新しい世界で生きる{n}能力を持った人間しか{n}
interior-target,08056788,0805661C,,,{=1e03}：{n}方舟は　新しい世界で生きる{n}能力を持った人間しか{n}
interior-target,080568F0,080567EC,,,{=1e03}：{n}来たか……{WAIT}{PAGE}救世主をつくるという{n
interior-target,080568FE,080567EC,,,{=1e03}：{n}来たか……{WAIT}{PAGE}救世主をつくるという{n
interior-target,08056A4C,08056962,,,{=1e03}：{n}神の意に反して　生み出され{n}悪魔を召喚して使い　戦いに
interior-target,08056A5A,08056962,,,{=1e03}：{n}神の意に反して　生み出され{n}悪魔を召喚して使い　戦いに
interior-target,08056BF2,08056BF6,,,声：{n}よくやった　サタンよ{n}{ALEPH}を　ともない{n}我が下へ　来
interior-target,08057020,08056BF6,,,声：{n}よくやった　サタンよ{n}{ALEPH}を　ともない{n}我が下へ　来
interior-target,0805742C,08056BF6,,,声：{n}よくやった　サタンよ{n}{ALEPH}を　ともない{n}我が下へ　来
interior-target,08057588,08056BF6,,,声：{n}よくやった　サタンよ{n}{ALEPH}を　ともない{n}我が下へ　来
interior-target,080575CC,08056BF6,,,声：{n}よくやった　サタンよ{n}{ALEPH}を　ともない{n}我が下へ　来
interior-target,0805766C,08057626,,,声：{n}誰だ！？{n}サタンを倒したのは？{n}我が下へ来て　姿を見せよ{WA
interior-target,080576AE,08057626,,,声：{n}誰だ！？{n}サタンを倒したのは？{n}我が下へ来て　姿を見せよ{WA
interior-target,080576B8,08057626,,,声：{n}誰だ！？{n}サタンを倒したのは？{n}我が下へ来て　姿を見せよ{WA
interior-target,080576E6,08057626,,,声：{n}誰だ！？{n}サタンを倒したのは？{n}我が下へ来て　姿を見せよ{WA
interior-target,080576FE,08057626,,,声：{n}誰だ！？{n}サタンを倒したのは？{n}我が下へ来て　姿を見せよ{WA
interior-target,08057708,08057626,,,声：{n}誰だ！？{n}サタンを倒したのは？{n}我が下へ来て　姿を見せよ{WA
interior-target,08057752,08057626,,,声：{n}誰だ！？{n}サタンを倒したのは？{n}我が下へ来て　姿を見せよ{WA
interior-target,0805777C,08057784,,,声：{n}数え切れぬほどの命を{n}もて遊びたる{n}呪われし者どもよ…{WAI
interior-target,080577C8,08057784,,,声：{n}数え切れぬほどの命を{n}もて遊びたる{n}呪われし者どもよ…{WAI
interior-target,08057C60,08057826,,,YHVH：{n}我が名を　称えよ{WAIT}{PAGE}我が　栄光に満ちた{n}
interior-target,08058196,08057826,,,YHVH：{n}我が名を　称えよ{WAIT}{PAGE}我が　栄光に満ちた{n}
interior-target,08058774,0805878C,,,岡本：{n}まったく{n}チャンプさまさまだなぁ{WAIT}{PAGE}ジムもり
interior-target,08058C92,0805878C,,,岡本：{n}まったく{n}チャンプさまさまだなぁ{WAIT}{PAGE}ジムもり
interior-target,08058C96,0805878C,,,岡本：{n}まったく{n}チャンプさまさまだなぁ{WAIT}{PAGE}ジムもり
interior-target,08058EF8,08058EFE,,,もうあなたしか　頼れないの！{n}お願い！{=0e03}<8F54>九{PAGE
interior-target,08058F54,08058EFE,,,もうあなたしか　頼れないの！{n}お願い！{=0e03}<8F54>九{PAGE
interior-target,08058F92,08058EFE,,,もうあなたしか　頼れないの！{n}お願い！{=0e03}<8F54>九{PAGE
interior-target,08059066,0805906E,,,岡本：{n}ヴァルハラは{n}悪魔が出てこねぇ{n}エリアだったがなぁ{WAIT
interior-target,080590AC,080590B4,,,岡本：{n}ホーク……いや{n}{ALEPH}って{n}いうんだったな{WAIT
interior-target,08059110,08059118,,,岡本：{n}ホ　ホーク！{n}…じゃなかった{WAIT}{PAGE}{ALEPH
interior-target,0805970A,08059712,,,＞{=1e03}は{n}もういない{WAIT}
interior-target,0805984C,0805975C,,,車椅子の男：{n}やあ　私は悪魔じゃないよ{WAIT}{PAGE}君に会うため{
interior-target,08059B8E,0805975C,,,車椅子の男：{n}やあ　私は悪魔じゃないよ{WAIT}{PAGE}君に会うため{
interior-target,08059D2C,0805975C,,,車椅子の男：{n}やあ　私は悪魔じゃないよ{WAIT}{PAGE}君に会うため{
interior-target,08059D3A,0805975C,,,車椅子の男：{n}やあ　私は悪魔じゃないよ{WAIT}{PAGE}君に会うため{
interior-target,08059F14,0805975C,,,車椅子の男：{n}やあ　私は悪魔じゃないよ{WAIT}{PAGE}君に会うため{
interior-target,08059F22,0805975C,,,車椅子の男：{n}やあ　私は悪魔じゃないよ{WAIT}{PAGE}君に会うため{
interior-target,0805A0CA,0805975C,,,車椅子の男：{n}やあ　私は悪魔じゃないよ{WAIT}{PAGE}君に会うため{
interior-target,0805A0D8,0805975C,,,車椅子の男：{n}やあ　私は悪魔じゃないよ{WAIT}{PAGE}君に会うため{
interior-target,0805A5D4,0805A49A,,,声：{n}やっと　追いつきましたわ{n}ルシファー様{WAIT}{=0e04}。
interior-target,0805A68C,0805A694,,,主：{n}悪魔が集いし{n}邪教の館にようこそ{WAIT}{PAGE}なんの用じ
interior-target,0805A692,0805A694,,,主：{n}悪魔が集いし{n}邪教の館にようこそ{WAIT}{PAGE}なんの用じ
interior-target,0805A6BC,0805A694,,,主：{n}悪魔が集いし{n}邪教の館にようこそ{WAIT}{PAGE}なんの用じ
interior-target,0805A780,0805A782,,,仲魔がふえたら{n}また来るがよい{WAIT}{=2f04}{=0704}<00
interior-target,0805A860,0805A862,,,この合体でつかえる剣がたりぬぞ{WAIT}{PAGE}{=0f03}<A6BC>
interior-target,0805A962,0805A964,,,悪魔は成長することがない{WAIT}{PAGE}そこでより強い悪魔を手に入れる{
interior-target,0805ADD2,0805A964,,,悪魔は成長することがない{WAIT}{PAGE}そこでより強い悪魔を手に入れる{
interior-target,0805AF6C,0805A964,,,悪魔は成長することがない{WAIT}{PAGE}そこでより強い悪魔を手に入れる{
interior-target,0805B1D0,0805A964,,,悪魔は成長することがない{WAIT}{PAGE}そこでより強い悪魔を手に入れる{
interior-target,0805B450,0805A964,,,悪魔は成長することがない{WAIT}{PAGE}そこでより強い悪魔を手に入れる{
interior-target,0805B540,0805A964,,,悪魔は成長することがない{WAIT}{PAGE}そこでより強い悪魔を手に入れる{
interior-target,0805B77A,0805A964,,,悪魔は成長することがない{WAIT}{PAGE}そこでより強い悪魔を手に入れる{
interior-target,0805B9BE,0805A964,,,悪魔は成長することがない{WAIT}{PAGE}そこでより強い悪魔を手に入れる{
interior-target,0805BF68,0805A964,,,悪魔は成長することがない{WAIT}{PAGE}そこでより強い悪魔を手に入れる{
interior-target,0805C06A,0805A964,,,悪魔は成長することがない{WAIT}{PAGE}そこでより強い悪魔を手に入れる{
interior-target,0805C0FA,0805A964,,,悪魔は成長することがない{WAIT}{PAGE}そこでより強い悪魔を手に入れる{
interior-target,0805C150,0805A964,,,悪魔は成長することがない{WAIT}{PAGE}そこでより強い悪魔を手に入れる{
interior-target,0805C16E,0805C170,,,宝石”{=2103}”を{n}手に入れた{WAIT}{=7903}{=2d03}
interior-target,0805C21A,0805C21C,,,ウェーン！{n}ひどいよー　ひどいよー！{n}わたしのいうこと　きいて{n}くれ
interior-target,0805C4A8,0805C4AA,,,いらっしゃい　用件はなんだい？{=1303}d <C8FA>九'<C682>九\
interior-target,0805C4E4,0805C4E6,,,いらっしゃい　用件はなんだい？{=1303}
interior-target,0805C526,0805C528,,,いらっしゃい　用件はなんだい？{=1303}d/<D336>九'<C6FA>九\
interior-target,0805C562,0805C564,,,"いらっしゃい　用件はなんだい？{=1303}{=0104}""<D216>九!<C"
interior-target,0805C5AA,0805C5AC,,,"いらっしゃい　用件はなんだい？{=1303}<0501> <C8FA>九""<D2"
interior-target,0805C5F8,0805C5FA,,,"いらっしゃい　用件はなんだい？{=1303}{=0104} <C8FA>九""<D"
interior-target,0805C640,0805C642,,,いらっしゃい　用件はなんだい？{=1303}
interior-target,0805C8E2,0805C8E4,,,また来てくれよ！{WAIT}{n}
interior-target,0805C8FA,0805C924,,,どのアイテムを修復するんだい？{=0f03}<C9E6>九どのアイテムを修復する
interior-target,0805C948,0805C924,,,どのアイテムを修復するんだい？{=0f03}<C9E6>九どのアイテムを修復する
interior-target,0805C966,0805C924,,,どのアイテムを修復するんだい？{=0f03}<C9E6>九どのアイテムを修復する
interior-target,0805C986,0805C924,,,どのアイテムを修復するんだい？{=0f03}<C9E6>九どのアイテムを修復する
interior-target,0805C9A8,0805C924,,,どのアイテムを修復するんだい？{=0f03}<C9E6>九どのアイテムを修復する
interior-target,0805C9CA,0805C924,,,どのアイテムを修復するんだい？{=0f03}<C9E6>九どのアイテムを修復する
interior-target,0805C9E6,0805CA10,,,元鑑定屋：{n}{=2103}を修復するのに{n}ћ{=2303}　かかるが{n
interior-target,0805C9F2,0805CA10,,,元鑑定屋：{n}{=2103}を修復するのに{n}ћ{=2303}　かかるが{n
interior-target,0805CA0E,0805CA10,,,元鑑定屋：{n}{=2103}を修復するのに{n}ћ{=2303}　かかるが{n
interior-target,0805CA4E,0805CA10,,,元鑑定屋：{n}{=2103}を修復するのに{n}ћ{=2303}　かかるが{n
interior-target,0805CA84,0805CA10,,,元鑑定屋：{n}{=2103}を修復するのに{n}ћ{=2303}　かかるが{n
interior-target,0805CAC0,0805CA10,,,元鑑定屋：{n}{=2103}を修復するのに{n}ћ{=2303}　かかるが{n
interior-target,0805CAFA,0805CA10,,,元鑑定屋：{n}{=2103}を修復するのに{n}ћ{=2303}　かかるが{n
interior-target,0805CB3A,0805CA10,,,元鑑定屋：{n}{=2103}を修復するのに{n}ћ{=2303}　かかるが{n
interior-target,0805CB76,0805CA10,,,元鑑定屋：{n}{=2103}を修復するのに{n}ћ{=2303}　かかるが{n
interior-target,0805CCA8,0805CCCA,,,元鑑定屋：{n}マッカが　足りないよ{=0f03}<CDA4>九元鑑定屋：{n}
interior-target,0805CCF0,0805CCCA,,,元鑑定屋：{n}マッカが　足りないよ{=0f03}<CDA4>九元鑑定屋：{n}
interior-target,0805CD12,0805CCCA,,,元鑑定屋：{n}マッカが　足りないよ{=0f03}<CDA4>九元鑑定屋：{n}
interior-target,0805CD38,0805CCCA,,,元鑑定屋：{n}マッカが　足りないよ{=0f03}<CDA4>九元鑑定屋：{n}
interior-target,0805CD60,0805CCCA,,,元鑑定屋：{n}マッカが　足りないよ{=0f03}<CDA4>九元鑑定屋：{n}
interior-target,0805CD84,0805CCCA,,,元鑑定屋：{n}マッカが　足りないよ{=0f03}<CDA4>九元鑑定屋：{n}
interior-target,0805CDA4,0805CCCA,,,元鑑定屋：{n}マッカが　足りないよ{=0f03}<CDA4>九元鑑定屋：{n}
interior-target,0805CDAE,0805CCCA,,,元鑑定屋：{n}マッカが　足りないよ{=0f03}<CDA4>九元鑑定屋：{n}
interior-target,0805CDEA,0805CCCA,,,元鑑定屋：{n}マッカが　足りないよ{=0f03}<CDA4>九元鑑定屋：{n}
interior-target,0805CE10,0805CCCA,,,元鑑定屋：{n}マッカが　足りないよ{=0f03}<CDA4>九元鑑定屋：{n}
interior-target,0805CE80,0805CCCA,,,元鑑定屋：{n}マッカが　足りないよ{=0f03}<CDA4>九元鑑定屋：{n}
interior-target,0805CE88,0805CCCA,,,元鑑定屋：{n}マッカが　足りないよ{=0f03}<CDA4>九元鑑定屋：{n}
interior-target,0805CEBC,0805CCCA,,,元鑑定屋：{n}マッカが　足りないよ{=0f03}<CDA4>九元鑑定屋：{n}
interior-target,0805D004,0805CFDA,,,元鑑定屋：{n}どの悪魔を抽出するんだい{=0f03}<D0C4>九元鑑定屋：{
interior-target,0805D02C,0805CFDA,,,元鑑定屋：{n}どの悪魔を抽出するんだい{=0f03}<D0C4>九元鑑定屋：{
interior-target,0805D052,0805CFDA,,,元鑑定屋：{n}どの悪魔を抽出するんだい{=0f03}<D0C4>九元鑑定屋：{
interior-target,0805D07A,0805CFDA,,,元鑑定屋：{n}どの悪魔を抽出するんだい{=0f03}<D0C4>九元鑑定屋：{
interior-target,0805D0A4,0805CFDA,,,元鑑定屋：{n}どの悪魔を抽出するんだい{=0f03}<D0C4>九元鑑定屋：{
interior-target,0805D0C4,0805D0EE,,,抽出できる悪魔がいないよ{=0f03}<D19C>九抽出できる悪魔がいない{=0
interior-target,0805D0D0,0805D0EE,,,抽出できる悪魔がいないよ{=0f03}<D19C>九抽出できる悪魔がいない{=0
interior-target,0805D10C,0805D0EE,,,抽出できる悪魔がいないよ{=0f03}<D19C>九抽出できる悪魔がいない{=0
interior-target,0805D128,0805D0EE,,,抽出できる悪魔がいないよ{=0f03}<D19C>九抽出できる悪魔がいない{=0
interior-target,0805D146,0805D0EE,,,抽出できる悪魔がいないよ{=0f03}<D19C>九抽出できる悪魔がいない{=0
interior-target,0805D166,0805D0EE,,,抽出できる悪魔がいないよ{=0f03}<D19C>九抽出できる悪魔がいない{=0
interior-target,0805D184,0805D0EE,,,抽出できる悪魔がいないよ{=0f03}<D19C>九抽出できる悪魔がいない{=0
interior-target,0805D19C,0805D0EE,,,抽出できる悪魔がいないよ{=0f03}<D19C>九抽出できる悪魔がいない{=0
interior-target,0805D1A6,0805D0EE,,,抽出できる悪魔がいないよ{=0f03}<D19C>九抽出できる悪魔がいない{=0
interior-target,0805D216,0805D240,,,元鑑定屋：{n}どの悪魔を抽出するんだい{=0f03}<D32A>九元鑑定屋：{
interior-target,0805D26A,0805D240,,,元鑑定屋：{n}どの悪魔を抽出するんだい{=0f03}<D32A>九元鑑定屋：{
interior-target,0805D292,0805D240,,,元鑑定屋：{n}どの悪魔を抽出するんだい{=0f03}<D32A>九元鑑定屋：{
interior-target,0805D2B8,0805D240,,,元鑑定屋：{n}どの悪魔を抽出するんだい{=0f03}<D32A>九元鑑定屋：{
interior-target,0805D2E0,0805D240,,,元鑑定屋：{n}どの悪魔を抽出するんだい{=0f03}<D32A>九元鑑定屋：{
interior-target,0805D30A,0805D240,,,元鑑定屋：{n}どの悪魔を抽出するんだい{=0f03}<D32A>九元鑑定屋：{
interior-target,0805D32A,0805D354,,,元鑑定屋：{n}メモリーチップに還元する悪魔は{n}どれだい？{=0f03}<D
interior-target,0805D336,0805D354,,,元鑑定屋：{n}メモリーチップに還元する悪魔は{n}どれだい？{=0f03}<D
interior-target,0805D390,0805D354,,,元鑑定屋：{n}メモリーチップに還元する悪魔は{n}どれだい？{=0f03}<D
interior-target,0805D3CA,0805D354,,,元鑑定屋：{n}メモリーチップに還元する悪魔は{n}どれだい？{=0f03}<D
interior-target,0805D404,0805D354,,,元鑑定屋：{n}メモリーチップに還元する悪魔は{n}どれだい？{=0f03}<D
interior-target,0805D43E,0805D354,,,元鑑定屋：{n}メモリーチップに還元する悪魔は{n}どれだい？{=0f03}<D
interior-target,0805D47A,0805D354,,,元鑑定屋：{n}メモリーチップに還元する悪魔は{n}どれだい？{=0f03}<D
interior-target,0805D4B8,0805D4E6,,,ビジョナリーアイテムを{n}手に入れたとき一部のアイテムは{n}壊れていることが
interior-target,0805D4E4,0805D4E6,,,ビジョナリーアイテムを{n}手に入れたとき一部のアイテムは{n}壊れていることが
interior-target,0805D698,0805D4E6,,,ビジョナリーアイテムを{n}手に入れたとき一部のアイテムは{n}壊れていることが
interior-target,0805D81E,0805D4E6,,,ビジョナリーアイテムを{n}手に入れたとき一部のアイテムは{n}壊れていることが
interior-target,0805D92E,0805D4E6,,,ビジョナリーアイテムを{n}手に入れたとき一部のアイテムは{n}壊れていることが
interior-target,0805DA6E,0805D4E6,,,ビジョナリーアイテムを{n}手に入れたとき一部のアイテムは{n}壊れていることが
interior-target,0805DCDE,0805DC36,,,元鑑定屋：{n}オレはその昔　鑑定屋って{n}商売をやっていたんだが{n}なかな
interior-target,0805DCF0,0805DC36,,,元鑑定屋：{n}オレはその昔　鑑定屋って{n}商売をやっていたんだが{n}なかな
interior-target,0805DD2C,0805DC36,,,元鑑定屋：{n}オレはその昔　鑑定屋って{n}商売をやっていたんだが{n}なかな
interior-target,0805DD84,0805DC36,,,元鑑定屋：{n}オレはその昔　鑑定屋って{n}商売をやっていたんだが{n}なかな
interior-target,0805DDF6,0805DDF8,,,元鑑定屋：{n}イースターシステムを使える{n}強さになったようだな{n}{WA
interior-target,0805E1EC,0805DDF8,,,元鑑定屋：{n}イースターシステムを使える{n}強さになったようだな{n}{WA
interior-target,0805E1FE,0805DDF8,,,元鑑定屋：{n}イースターシステムを使える{n}強さになったようだな{n}{WA
interior-target,0805E276,0805DDF8,,,元鑑定屋：{n}イースターシステムを使える{n}強さになったようだな{n}{WA
interior-target,0805E634,0805E2BA,,,元鑑定屋：{n}イースターシステムを使える{n}レベルになったか{n}{WAIT
interior-target,0805E646,0805E2BA,,,元鑑定屋：{n}イースターシステムを使える{n}レベルになったか{n}{WAIT
interior-target,0805E6AA,0805E2BA,,,元鑑定屋：{n}イースターシステムを使える{n}レベルになったか{n}{WAIT
interior-target,0805E6FE,0805E700,,,元鑑定屋：{n}イースターシステムを使える{n}強さになったか{n}{WAIT}
interior-target,0805EA2C,0805E700,,,元鑑定屋：{n}イースターシステムを使える{n}強さになったか{n}{WAIT}
interior-target,0805EA3E,0805E700,,,元鑑定屋：{n}イースターシステムを使える{n}強さになったか{n}{WAIT}
interior-target,0805EAAA,0805E700,,,元鑑定屋：{n}イースターシステムを使える{n}強さになったか{n}{WAIT}
interior-target,0805EB16,0805E700,,,元鑑定屋：{n}イースターシステムを使える{n}強さになったか{n}{WAIT}
interior-target,0805EB88,0805EB8A,,,元鑑定屋：{n}イースターシステムを使える{n}強さになったんだねー{n}{WA
interior-target,0805EEC8,0805EB8A,,,元鑑定屋：{n}イースターシステムを使える{n}強さになったんだねー{n}{WA
interior-target,0805EEDA,0805EB8A,,,元鑑定屋：{n}イースターシステムを使える{n}強さになったんだねー{n}{WA
interior-target,0805EF4C,0805EB8A,,,元鑑定屋：{n}イースターシステムを使える{n}強さになったんだねー{n}{WA
interior-target,0805EFAE,0805EB8A,,,元鑑定屋：{n}イースターシステムを使える{n}強さになったんだねー{n}{WA
interior-target,0805F014,0805F016,,,元鑑定屋：{n}イースターシステムを使える{n}強さになったかね{n}{WAIT
interior-target,0805F38C,0805F3B2,,,風の噂で　アヌーンちゃんに{n}恋人が出来た事を　聞いた…{n}ファンクラブも{
interior-target,0805F3B0,0805F3B2,,,風の噂で　アヌーンちゃんに{n}恋人が出来た事を　聞いた…{n}ファンクラブも{
interior-target,0805F416,0805F3B2,,,風の噂で　アヌーンちゃんに{n}恋人が出来た事を　聞いた…{n}ファンクラブも{
interior-target,0805F48E,0805F3B2,,,風の噂で　アヌーンちゃんに{n}恋人が出来た事を　聞いた…{n}ファンクラブも{
interior-target,0805F4F0,0805F4F2,,,元鑑定屋：{n}イースターシステムを使える{n}強さになったんだね{n}{WAI
interior-target,0805F8A4,0805F8C0,,,元鑑定屋：{n}メモリーに空きが無いな{n}仲魔を減らしてから{n}また来ておく
interior-target,0805F910,0805F8C0,,,元鑑定屋：{n}メモリーに空きが無いな{n}仲魔を減らしてから{n}また来ておく
interior-target,0805F958,0805F8C0,,,元鑑定屋：{n}メモリーに空きが無いな{n}仲魔を減らしてから{n}また来ておく
interior-target,0805F9A4,0805F8C0,,,元鑑定屋：{n}メモリーに空きが無いな{n}仲魔を減らしてから{n}また来ておく
interior-target,0805F9EC,0805F8C0,,,元鑑定屋：{n}メモリーに空きが無いな{n}仲魔を減らしてから{n}また来ておく
interior-target,0805FA36,0805F8C0,,,元鑑定屋：{n}メモリーに空きが無いな{n}仲魔を減らしてから{n}また来ておく
interior-target,0805FA7A,0805FA96,,,元鑑定屋：{n}これ以上修復悪魔は{n}呼び出せないな{WAIT}{PAGE}修
interior-target,0805FAF8,0805FA96,,,元鑑定屋：{n}これ以上修復悪魔は{n}呼び出せないな{WAIT}{PAGE}修
interior-target,0805FB50,0805FA96,,,元鑑定屋：{n}これ以上修復悪魔は{n}呼び出せないな{WAIT}{PAGE}修
interior-target,0805FBAC,0805FA96,,,元鑑定屋：{n}これ以上修復悪魔は{n}呼び出せないな{WAIT}{PAGE}修
interior-target,0805FC06,0805FA96,,,元鑑定屋：{n}これ以上修復悪魔は{n}呼び出せないな{WAIT}{PAGE}修
interior-target,0805FC68,0805FA96,,,元鑑定屋：{n}これ以上修復悪魔は{n}呼び出せないな{WAIT}{PAGE}修
interior-target,0805FDBA,0805FDBC,,,おまえは　無数の殺生を{n}かさねたといえど　我の救いを{n}受け入れ得る者のよ
interior-target,0805FE3C,0805FE40,,,＞{=1e03}は　もういない{WAIT}
interior-target,0805FE56,0805FE6C,,,我は　今おまえと{n}共に　あるぞ{WAIT}
interior-target,08060618,080605F6,,,ルイ・サイファー：{n}{=0c03}N英倶{=0f03}煙倶やあ　また会ったね
interior-target,08060634,080605F6,,,ルイ・サイファー：{n}{=0c03}N英倶{=0f03}煙倶やあ　また会ったね
interior-target,08061678,08061348,,,{=1e03}：{n}やって来たな　サタンよ{WAIT}{PAGE}この{n}大
interior-target,080616FC,08061348,,,{=1e03}：{n}やって来たな　サタンよ{WAIT}{PAGE}この{n}大
interior-target,080617AA,080617BA,,,私の言う通り　自分の足で{n}ここまで　やって来たか{WAIT}{n}{PAGE
interior-target,0806182A,080617BA,,,私の言う通り　自分の足で{n}ここまで　やって来たか{WAIT}{n}{PAGE
interior-target,080618BA,080618BE,,,＞{=1e03}は{n}もういない……{WAIT}
interior-target,080618D8,080618E0,,,……おまえの用意が{n}まだのようだな{n}急ぐのだ　時間が無い{WAIT}{=
interior-target,0806197A,08061920,,,待ちかねたぞ{WAIT}{PAGE}{=0f03}<182A>倶{=0803}B
interior-target,08061982,08061920,,,待ちかねたぞ{WAIT}{PAGE}{=0f03}<182A>倶{=0803}B
interior-target,08061C8E,08061920,,,待ちかねたぞ{WAIT}{PAGE}{=0f03}<182A>倶{=0803}B
interior-target,08061C9C,08061920,,,待ちかねたぞ{WAIT}{PAGE}{=0f03}<182A>倶{=0803}B
interior-target,08061D14,08061920,,,待ちかねたぞ{WAIT}{PAGE}{=0f03}<182A>倶{=0803}B
interior-target,08061DD2,08061920,,,待ちかねたぞ{WAIT}{PAGE}{=0f03}<182A>倶{=0803}B
interior-target,08061DDA,08061920,,,待ちかねたぞ{WAIT}{PAGE}{=0f03}<182A>倶{=0803}B
interior-target,08061FF4,08061EFA,,,お初に　お目にかかる{WAIT}{PAGE}私は　ルシファー様の{n}そば近く仕
interior-target,0806203C,08061EFA,,,お初に　お目にかかる{WAIT}{PAGE}私は　ルシファー様の{n}そば近く仕
interior-target,08062096,08062098,,,確かに　人間としては{n}中々の強さだが{n}これではルシファー様は{n}満足す
interior-target,080620EC,080620EE,,,おおっ　中々の強さだな{n}ルシファー様も{n}満足するだろう{WAIT}{=0
interior-target,08062298,08062152,,,……誰だ？{WAIT}{PAGE}大魔王　{=1e03}の{n}間と知って{n}
interior-target,08062474,08062152,,,……誰だ？{WAIT}{PAGE}大魔王　{=1e03}の{n}間と知って{n}
interior-target,080624BE,080624C0,,,…きさまが　ルシファー様{n}お気に入りの{n}{ALEPH}か{WAIT}{P
interior-target,0806256C,080624C0,,,…きさまが　ルシファー様{n}お気に入りの{n}{ALEPH}か{WAIT}{P
interior-target,080625B6,080625BA,,,＞{=1e03}は{n}もういない{WAIT}
interior-target,08062768,0806261A,,,我がコクマの塔へ　ようこそ{WAIT}{PAGE}{ALEPH}とやら{n}力強
interior-target,080627EC,0806261A,,,我がコクマの塔へ　ようこそ{WAIT}{PAGE}{ALEPH}とやら{n}力強
interior-target,080628BA,0806261A,,,我がコクマの塔へ　ようこそ{WAIT}{PAGE}{ALEPH}とやら{n}力強
interior-target,080628F0,0806261A,,,我がコクマの塔へ　ようこそ{WAIT}{PAGE}{ALEPH}とやら{n}力強
interior-target,080629C8,0806261A,,,我がコクマの塔へ　ようこそ{WAIT}{PAGE}{ALEPH}とやら{n}力強
interior-target,080629F6,0806261A,,,我がコクマの塔へ　ようこそ{WAIT}{PAGE}{ALEPH}とやら{n}力強
interior-target,08062AC0,0806261A,,,我がコクマの塔へ　ようこそ{WAIT}{PAGE}{ALEPH}とやら{n}力強
interior-target,08062AC6,0806261A,,,我がコクマの塔へ　ようこそ{WAIT}{PAGE}{ALEPH}とやら{n}力強
interior-target,08062B50,0806261A,,,我がコクマの塔へ　ようこそ{WAIT}{PAGE}{ALEPH}とやら{n}力強
interior-target,08062BCC,0806261A,,,我がコクマの塔へ　ようこそ{WAIT}{PAGE}{ALEPH}とやら{n}力強
interior-target,08062C0C,0806261A,,,我がコクマの塔へ　ようこそ{WAIT}{PAGE}{ALEPH}とやら{n}力強
interior-target,08062C44,0806261A,,,我がコクマの塔へ　ようこそ{WAIT}{PAGE}{ALEPH}とやら{n}力強
interior-target,08062CBE,0806261A,,,我がコクマの塔へ　ようこそ{WAIT}{PAGE}{ALEPH}とやら{n}力強
interior-target,08062D2C,0806261A,,,我がコクマの塔へ　ようこそ{WAIT}{PAGE}{ALEPH}とやら{n}力強
interior-target,08062D60,0806261A,,,我がコクマの塔へ　ようこそ{WAIT}{PAGE}{ALEPH}とやら{n}力強
interior-target,08062D6E,0806261A,,,我がコクマの塔へ　ようこそ{WAIT}{PAGE}{ALEPH}とやら{n}力強
interior-target,08062E0E,0806261A,,,我がコクマの塔へ　ようこそ{WAIT}{PAGE}{ALEPH}とやら{n}力強
interior-target,08062F12,08062F1E,,,＞マーラの魔力で　開かない{WAIT}{=0804}￥
interior-target,08062F16,08062F1E,,,＞マーラの魔力で　開かない{WAIT}{=0804}￥
interior-target,08062F96,08062FA2,,,＞マーラの魔力で　開かない{WAIT}{=0804}￥{=6b03}<3F33>
interior-target,08062F9A,08062FA2,,,＞マーラの魔力で　開かない{WAIT}{=0804}￥{=6b03}<3F33>
interior-target,08063018,08063024,,,＞マーラの魔力で　開かない{WAIT}{=0804}￥{=6b03}<373B>
interior-target,0806301C,08063024,,,＞マーラの魔力で　開かない{WAIT}{=0804}￥{=6b03}<373B>
interior-target,0806309A,080630A6,,,＞マーラの魔力で　開かない{WAIT}{=0804}￥{=6b03}<3F3B>
interior-target,0806309E,080630A6,,,＞マーラの魔力で　開かない{WAIT}{=0804}￥{=6b03}<3F3B>
interior-target,0806316C,08063150,,,男：{n}昔3人の男が　{=0c03}R<31E4>倶どこからか現れた{n}ここ
interior-target,080631E4,080631F6,,,剛神界から{n}ここへ　やって来たそうだ{WAIT}{PAGE}今　ここから{n
interior-target,080631F4,080631F6,,,剛神界から{n}ここへ　やって来たそうだ{WAIT}{PAGE}今　ここから{n
interior-target,080632BA,080632A8,,,役小角：{n}{=0c03}-<32BA>倶金剛神界へ　ようこそ{n}我は　役小
interior-target,0806337A,0806337C,,,帰るのか　では　さらばだ{WAIT}{PAGE}{=5203}<0070>{=2
interior-target,080633EE,080633F0,,,＞魔人は　現れなかった……{WAIT}
interior-target,08063446,0806341C,,,声：{n}行動を記録しますか？{n}{=0e03}<3502>倶{=0c03}$
interior-target,0806346A,0806341C,,,声：{n}行動を記録しますか？{n}{=0e03}<3502>倶{=0c03}$
interior-target,08063558,0806351A,,,イザナミ：{n}よく　いらっしゃいました{n}{ALEPH}{n}{GIMMEL
interior-target,0806369A,080636B4,,,ここ金剛神界には　役小角の{n}霊力により　大いなる魔物が{n}封じ込まれておる
interior-target,080642DA,080641D0,,,STEVEN：{n}現れたサタンに　さっそく{n}ひどい目に　あわされたな{WA
interior-target,08064590,080641D0,,,STEVEN：{n}現れたサタンに　さっそく{n}ひどい目に　あわされたな{WA
interior-target,0806474A,080641D0,,,STEVEN：{n}現れたサタンに　さっそく{n}ひどい目に　あわされたな{WA
interior-target,08064B88,080641D0,,,STEVEN：{n}現れたサタンに　さっそく{n}ひどい目に　あわされたな{WA
interior-target,08064D56,08064D5E,,,門番：{n}これは　{ALEPH}様{n}どうぞ　お入りください{WAIT}{=
interior-target,08064ED0,08064E4A,,,＞下に行きますか？{n}{=0e03}<4E3E>倶{=0303}<000B>{
interior-target,08065860,08065776,,,アルフレッド：{n}お待ちしておりました{n}{ALEPH}様{WAIT}{PA
interior-target,08065868,08065776,,,アルフレッド：{n}お待ちしておりました{n}{ALEPH}様{WAIT}{PA
interior-target,080658D0,08065776,,,アルフレッド：{n}お待ちしておりました{n}{ALEPH}様{WAIT}{PA
interior-target,08065C46,08065776,,,アルフレッド：{n}お待ちしておりました{n}{ALEPH}様{WAIT}{PA
interior-target,08065EC0,08065776,,,アルフレッド：{n}お待ちしておりました{n}{ALEPH}様{WAIT}{PA
interior-target,08065F0C,08065F14,,,アルフレッド：{n}マダムは　ただいま{n}大変いそがしくて{n}お会いできませ
interior-target,08065F7E,08065F9E,,,目加田：{n}…ひさしぶりだな{n}{ALEPH}よ…　私だ…{=1503}{W
interior-target,0806627C,08065F9E,,,目加田：{n}…ひさしぶりだな{n}{ALEPH}よ…　私だ…{=1503}{W
interior-target,0806635A,08065F9E,,,目加田：{n}…ひさしぶりだな{n}{ALEPH}よ…　私だ…{=1503}{W
interior-target,08066572,08065F9E,,,目加田：{n}…ひさしぶりだな{n}{ALEPH}よ…　私だ…{=1503}{W
interior-target,080668E0,08065F9E,,,目加田：{n}…ひさしぶりだな{n}{ALEPH}よ…　私だ…{=1503}{W
interior-target,08066908,08065F9E,,,目加田：{n}…ひさしぶりだな{n}{ALEPH}よ…　私だ…{=1503}{W
interior-target,08066DC0,08065F9E,,,目加田：{n}…ひさしぶりだな{n}{ALEPH}よ…　私だ…{=1503}{W
interior-target,08066DE6,08065F9E,,,目加田：{n}…ひさしぶりだな{n}{ALEPH}よ…　私だ…{=1503}{W
interior-target,08066E24,08066E36,,,そっちじゃない！{n}右だ　右へ行け{WAIT}
interior-target,08066E6C,08066E7E,,,左の方から　におってくるぞ{WAIT}
interior-target,08066EAE,08066EC0,,,前に進んで　右へ行くんだ{WAIT}
interior-target,08066EEE,08066F00,,,右へ行って　奥の階段だ{n}この下の階から　におってくるぞ{WAIT}
interior-target,08067DA4,08067DBE,,,声：{n}おい　おまえ{n}{ALEPH}　じゃないか？{n}オレだ　オレだよ…
interior-target,08067DBA,08067DBE,,,声：{n}おい　おまえ{n}{ALEPH}　じゃないか？{n}オレだ　オレだよ…
interior-target,08067FFC,0806800C,,,おれさまを　仲魔にできないと{n}言うのか……？{=1503}{WAIT}{PA
interior-target,0806824A,0806824C,,,ファクトリーで元気に働く{n}ご老人がメシア教会に{n}ћ10000　ものきふを
interior-target,0806830C,08068316,,,今日の悪魔情報です{n}現在　悪魔注意報が{n}出されている{n}エリアはありま
interior-target,080683BA,080683BC,,,コロシアム・トーナメントの{n}チャンピオン　ホークが　実は{n}センター市民{
interior-target,08068B68,08068B7A,,,……センターは{n}ファクトリーなんて言って{n}いるが　実は　強制収容所だ！{
interior-target,08068F3C,08068F3E,,,ホーリータウンに　異教の{n}神殿を建てようとした{n}ガイア教徒13名が　テン
interior-target,08068FE6,08068FF0,,,今日の悪魔情報です{n}現在　悪魔注意報が{n}出されている{n}エリアはありま
interior-target,08069094,08069096,,,コロシアム・トーナメントの{n}チャンピオン　ホークが　実は{n}センター市民{
interior-target,08069834,08069846,,,……センターは{n}ファクトリーなんて言って{n}いるが　実は　強制収容所だ！{
interior-target,08069BFE,08069C00,,,ホーリータウンに　異教の{n}神殿を建てようとした{n}ガイア教徒13名が　テン
interior-target,08069CA8,08069CB2,,,今日の悪魔情報です{n}現在　悪魔注意報が出されている{n}エリアはありません{
interior-target,08069D52,08069D54,,,コロシアム・トーナメントの{n}チャンピオン　ホークが{WAIT}{PAGE}実
interior-target,0806A4EE,0806A500,,,……センターは　ファクトリー{n}なんて言っているが{n}実は　強制収容所だ！{
interior-target,0806A5D0,0806A5DC,,,センター司教：{n}センターより{n}{ZAYIN}につぐ{=1503}{n}直
interior-target,0806A9FE,0806AA08,,,…生産を　受け持つ{n}ファクトリー……{n}そこで働く人達……{WAIT}{P
interior-target,0806B0C2,0806B074,,,老人：{n}どうも最近トーナメントの回数が{n}減ってるような気がする{WAIT
interior-target,0806B0FE,0806B074,,,老人：{n}どうも最近トーナメントの回数が{n}減ってるような気がする{WAIT
interior-target,0806B5E0,0806B596,,,男：{n}むかしは　街中に悪魔が出たが{n}今は　少ししか出ない{WAIT}{n
interior-target,0806B630,0806B596,,,男：{n}むかしは　街中に悪魔が出たが{n}今は　少ししか出ない{WAIT}{n
interior-target,0806B87A,0806B828,,,男：{n}ちくしょう！{n}また{=0c03}！<B84E>倶{=0f03}<B
interior-target,0806B88C,0806B828,,,男：{n}ちくしょう！{n}また{=0c03}！<B84E>倶{=0f03}<B
interior-target,0806BA90,0806BA94,,,男：{n}あの塔が　できてからだ……{WAIT}{PAGE}体の力が　ぬけちまっ
interior-target,0806BBCE,0806BBD4,,,男：{n}センターと　正面切って戦う{n}とは{ZAYIN}は{n}すごいよ{W
interior-target,0806BC58,0806BC60,,,男：{n}この間また　魔界へ行くって{n}言ってた奴に会ったけどな……{WAIT
interior-target,0806BDA0,0806BDA4,,,男：{n}ちくしょう……{n}体に力が入りやがらねぇ……{WAIT}{PAGE}
interior-target,0806C1E6,0806C1EA,,,男：{n}もう…ホーリータウンは……{=1503}{n}おしまいだ………{WAI
interior-target,0806C29A,0806C2A4,,,今度は　ヴァルハラで{n}ニセメシアを退治するらしいな{WAIT}
interior-target,0806C5D2,0806C5D4,,,{HIROKO}様は{n}ヴァルハラへ行ったわ{WAIT}
interior-target,0806C64A,0806C652,,,声：{n}くっそー　また失敗だ！{WAIT}
interior-target,0806C820,0806C822,,,おれはだな{n}魔界へ行こうという{n}高い志をもった男なのだ{=1503}{W
interior-target,0806CAC6,0806CAC8,,,{=1e03}様が　復活されて{n}全てが　変わったような{n}気がするわ{WA
interior-target,0806CB6A,0806CB7A,,,を{n}お仲魔に　されているとは{n}うらやましい限り{WAIT}
interior-target,0806CC78,0806CC60,,,魔界人：{n}{=0c03}<008F><CC78>倶{=0f03}<CC8E>
interior-target,0806CC8E,0806CC60,,,魔界人：{n}{=0c03}<008F><CC78>倶{=0f03}<CC8E>
interior-target,0806D2A8,0806D2AA,,,{GIMMEL}：{n}お父さん？{n}お母さん？{n}私が　分からないの？{W
interior-target,0806D4DE,0806D44E,,,メシア教徒：{n}{=0c03}／<D56C>倶{=0c03}‐<D530>倶{
interior-target,0806D530,0806D44E,,,メシア教徒：{n}{=0c03}／<D56C>倶{=0c03}‐<D530>倶{
interior-target,0806D56C,0806D44E,,,メシア教徒：{n}{=0c03}／<D56C>倶{=0c03}‐<D530>倶{
interior-target,0806D7DE,0806D7EC,,,私は　方舟に乗れません{n}しかし　神はいつか救って{n}下さいます{WAIT}
interior-target,0806DA48,0806DA56,,,なぜ　この私が方舟に{n}乗れないんだ！{n}おかしいぞ！{=1503}{WAI
interior-target,0806DCF0,0806DCFE,,,神のために　つくせば{n}救われるんじゃ{n}なかったのか！{WAIT}{PAG
interior-target,0806DE56,0806DE5E,,,男：{n}労働こそ　我が喜び{n}労働こそ　我が生きがい{WAIT}{=d003
interior-target,0806EC8A,0806EC8E,,,女：{n}クロウリーは　魔力が強いと{n}思ったら{n}{=1e03}だったとは
interior-target,080705CC,080705CE,,,う　うそをつくなよ{WAIT}
interior-target,080707C4,080707C8,,,声：{n}……待て！{n}…おまえ達は　私の命を{n}ねらう者では　ないようだな
interior-target,080708D8,080707C8,,,声：{n}……待て！{n}…おまえ達は　私の命を{n}ねらう者では　ないようだな
interior-target,080708E4,080707C8,,,声：{n}……待て！{n}…おまえ達は　私の命を{n}ねらう者では　ないようだな
interior-target,08070CCA,080707C8,,,声：{n}……待て！{n}…おまえ達は　私の命を{n}ねらう者では　ないようだな
interior-target,08071154,0807112A,,,ミュータント長老：{n}{=0c03}<0070>廬句{=0c03}<006E>
interior-target,08071568,080714D4,,,男：{n}……目覚めたか……{WAIT}{PAGE}君が　神のしもべとなるか…{
interior-target,08071602,080714D4,,,男：{n}……目覚めたか……{WAIT}{PAGE}君が　神のしもべとなるか…{
interior-target,08071624,080714D4,,,男：{n}……目覚めたか……{WAIT}{PAGE}君が　神のしもべとなるか…{
interior-target,08071724,080716FE,,,男：{n}……彼女は…君の……なのだ{WAIT}{n}{PAGE}…彼女に　ふさ
interior-target,08071756,080716FE,,,男：{n}……彼女は…君の……なのだ{WAIT}{n}{PAGE}…彼女に　ふさ
interior-target,08071768,080716FE,,,男：{n}……彼女は…君の……なのだ{WAIT}{n}{PAGE}…彼女に　ふさ
interior-target,080717AE,080716FE,,,男：{n}……彼女は…君の……なのだ{WAIT}{n}{PAGE}…彼女に　ふさ
interior-target,080717D0,080716FE,,,男：{n}……彼女は…君の……なのだ{WAIT}{n}{PAGE}…彼女に　ふさ
interior-target,08071924,08071890,,,声：{n}……もし……この通信を……{n}……受取っていたら……{n}こちら……
interior-target,08071948,08071890,,,声：{n}……もし……この通信を……{n}……受取っていたら……{n}こちら……
interior-target,08071958,08071890,,,声：{n}……もし……この通信を……{n}……受取っていたら……{n}こちら……
interior-target,0807199C,08071890,,,声：{n}……もし……この通信を……{n}……受取っていたら……{n}こちら……
interior-target,080719BE,08071890,,,声：{n}……もし……この通信を……{n}……受取っていたら……{n}こちら……
interior-target,08071B06,08071AC4,,,男：{n}……彼は　君によくにている……{n}力も　ほとんど　同じ……{WAIT
interior-target,08071B34,08071AC4,,,男：{n}……彼は　君によくにている……{n}力も　ほとんど　同じ……{WAIT
interior-target,08071B42,08071AC4,,,男：{n}……彼は　君によくにている……{n}力も　ほとんど　同じ……{WAIT
interior-target,08071BA6,08071AC4,,,男：{n}……彼は　君によくにている……{n}力も　ほとんど　同じ……{WAIT
interior-target,08071BC8,08071AC4,,,男：{n}……彼は　君によくにている……{n}力も　ほとんど　同じ……{WAIT
interior-target,08071D1C,08071C72,,,男：{n}あんたを　探してるヤツがいたぜ{n}どんなヤツかって言うと……{WAI
interior-target,08071D50,08071C72,,,男：{n}あんたを　探してるヤツがいたぜ{n}どんなヤツかって言うと……{WAI
interior-target,08071D5E,08071C72,,,男：{n}あんたを　探してるヤツがいたぜ{n}どんなヤツかって言うと……{WAI
interior-target,08071DAC,08071C72,,,男：{n}あんたを　探してるヤツがいたぜ{n}どんなヤツかって言うと……{WAI
interior-target,08071DCE,08071C72,,,男：{n}あんたを　探してるヤツがいたぜ{n}どんなヤツかって言うと……{WAI
interior-target,080722BA,080721B8,,,占い師：{n}そなたの迷い　悩みを{n}打ちはらい　正しき道へと{n}導いてしん
interior-target,080722BE,080721B8,,,占い師：{n}そなたの迷い　悩みを{n}打ちはらい　正しき道へと{n}導いてしん
interior-target,08072304,080721B8,,,占い師：{n}そなたの迷い　悩みを{n}打ちはらい　正しき道へと{n}導いてしん
interior-target,08072334,08072336,,,その名前ではないはずだ{WAIT}{PAGE}{=0f03}<22BE>句{PA
interior-target,08072356,08072336,,,その名前ではないはずだ{WAIT}{PAGE}{=0f03}<22BE>句{PA
interior-target,080723E2,08072336,,,その名前ではないはずだ{WAIT}{PAGE}{=0f03}<22BE>句{PA
interior-target,08072430,08072336,,,その名前ではないはずだ{WAIT}{PAGE}{=0f03}<22BE>句{PA
interior-target,0807248A,0807248C,,,女の声：{n}これこれ　そこを通りし若者よ{n}こちらじゃ{n}そなたの左手の方
interior-target,080724DE,0807248C,,,女の声：{n}これこれ　そこを通りし若者よ{n}こちらじゃ{n}そなたの左手の方
interior-target,0807282C,0807276E,,,男の声：{n}……起きろ！{WAIT}{PAGE}{=0303}<0074>{=
interior-target,08072B6E,0807276E,,,男の声：{n}……起きろ！{WAIT}{PAGE}{=0303}<0074>{=
interior-target,08072B7C,0807276E,,,男の声：{n}……起きろ！{WAIT}{PAGE}{=0303}<0074>{=
interior-target,08072B84,0807276E,,,男の声：{n}……起きろ！{WAIT}{PAGE}{=0303}<0074>{=
interior-target,08072C40,0807276E,,,男の声：{n}……起きろ！{WAIT}{PAGE}{=0303}<0074>{=
interior-target,08072D3C,08072C7C,,,岡本：{n}体を休めるのも{n}大事なトレーニング　だからな{n}ゆっくりしてつ
interior-target,08072D86,08072C7C,,,岡本：{n}体を休めるのも{n}大事なトレーニング　だからな{n}ゆっくりしてつ
interior-target,08072D9C,08072C7C,,,岡本：{n}体を休めるのも{n}大事なトレーニング　だからな{n}ゆっくりしてつ
interior-target,08072E40,08072E42,,,岡本：{n}これを　持っていけ{n}街のヴァーチャル・バトラーで{n}少し腕を　
interior-target,08072EC8,08072ECA,,,岡本：{n}何？　遊びに行きたいだぁ？{=1503}{WAIT}{PAGE}{=
interior-target,08072F40,08072ECA,,,岡本：{n}何？　遊びに行きたいだぁ？{=1503}{WAIT}{PAGE}{=
interior-target,0807300C,08072ECA,,,岡本：{n}何？　遊びに行きたいだぁ？{=1503}{WAIT}{PAGE}{=
interior-target,08073124,08072ECA,,,岡本：{n}何？　遊びに行きたいだぁ？{=1503}{WAIT}{PAGE}{=
interior-target,080732EA,08073238,,,ようし　ホーク{n}用意はいいな……{n}さあ　始めろ！{WAIT}{=3304
interior-target,080732F8,08073238,,,ようし　ホーク{n}用意はいいな……{n}さあ　始めろ！{WAIT}{=3304
interior-target,08073300,08073238,,,ようし　ホーク{n}用意はいいな……{n}さあ　始めろ！{WAIT}{=3304
interior-target,0807335E,08073238,,,ようし　ホーク{n}用意はいいな……{n}さあ　始めろ！{WAIT}{=3304
interior-target,080734CC,080734EA,,,岡本：{n}いつまで　ブラブラしてやがる！{n}決勝戦の日は近いんだ！{n}早く
interior-target,080734DA,080734EA,,,岡本：{n}いつまで　ブラブラしてやがる！{n}決勝戦の日は近いんだ！{n}早く
interior-target,080734E2,080734EA,,,岡本：{n}いつまで　ブラブラしてやがる！{n}決勝戦の日は近いんだ！{n}早く
interior-target,08073542,080734EA,,,岡本：{n}いつまで　ブラブラしてやがる！{n}決勝戦の日は近いんだ！{n}早く
interior-target,080737E0,080737BC,,,ラグ：{n}いらっしゃい　よく来たねぇ{WAIT}{PAGE}用は何かな？{n}
interior-target,08073806,08073808,,,宝石探しは　満月に限るね{WAIT}
interior-target,08073824,08073826,,,アァそう{n}じゃ　どの宝石と　かえるの？{WAIT}{PAGE}{=4204}
interior-target,0807389C,08073826,,,アァそう{n}じゃ　どの宝石と　かえるの？{WAIT}{PAGE}{=4204}
interior-target,080738BC,08073826,,,アァそう{n}じゃ　どの宝石と　かえるの？{WAIT}{PAGE}{=4204}
interior-target,080738EA,08073826,,,アァそう{n}じゃ　どの宝石と　かえるの？{WAIT}{PAGE}{=4204}
interior-target,08073922,08073826,,,アァそう{n}じゃ　どの宝石と　かえるの？{WAIT}{PAGE}{=4204}
interior-target,0807398A,08073826,,,アァそう{n}じゃ　どの宝石と　かえるの？{WAIT}{PAGE}{=4204}
interior-target,080739AE,08073826,,,アァそう{n}じゃ　どの宝石と　かえるの？{WAIT}{PAGE}{=4204}
interior-target,080739D2,08073826,,,アァそう{n}じゃ　どの宝石と　かえるの？{WAIT}{PAGE}{=4204}
interior-target,08073C3C,08073C40,,,神父：{n}メシア教会にようこそ{WAIT}{PAGE}何をなさいますか？{n}
interior-target,08073C5E,08073C40,,,神父：{n}メシア教会にようこそ{WAIT}{PAGE}何をなさいますか？{n}
interior-target,08073CAE,08073CB8,,,＞誰を　回復させるのか？{=c503}<3D36>句<4ABC>句<4AD8>句
interior-target,08073CE4,08073CB8,,,＞誰を　回復させるのか？{=c503}<3D36>句<4ABC>句<4AD8>句
interior-target,08073D08,08073CB8,,,＞誰を　回復させるのか？{=c503}<3D36>句<4ABC>句<4AD8>句
interior-target,08073D36,08073CB8,,,＞誰を　回復させるのか？{=c503}<3D36>句<4ABC>句<4AD8>句
interior-target,08073D50,08073CB8,,,＞誰を　回復させるのか？{=c503}<3D36>句<4ABC>句<4AD8>句
interior-target,08073D74,08073CB8,,,＞誰を　回復させるのか？{=c503}<3D36>句<4ABC>句<4AD8>句
interior-target,08073D7E,08073CB8,,,＞誰を　回復させるのか？{=c503}<3D36>句<4ABC>句<4AD8>句
interior-target,08073DAC,08073CB8,,,＞誰を　回復させるのか？{=c503}<3D36>句<4ABC>句<4AD8>句
interior-target,08073DD0,08073DFE,,,神の御許　メシア教会へようこそ{WAIT}{PAGE}ここは神を信じるすべての方
interior-target,08073DFC,08073DFE,,,神の御許　メシア教会へようこそ{WAIT}{PAGE}ここは神を信じるすべての方
interior-target,0807402A,08073DFE,,,神の御許　メシア教会へようこそ{WAIT}{PAGE}ここは神を信じるすべての方
interior-target,08074882,08073DFE,,,神の御許　メシア教会へようこそ{WAIT}{PAGE}ここは神を信じるすべての方
interior-target,080748D6,08073DFE,,,神の御許　メシア教会へようこそ{WAIT}{PAGE}ここは神を信じるすべての方
interior-target,0807499C,08073DFE,,,神の御許　メシア教会へようこそ{WAIT}{PAGE}ここは神を信じるすべての方
interior-target,08074A86,08073DFE,,,神の御許　メシア教会へようこそ{WAIT}{PAGE}ここは神を信じるすべての方
interior-target,08074ABC,08073DFE,,,神の御許　メシア教会へようこそ{WAIT}{PAGE}ここは神を信じるすべての方
interior-target,08074AD8,08073DFE,,,神の御許　メシア教会へようこそ{WAIT}{PAGE}ここは神を信じるすべての方
interior-target,08074AF8,08073DFE,,,神の御許　メシア教会へようこそ{WAIT}{PAGE}ここは神を信じるすべての方
interior-target,08074B1E,08073DFE,,,神の御許　メシア教会へようこそ{WAIT}{PAGE}ここは神を信じるすべての方
interior-target,08074B44,08074B4E,,,＞誰の　呪いを解くのか？{=6303}<3D36>句{=0f03}<3C5E>句
interior-target,08074B72,08074B4E,,,＞誰の　呪いを解くのか？{=6303}<3D36>句{=0f03}<3C5E>句
interior-target,08074B98,08074B4E,,,＞誰の　呪いを解くのか？{=6303}<3D36>句{=0f03}<3C5E>句
interior-target,08074C08,08074C0C,,,司祭：{n}ここは　ガイア神殿{WAIT}{PAGE}何の用だ？{n}{=130
interior-target,08074C28,08074C0C,,,司祭：{n}ここは　ガイア神殿{WAIT}{PAGE}何の用だ？{n}{=130
interior-target,08074C70,08074C9C,,,我らガイア神殿の事を{n}お聞きか？{WAIT}{PAGE}ここは自由を尊ぶ人達
interior-target,08074C9A,08074C9C,,,我らガイア神殿の事を{n}お聞きか？{WAIT}{PAGE}ここは自由を尊ぶ人達
interior-target,08074E9C,08074C9C,,,我らガイア神殿の事を{n}お聞きか？{WAIT}{PAGE}ここは自由を尊ぶ人達
interior-target,080756B6,08074C9C,,,我らガイア神殿の事を{n}お聞きか？{WAIT}{PAGE}ここは自由を尊ぶ人達
interior-target,08075706,08074C9C,,,我らガイア神殿の事を{n}お聞きか？{WAIT}{PAGE}ここは自由を尊ぶ人達
interior-target,080757C8,08074C9C,,,我らガイア神殿の事を{n}お聞きか？{WAIT}{PAGE}ここは自由を尊ぶ人達
interior-target,080758AA,08074C9C,,,我らガイア神殿の事を{n}お聞きか？{WAIT}{PAGE}ここは自由を尊ぶ人達
interior-target,080758DE,08074C9C,,,我らガイア神殿の事を{n}お聞きか？{WAIT}{PAGE}ここは自由を尊ぶ人達
interior-target,080758F4,08074C9C,,,我らガイア神殿の事を{n}お聞きか？{WAIT}{PAGE}ここは自由を尊ぶ人達
interior-target,08075920,08074C9C,,,我らガイア神殿の事を{n}お聞きか？{WAIT}{PAGE}ここは自由を尊ぶ人達
interior-target,08075938,08074C9C,,,我らガイア神殿の事を{n}お聞きか？{WAIT}{PAGE}ここは自由を尊ぶ人達
interior-target,0807594E,08074C9C,,,我らガイア神殿の事を{n}お聞きか？{WAIT}{PAGE}ここは自由を尊ぶ人達
interior-target,08075958,08074C9C,,,我らガイア神殿の事を{n}お聞きか？{WAIT}{PAGE}ここは自由を尊ぶ人達
interior-target,08075982,08074C9C,,,我らガイア神殿の事を{n}お聞きか？{WAIT}{PAGE}ここは自由を尊ぶ人達
interior-target,08075998,08074C9C,,,我らガイア神殿の事を{n}お聞きか？{WAIT}{PAGE}ここは自由を尊ぶ人達
interior-target,080759CC,08074C9C,,,我らガイア神殿の事を{n}お聞きか？{WAIT}{PAGE}ここは自由を尊ぶ人達
interior-target,080759E6,08074C9C,,,我らガイア神殿の事を{n}お聞きか？{WAIT}{PAGE}ここは自由を尊ぶ人達
interior-target,08075A02,08074C9C,,,我らガイア神殿の事を{n}お聞きか？{WAIT}{PAGE}ここは自由を尊ぶ人達
interior-target,08075A22,08074C9C,,,我らガイア神殿の事を{n}お聞きか？{WAIT}{PAGE}ここは自由を尊ぶ人達
interior-target,08075A48,08075A52,,,＞誰の　呪いを解くのか？{=6303}<5920>句{=0f03}<4C28>句
interior-target,08075A76,08075A52,,,＞誰の　呪いを解くのか？{=6303}<5920>句{=0f03}<4C28>句
interior-target,08075A94,08075A52,,,＞誰の　呪いを解くのか？{=6303}<5920>句{=0f03}<4C28>句
interior-target,08075B72,08075A52,,,＞誰の　呪いを解くのか？{=6303}<5920>句{=0f03}<4C28>句
interior-target,08075BE8,08075BC4,,,マスター：{n}リペアガレージだよーん{WAIT}{PAGE}御用件をどーうぞー
interior-target,08075C38,08075C64,,,リペアガレージの事を{n}知りたいのー？{WAIT}{PAGE}ここはあらゆる人
interior-target,08075C62,08075C64,,,リペアガレージの事を{n}知りたいのー？{WAIT}{PAGE}ここはあらゆる人
interior-target,08075EA0,08075C64,,,リペアガレージの事を{n}知りたいのー？{WAIT}{PAGE}ここはあらゆる人
interior-target,0807675A,08075C64,,,リペアガレージの事を{n}知りたいのー？{WAIT}{PAGE}ここはあらゆる人
interior-target,080767B8,08075C64,,,リペアガレージの事を{n}知りたいのー？{WAIT}{PAGE}ここはあらゆる人
interior-target,08076890,08075C64,,,リペアガレージの事を{n}知りたいのー？{WAIT}{PAGE}ここはあらゆる人
interior-target,0807698A,08075C64,,,リペアガレージの事を{n}知りたいのー？{WAIT}{PAGE}ここはあらゆる人
interior-target,080769C2,08075C64,,,リペアガレージの事を{n}知りたいのー？{WAIT}{PAGE}ここはあらゆる人
interior-target,080769DC,08075C64,,,リペアガレージの事を{n}知りたいのー？{WAIT}{PAGE}ここはあらゆる人
interior-target,08076A0C,08075C64,,,リペアガレージの事を{n}知りたいのー？{WAIT}{PAGE}ここはあらゆる人
interior-target,08076A24,08075C64,,,リペアガレージの事を{n}知りたいのー？{WAIT}{PAGE}ここはあらゆる人
interior-target,08076A3E,08075C64,,,リペアガレージの事を{n}知りたいのー？{WAIT}{PAGE}ここはあらゆる人
interior-target,08076A48,08075C64,,,リペアガレージの事を{n}知りたいのー？{WAIT}{PAGE}ここはあらゆる人
interior-target,08076A78,08075C64,,,リペアガレージの事を{n}知りたいのー？{WAIT}{PAGE}ここはあらゆる人
interior-target,08076A92,08075C64,,,リペアガレージの事を{n}知りたいのー？{WAIT}{PAGE}ここはあらゆる人
interior-target,08076ACC,08075C64,,,リペアガレージの事を{n}知りたいのー？{WAIT}{PAGE}ここはあらゆる人
interior-target,08076AE8,08075C64,,,リペアガレージの事を{n}知りたいのー？{WAIT}{PAGE}ここはあらゆる人
interior-target,08076B08,08075C64,,,リペアガレージの事を{n}知りたいのー？{WAIT}{PAGE}ここはあらゆる人
interior-target,08076B22,08075C64,,,リペアガレージの事を{n}知りたいのー？{WAIT}{PAGE}ここはあらゆる人
interior-target,08076B48,08076B52,,,＞どなたの呪いを解きますかー？{=6303}<6A0C>句{=0f03}<5BE
interior-target,08076B7C,08076B52,,,＞どなたの呪いを解きますかー？{=6303}<6A0C>句{=0f03}<5BE
interior-target,08076C3C,08076B52,,,＞どなたの呪いを解きますかー？{=6303}<6A0C>句{=0f03}<5BE
interior-target,08076C86,08076C90,,,＞誰を回復しますかー？{=c503}<6CBA>句<6DCA>句<6DE6>句{
interior-target,08076CBA,08076C90,,,＞誰を回復しますかー？{=c503}<6CBA>句<6DCA>句<6DE6>句{
interior-target,08076CD2,08076C90,,,＞誰を回復しますかー？{=c503}<6CBA>句<6DCA>句<6DE6>句{
interior-target,08076CEE,08076C90,,,＞誰を回復しますかー？{=c503}<6CBA>句<6DCA>句<6DE6>句{
interior-target,08076D1A,08076C90,,,＞誰を回復しますかー？{=c503}<6CBA>句<6DCA>句<6DE6>句{
interior-target,08076D36,08076C90,,,＞誰を回復しますかー？{=c503}<6CBA>句<6DCA>句<6DE6>句{
interior-target,08076D62,08076C90,,,＞誰を回復しますかー？{=c503}<6CBA>句<6DCA>句<6DE6>句{
interior-target,08076D94,08076C90,,,＞誰を回復しますかー？{=c503}<6CBA>句<6DCA>句<6DE6>句{
interior-target,08076DCA,08076C90,,,＞誰を回復しますかー？{=c503}<6CBA>句<6DCA>句<6DE6>句{
interior-target,08076DE6,08076C90,,,＞誰を回復しますかー？{=c503}<6CBA>句<6DCA>句<6DE6>句{
interior-target,08076E06,08076C90,,,＞誰を回復しますかー？{=c503}<6CBA>句<6DCA>句<6DE6>句{
interior-target,08076E24,08076C90,,,＞誰を回復しますかー？{=c503}<6CBA>句<6DCA>句<6DE6>句{
interior-target,08076E46,08076E50,,,＞誰の呪いを解きますかー？{=6303}<6CBA>句{=0f03}<6ED2>
interior-target,08076E76,08076E50,,,＞誰の呪いを解きますかー？{=6303}<6CBA>句{=0f03}<6ED2>
interior-target,08076E9A,08076E50,,,＞誰の呪いを解きますかー？{=6303}<6CBA>句{=0f03}<6ED2>
interior-target,08076F80,08076ECA,,,\{=0f03}<6C3C>句{=0f03}<6C3C>句{=6803}・{=c
interior-target,08076FCA,08076FD4,,,＞誰を回復しますかー？{=c503}<6FFE>句<7132>句<714E>句{
interior-target,08076FFE,08076FD4,,,＞誰を回復しますかー？{=c503}<6FFE>句<7132>句<714E>句{
interior-target,08077016,08076FD4,,,＞誰を回復しますかー？{=c503}<6FFE>句<7132>句<714E>句{
interior-target,08077032,08076FD4,,,＞誰を回復しますかー？{=c503}<6FFE>句<7132>句<714E>句{
interior-target,0807705E,08076FD4,,,＞誰を回復しますかー？{=c503}<6FFE>句<7132>句<714E>句{
interior-target,0807707A,08076FD4,,,＞誰を回復しますかー？{=c503}<6FFE>句<7132>句<714E>句{
interior-target,080770A6,08076FD4,,,＞誰を回復しますかー？{=c503}<6FFE>句<7132>句<714E>句{
interior-target,080770DE,08076FD4,,,＞誰を回復しますかー？{=c503}<6FFE>句<7132>句<714E>句{
interior-target,08077114,08076FD4,,,＞誰を回復しますかー？{=c503}<6FFE>句<7132>句<714E>句{
interior-target,08077132,08076FD4,,,＞誰を回復しますかー？{=c503}<6FFE>句<7132>句<714E>句{
interior-target,0807714E,08076FD4,,,＞誰を回復しますかー？{=c503}<6FFE>句<7132>句<714E>句{
interior-target,0807716E,08076FD4,,,＞誰を回復しますかー？{=c503}<6FFE>句<7132>句<714E>句{
interior-target,08077190,0807719A,,,＞誰の呪いを解きますかー？{=6303}<6FFE>句{=0f03}<72C2>
interior-target,080771C0,0807719A,,,＞誰の呪いを解きますかー？{=6303}<6FFE>句{=0f03}<72C2>
interior-target,080771E4,0807719A,,,＞誰の呪いを解きますかー？{=6303}<6FFE>句{=0f03}<72C2>
interior-target,0807728A,0807719A,,,＞誰の呪いを解きますかー？{=6303}<6FFE>句{=0f03}<72C2>
interior-target,08077338,080772BA,,,〜{=0f03}<6F80>句{=0f03}<6F80>句{=6803}：{=c
interior-target,08077382,0807738C,,,＞誰を回復しますかー？{=c503}<73B6>句<74E4>句<7500>句{
interior-target,080773B6,0807738C,,,＞誰を回復しますかー？{=c503}<73B6>句<74E4>句<7500>句{
interior-target,080773CE,0807738C,,,＞誰を回復しますかー？{=c503}<73B6>句<74E4>句<7500>句{
interior-target,080773EA,0807738C,,,＞誰を回復しますかー？{=c503}<73B6>句<74E4>句<7500>句{
interior-target,08077416,0807738C,,,＞誰を回復しますかー？{=c503}<73B6>句<74E4>句<7500>句{
interior-target,08077432,0807738C,,,＞誰を回復しますかー？{=c503}<73B6>句<74E4>句<7500>句{
interior-target,0807745E,0807738C,,,＞誰を回復しますかー？{=c503}<73B6>句<74E4>句<7500>句{
interior-target,08077490,0807738C,,,＞誰を回復しますかー？{=c503}<73B6>句<74E4>句<7500>句{
interior-target,080774C6,0807738C,,,＞誰を回復しますかー？{=c503}<73B6>句<74E4>句<7500>句{
interior-target,080774E4,0807738C,,,＞誰を回復しますかー？{=c503}<73B6>句<74E4>句<7500>句{
interior-target,08077500,0807738C,,,＞誰を回復しますかー？{=c503}<73B6>句<74E4>句<7500>句{
interior-target,08077520,0807738C,,,＞誰を回復しますかー？{=c503}<73B6>句<74E4>句<7500>句{
interior-target,08077542,0807754C,,,＞誰の呪いを解きますかー？{=6303}<73B6>句{=0f03}<75A0>
interior-target,08077572,0807754C,,,＞誰の呪いを解きますかー？{=6303}<73B6>句{=0f03}<75A0>
interior-target,0807763C,080775D2,,,FATMAN：{n}チャレンジするやつぁ{n}いねーか？{WAIT}{PAGE}
interior-target,0807766C,08077670,,,もう1人いねぇと{n}ゲームになんねぇな{n}この若いのに　付き合う奴ぁ{n}い
interior-target,0807780E,08077670,,,もう1人いねぇと{n}ゲームになんねぇな{n}この若いのに　付き合う奴ぁ{n}い
interior-target,080778CA,08077670,,,もう1人いねぇと{n}ゲームになんねぇな{n}この若いのに　付き合う奴ぁ{n}い
interior-target,080778D8,08077670,,,もう1人いねぇと{n}ゲームになんねぇな{n}この若いのに　付き合う奴ぁ{n}い
interior-target,080779D0,08077670,,,もう1人いねぇと{n}ゲームになんねぇな{n}この若いのに　付き合う奴ぁ{n}い
interior-target,080779F8,080779FC,,,あんたの仲魔を{n}1体出してもらい{n}対戦者にも{n}1体出してもらう{WA
interior-target,08077B74,080779FC,,,あんたの仲魔を{n}1体出してもらい{n}対戦者にも{n}1体出してもらう{WA
interior-target,08077C54,08077C6E,,,ジャンク屋：{n}……ちょっと　待ちな{n}せっかく　来たんだから{n}いい物や
interior-target,08077C64,08077C6E,,,ジャンク屋：{n}……ちょっと　待ちな{n}せっかく　来たんだから{n}いい物や
interior-target,08079F44,08079F48,,,TMTS：{n}{=2803}{n}ターミナルです{WAIT}{PAGE}御用件
interior-target,08079F8E,08079F90,,,またのご利用を{n}お待ちしております{WAIT}
interior-target,08079FB6,08079FB8,,,＞転送機能　使用不能{WAIT}{n}{=0f03}<9F44>句{=0c03}
interior-target,08079FD6,08079FB8,,,＞転送機能　使用不能{WAIT}{n}{=0f03}<9F44>句{=0c03}
interior-target,08079FDE,08079FB8,,,＞転送機能　使用不能{WAIT}{n}{=0f03}<9F44>句{=0c03}
interior-target,0807A042,08079FB8,,,＞転送機能　使用不能{WAIT}{n}{=0f03}<9F44>句{=0c03}
interior-target,0807A058,08079FB8,,,＞転送機能　使用不能{WAIT}{n}{=0f03}<9F44>句{=0c03}
interior-target,0807A062,08079FB8,,,＞転送機能　使用不能{WAIT}{n}{=0f03}<9F44>句{=0c03}
interior-target,0807A2D8,0807A2DC,,,TMTS：{n}{=2803}ターミナルです{WAIT}{PAGE}御用件をどう
interior-target,0807A31C,0807A31E,,,またのご利用を{n}お待ちしております{WAIT}
interior-target,0807A344,0807A34C,,,まだ続けますか？{n}{=0e03}<A36A>句{=0f03}<A2D8>句{
interior-target,0807A5D4,0807A5D8,,,TMTS：{n}{=2803}　ターミナルです{WAIT}{PAGE}御用件をど
interior-target,0807A620,0807A622,,,またのご利用を{n}お待ちしております{WAIT}
interior-target,0807A648,0807A650,,,どこに転送しますか？{=3f04}<A5D4>句<A676>句<A690>句<A
interior-target,0807A676,0807A650,,,どこに転送しますか？{=3f04}<A5D4>句<A676>句<A690>句<A
interior-target,0807A690,0807A650,,,どこに転送しますか？{=3f04}<A5D4>句<A676>句<A690>句<A
interior-target,0807A6AA,0807A650,,,どこに転送しますか？{=3f04}<A5D4>句<A676>句<A690>句<A
interior-target,0807A6C4,0807A650,,,どこに転送しますか？{=3f04}<A5D4>句<A676>句<A690>句<A
interior-target,0807A6EE,0807A650,,,どこに転送しますか？{=3f04}<A5D4>句<A676>句<A690>句<A
interior-target,0807A710,0807A650,,,どこに転送しますか？{=3f04}<A5D4>句<A676>句<A690>句<A
interior-target,0807A71A,0807A650,,,どこに転送しますか？{=3f04}<A5D4>句<A676>句<A690>句<A
interior-target,0807A724,0807A650,,,どこに転送しますか？{=3f04}<A5D4>句<A676>句<A690>句<A
interior-target,0807A728,0807A650,,,どこに転送しますか？{=3f04}<A5D4>句<A676>句<A690>句<A
interior-target,0807A72C,0807A650,,,どこに転送しますか？{=3f04}<A5D4>句<A676>句<A690>句<A
interior-target,0807A776,0807A778,,,またのご利用を{n}お待ちしております{WAIT}
interior-target,0807A79E,0807A7A6,,,どこに転送しますか？{=3f04}<A72C>句<A676>句<A690>句<A
interior-target,0807A7CC,0807A7A6,,,どこに転送しますか？{=3f04}<A72C>句<A676>句<A690>句<A
interior-target,0807A7F6,0807A7A6,,,どこに転送しますか？{=3f04}<A72C>句<A676>句<A690>句<A
interior-target,0807A818,0807A7A6,,,どこに転送しますか？{=3f04}<A72C>句<A676>句<A690>句<A
interior-target,0807A822,0807A7A6,,,どこに転送しますか？{=3f04}<A72C>句<A676>句<A690>句<A
interior-target,0807A82C,0807A7A6,,,どこに転送しますか？{=3f04}<A72C>句<A676>句<A690>句<A
interior-target,0807A830,0807A7A6,,,どこに転送しますか？{=3f04}<A72C>句<A676>句<A690>句<A
interior-target,0807A834,0807A7A6,,,どこに転送しますか？{=3f04}<A72C>句<A676>句<A690>句<A
interior-target,0807A894,0807A89C,,,どこに転送しますか？{=2f04}{=3f04}<A834>句<A676>句<A
interior-target,0807A8C4,0807A89C,,,どこに転送しますか？{=2f04}{=3f04}<A834>句<A676>句<A
interior-target,0807A8F0,0807A89C,,,どこに転送しますか？{=2f04}{=3f04}<A834>句<A676>句<A
interior-target,0807A912,0807A89C,,,どこに転送しますか？{=2f04}{=3f04}<A834>句<A676>句<A
interior-target,0807A91C,0807A89C,,,どこに転送しますか？{=2f04}{=3f04}<A834>句<A676>句<A
interior-target,0807A9AC,0807A89C,,,どこに転送しますか？{=2f04}{=3f04}<A834>句<A676>句<A
interior-target,0807A9B6,0807A89C,,,どこに転送しますか？{=2f04}{=3f04}<A834>句<A676>句<A
interior-target,0807A9BE,0807A89C,,,どこに転送しますか？{=2f04}{=3f04}<A834>句<A676>句<A
interior-target,0807AA1C,0807AA36,,,＞ティフェレトの門{n}カギ穴が　2つ付いている{WAIT}{=0c04}〆{=
interior-target,0807AAEA,0807AA36,,,＞ティフェレトの門{n}カギ穴が　2つ付いている{WAIT}{=0c04}〆{=
interior-target,0807AB14,0807AA36,,,＞ティフェレトの門{n}カギ穴が　2つ付いている{WAIT}{=0c04}〆{=
interior-target,0807AB3A,0807AB38,,,＞ティフェレトに　入りますか？{n}{=0e03}<AB64>句{=2904}<
interior-target,0807AB9E,0807AB72,,,＞ティフェレトの門は{n}閉ざされている{WAIT}{=0f03}<ABC8>句
interior-target,0807AD9C,0807ADA8,,,ルイ・サイファー：{n}{ALEPH}よ{n}今日は　君にお別れを{n}言いに来
interior-target,0807B18C,0807ADA8,,,ルイ・サイファー：{n}{ALEPH}よ{n}今日は　君にお別れを{n}言いに来
interior-target,0807B18E,0807ADA8,,,ルイ・サイファー：{n}{ALEPH}よ{n}今日は　君にお別れを{n}言いに来
interior-target,0807B6FC,0807B4C0,,,声：{n}ここを通らんとするは　何者ぞ{n}通らんとする者は{n}我が言葉を聞け
interior-target,0807B706,0807B4C0,,,声：{n}ここを通らんとするは　何者ぞ{n}通らんとする者は{n}我が言葉を聞け
interior-target,0807B70A,0807B4C0,,,声：{n}ここを通らんとするは　何者ぞ{n}通らんとする者は{n}我が言葉を聞け
interior-target,0807B7A8,0807B4C0,,,声：{n}ここを通らんとするは　何者ぞ{n}通らんとする者は{n}我が言葉を聞け
interior-target,0807B7B2,0807B4C0,,,声：{n}ここを通らんとするは　何者ぞ{n}通らんとする者は{n}我が言葉を聞け
interior-target,0807B858,0807B4C0,,,声：{n}ここを通らんとするは　何者ぞ{n}通らんとする者は{n}我が言葉を聞け
interior-target,0807B90C,0807B4C0,,,声：{n}ここを通らんとするは　何者ぞ{n}通らんとする者は{n}我が言葉を聞け
interior-target,0807B910,0807B4C0,,,声：{n}ここを通らんとするは　何者ぞ{n}通らんとする者は{n}我が言葉を聞け
interior-target,0807B96C,0807B4C0,,,声：{n}ここを通らんとするは　何者ぞ{n}通らんとする者は{n}我が言葉を聞け
interior-target,0807B9CA,0807B4C0,,,声：{n}ここを通らんとするは　何者ぞ{n}通らんとする者は{n}我が言葉を聞け
interior-target,0807BA20,0807B4C0,,,声：{n}ここを通らんとするは　何者ぞ{n}通らんとする者は{n}我が言葉を聞け
interior-target,0807BAA8,0807B4C0,,,声：{n}ここを通らんとするは　何者ぞ{n}通らんとする者は{n}我が言葉を聞け
interior-target,0807C648,0807C65A,,,＞誰もいない……{WAIT}{n}
interior-target,0807C752,0807C6F8,,,ヴァーチャル・ガール：{n}いらっしゃぁい{n}仮想空間であなたも{n}ヒーロー
interior-target,0807C760,0807C6F8,,,ヴァーチャル・ガール：{n}いらっしゃぁい{n}仮想空間であなたも{n}ヒーロー
interior-target,0807C7EA,0807C6F8,,,ヴァーチャル・ガール：{n}いらっしゃぁい{n}仮想空間であなたも{n}ヒーロー
interior-target,0807C826,0807C828,,,レベルは　どうしますぅ？{n}{=0c03}○<C902>句{=0c03}★<C
interior-target,0807C92A,0807C932,,,LEVEL1　は　ћ{=2303}{n}いただきまーす{WAIT}{PAGE}こ
interior-target,0807C9C6,0807C932,,,LEVEL1　は　ћ{=2303}{n}いただきまーす{WAIT}{PAGE}こ
interior-target,0807C9D2,0807C932,,,LEVEL1　は　ћ{=2303}{n}いただきまーす{WAIT}{PAGE}こ
interior-target,0807C9DE,0807C932,,,LEVEL1　は　ћ{=2303}{n}いただきまーす{WAIT}{PAGE}こ
interior-target,0807C9EA,0807C932,,,LEVEL1　は　ћ{=2303}{n}いただきまーす{WAIT}{PAGE}こ
interior-target,0807CA72,0807C932,,,LEVEL1　は　ћ{=2303}{n}いただきまーす{WAIT}{PAGE}こ
interior-target,0807CA7E,0807C932,,,LEVEL1　は　ћ{=2303}{n}いただきまーす{WAIT}{PAGE}こ
interior-target,0807CA8A,0807C932,,,LEVEL1　は　ћ{=2303}{n}いただきまーす{WAIT}{PAGE}こ
interior-target,0807CA96,0807C932,,,LEVEL1　は　ћ{=2303}{n}いただきまーす{WAIT}{PAGE}こ
interior-target,0807CB34,0807C932,,,LEVEL1　は　ћ{=2303}{n}いただきまーす{WAIT}{PAGE}こ
interior-target,0807CB40,0807C932,,,LEVEL1　は　ћ{=2303}{n}いただきまーす{WAIT}{PAGE}こ
interior-target,0807CB4C,0807C932,,,LEVEL1　は　ћ{=2303}{n}いただきまーす{WAIT}{PAGE}こ
interior-target,0807CB58,0807C932,,,LEVEL1　は　ћ{=2303}{n}いただきまーす{WAIT}{PAGE}こ
interior-target,0807CCA8,0807CCC0,,,あら　お金がたりないわねぇ{n}もっと　ћを持ってきてね{WAIT}{=0f03
interior-target,0807CCAE,0807CCC0,,,あら　お金がたりないわねぇ{n}もっと　ћを持ってきてね{WAIT}{=0f03
interior-target,0807CCB4,0807CCC0,,,あら　お金がたりないわねぇ{n}もっと　ћを持ってきてね{WAIT}{=0f03
interior-target,0807CCBA,0807CCC0,,,あら　お金がたりないわねぇ{n}もっと　ћを持ってきてね{WAIT}{=0f03
interior-target,0807CCFC,0807CCC0,,,あら　お金がたりないわねぇ{n}もっと　ћを持ってきてね{WAIT}{=0f03
interior-target,0807CE74,0807CCC0,,,あら　お金がたりないわねぇ{n}もっと　ћを持ってきてね{WAIT}{=0f03
interior-target,0807D15E,0807D110,,,ヴァーチャル・ガール：{n}やったね！{n}スゴーいじゃなーい{WAIT}{PA
interior-target,0807D284,0807D28E,,,＞{=2003}は{n}{=2103}を手に入れた{WAIT}{PAGE}{=0
interior-target,0807D696,0807D5A0,,,ルシファー様の命により{n}ここは　何人たりとも通さぬ！{WAIT}{=0303
interior-target,0807D6FE,0807D708,,,＞どこへ向かいますか？{WAIT}{PAGE}{=1303}{n}#<D744>
interior-target,0807D990,0807D992,,,どうしますか？{=1303}{=0303}￣<DCCA>句_<DE04>句<00
interior-target,0807DCCA,0807DCD4,,,誰が買物しますか？{=3a03}
interior-target,0807DDC8,0807DCD4,,,誰が買物しますか？{=3a03}
interior-target,0807DE28,0807DE42,,,ジャンク屋：{n}……ちょっと　待ちな{n}せっかく　来たんだから{n}いい物や
interior-target,0807DE38,0807DE42,,,ジャンク屋：{n}……ちょっと　待ちな{n}せっかく　来たんだから{n}いい物や
interior-target,0807DEDE,0807DE42,,,ジャンク屋：{n}……ちょっと　待ちな{n}せっかく　来たんだから{n}いい物や
interior-target,0807E094,0807E098,,,武器パラメーターの見かたを説明{n}しますね{WAIT}{PAGE}・性別{n}
interior-target,0807E096,0807E098,,,武器パラメーターの見かたを説明{n}しますね{WAIT}{PAGE}・性別{n}
interior-target,0807E396,0807E098,,,武器パラメーターの見かたを説明{n}しますね{WAIT}{PAGE}・性別{n}
interior-target,0807E42C,0807E098,,,武器パラメーターの見かたを説明{n}しますね{WAIT}{PAGE}・性別{n}
interior-target,0807E5C2,0807E098,,,武器パラメーターの見かたを説明{n}しますね{WAIT}{PAGE}・性別{n}
interior-target,0807E976,0807E098,,,武器パラメーターの見かたを説明{n}しますね{WAIT}{PAGE}・性別{n}
interior-target,0807EA72,0807E098,,,武器パラメーターの見かたを説明{n}しますね{WAIT}{PAGE}・性別{n}
interior-target,0807EBE0,0807E098,,,武器パラメーターの見かたを説明{n}しますね{WAIT}{PAGE}・性別{n}
interior-target,0807ECA4,0807E098,,,武器パラメーターの見かたを説明{n}しますね{WAIT}{PAGE}・性別{n}
interior-target,0807EE64,0807E098,,,武器パラメーターの見かたを説明{n}しますね{WAIT}{PAGE}・性別{n}
interior-target,0807F15A,0807E098,,,武器パラメーターの見かたを説明{n}しますね{WAIT}{PAGE}・性別{n}
interior-target,0807F1F0,0807E098,,,武器パラメーターの見かたを説明{n}しますね{WAIT}{PAGE}・性別{n}
interior-target,0807F382,0807E098,,,武器パラメーターの見かたを説明{n}しますね{WAIT}{PAGE}・性別{n}
interior-target,0807F72E,0807E098,,,武器パラメーターの見かたを説明{n}しますね{WAIT}{PAGE}・性別{n}
interior-target,0807F822,0807E098,,,武器パラメーターの見かたを説明{n}しますね{WAIT}{PAGE}・性別{n}
interior-target,0807F990,0807E098,,,武器パラメーターの見かたを説明{n}しますね{WAIT}{PAGE}・性別{n}
interior-target,0807FA58,0807E098,,,武器パラメーターの見かたを説明{n}しますね{WAIT}{PAGE}・性別{n}
interior-target,0807FC1E,0807E098,,,武器パラメーターの見かたを説明{n}しますね{WAIT}{PAGE}・性別{n}
interior-target,0807FEFC,0807E098,,,武器パラメーターの見かたを説明{n}しますね{WAIT}{PAGE}・性別{n}
interior-target,0807FF90,0807E098,,,武器パラメーターの見かたを説明{n}しますね{WAIT}{PAGE}・性別{n}
interior-target,08080124,0807E098,,,武器パラメーターの見かたを説明{n}しますね{WAIT}{PAGE}・性別{n}
interior-target,08080498,0807E098,,,武器パラメーターの見かたを説明{n}しますね{WAIT}{PAGE}・性別{n}
interior-target,0808057C,0807E098,,,武器パラメーターの見かたを説明{n}しますね{WAIT}{PAGE}・性別{n}
interior-target,080806E4,0807E098,,,武器パラメーターの見かたを説明{n}しますね{WAIT}{PAGE}・性別{n}
interior-target,080807AA,0807E098,,,武器パラメーターの見かたを説明{n}しますね{WAIT}{PAGE}・性別{n}
interior-target,08080960,0807E098,,,武器パラメーターの見かたを説明{n}しますね{WAIT}{PAGE}・性別{n}
interior-target,08080C1A,0807E098,,,武器パラメーターの見かたを説明{n}しますね{WAIT}{PAGE}・性別{n}
interior-target,08081684,0807E098,,,武器パラメーターの見かたを説明{n}しますね{WAIT}{PAGE}・性別{n}
interior-target,08081784,0807E098,,,武器パラメーターの見かたを説明{n}しますね{WAIT}{PAGE}・性別{n}
interior-target,080818C8,0807E098,,,武器パラメーターの見かたを説明{n}しますね{WAIT}{PAGE}・性別{n}
interior-target,080819F6,0807E098,,,武器パラメーターの見かたを説明{n}しますね{WAIT}{PAGE}・性別{n}
interior-target,08081B60,0807E098,,,武器パラメーターの見かたを説明{n}しますね{WAIT}{PAGE}・性別{n}
interior-target,08081DF4,0807E098,,,武器パラメーターの見かたを説明{n}しますね{WAIT}{PAGE}・性別{n}
interior-target,0808280E,0807E098,,,武器パラメーターの見かたを説明{n}しますね{WAIT}{PAGE}・性別{n}
interior-target,0808290E,0807E098,,,武器パラメーターの見かたを説明{n}しますね{WAIT}{PAGE}・性別{n}
interior-target,08082A4C,0807E098,,,武器パラメーターの見かたを説明{n}しますね{WAIT}{PAGE}・性別{n}
interior-target,08082B76,0807E098,,,武器パラメーターの見かたを説明{n}しますね{WAIT}{PAGE}・性別{n}
interior-target,08082CDA,0807E098,,,武器パラメーターの見かたを説明{n}しますね{WAIT}{PAGE}・性別{n}
interior-target,08082FB8,0807E098,,,武器パラメーターの見かたを説明{n}しますね{WAIT}{PAGE}・性別{n}
interior-target,08083AEE,0807E098,,,武器パラメーターの見かたを説明{n}しますね{WAIT}{PAGE}・性別{n}
interior-target,08083BFE,0807E098,,,武器パラメーターの見かたを説明{n}しますね{WAIT}{PAGE}・性別{n}
interior-target,08083D64,0807E098,,,武器パラメーターの見かたを説明{n}しますね{WAIT}{PAGE}・性別{n}
interior-target,08083EA4,0807E098,,,武器パラメーターの見かたを説明{n}しますね{WAIT}{PAGE}・性別{n}
interior-target,08084020,0807E098,,,武器パラメーターの見かたを説明{n}しますね{WAIT}{PAGE}・性別{n}
interior-target,08084100,0808412A,,,話しにならない！{WAIT}{=e603}、{=4804}
interior-target,08084114,0808412A,,,話しにならない！{WAIT}{=e603}、{=4804}
interior-target,08084120,0808412A,,,話しにならない！{WAIT}{=e603}、{=4804}
interior-target,0808430C,0808433A,,,外す仲魔を選んでください{=0e03}<439E>区{PAGE}{=0f04}<
interior-target,08084338,0808433A,,,外す仲魔を選んでください{=0e03}<439E>区{PAGE}{=0f04}<
interior-target,08084358,08084382,,,外す仲魔を選んでください{WAIT}{PAGE}{=4704}<000A><43
interior-target,0808436E,08084382,,,外す仲魔を選んでください{WAIT}{PAGE}{=4704}<000A><43
interior-target,08084442,08084454,,,つかまえた！{WAIT}{PAGE}{=d503}。<48EA>区{=cf03}
interior-target,0808448C,08084454,,,つかまえた！{WAIT}{PAGE}{=d503}。<48EA>区{=cf03}
interior-target,080844A4,08084454,,,つかまえた！{WAIT}{PAGE}{=d503}。<48EA>区{=cf03}
interior-target,080844AC,08084454,,,つかまえた！{WAIT}{PAGE}{=d503}。<48EA>区{=cf03}
interior-target,080845FA,08084538,,,…{=1503}…{=1503}…{=1503}…{=1503}…{n}{=4c
interior-target,080848A8,080848B2,,,チャンス！{WAIT}{=e603}<0003>{=d103}、<48D6>区{
interior-target,080848D6,080848B2,,,チャンス！{WAIT}{=e603}<0003>{=d103}、<48D6>区{
interior-target,080848E2,080848B2,,,チャンス！{WAIT}{=e603}<0003>{=d103}、<48D6>区{
interior-target,080848EA,080848B2,,,チャンス！{WAIT}{=e603}<0003>{=d103}、<48D6>区{
interior-target,0808491E,0808492C,,,{=1e03}は　{n}大人しくなった{WAIT}{PAGE}{PAGE}{=0
interior-target,0808496A,0808492C,,,{=1e03}は　{n}大人しくなった{WAIT}{PAGE}{PAGE}{=0
interior-target,080849AC,0808492C,,,{=1e03}は　{n}大人しくなった{WAIT}{PAGE}{PAGE}{=0
interior-target,080849CE,0808492C,,,{=1e03}は　{n}大人しくなった{WAIT}{PAGE}{PAGE}{=0
interior-target,08084A7A,0808492C,,,{=1e03}は　{n}大人しくなった{WAIT}{PAGE}{PAGE}{=0
interior-target,08084A84,0808492C,,,{=1e03}は　{n}大人しくなった{WAIT}{PAGE}{PAGE}{=0
interior-target,08084F60,08084F86,,,だめだ　手が届かない！{WAIT}{PAGE}{=0f04}：{WAIT}{PA
interior-target,08084F7E,08084F86,,,だめだ　手が届かない！{WAIT}{PAGE}{=0f04}：{WAIT}{PA
interior-target,08084F9E,08084F86,,,だめだ　手が届かない！{WAIT}{PAGE}{=0f04}：{WAIT}{PA
interior-target,08084FAE,08084F86,,,だめだ　手が届かない！{WAIT}{PAGE}{=0f04}：{WAIT}{PA
interior-target,08084FB2,08084F86,,,だめだ　手が届かない！{WAIT}{PAGE}{=0f04}：{WAIT}{PA
interior-target,08084FD2,08084F86,,,だめだ　手が届かない！{WAIT}{PAGE}{=0f04}：{WAIT}{PA
interior-target,08084FE2,08084F86,,,だめだ　手が届かない！{WAIT}{PAGE}{=0f04}：{WAIT}{PA
interior-target,08084FEA,08084F86,,,だめだ　手が届かない！{WAIT}{PAGE}{=0f04}：{WAIT}{PA
interior-target,08085012,08084F86,,,だめだ　手が届かない！{WAIT}{PAGE}{=0f04}：{WAIT}{PA
interior-target,0808531E,0808534C,,,話しにならない！{WAIT}{=e603}、{=1204}
interior-target,08085554,08085562,,,{=1e03}は　{n}{ALEPH}に{n}触れられただけで成仏した{WAIT
interior-target,08085558,08085562,,,{=1e03}は　{n}{ALEPH}に{n}触れられただけで成仏した{WAIT
interior-target,080855A4,08085562,,,{=1e03}は　{n}{ALEPH}に{n}触れられただけで成仏した{WAIT
interior-target,080855C0,08085562,,,{=1e03}は　{n}{ALEPH}に{n}触れられただけで成仏した{WAIT
interior-target,08085782,080857A2,,,＞何をする？{=1303}dћ<57BE>区￣<68EC>区{PAGE}＞どんな
interior-target,0808578A,080857A2,,,＞何をする？{=1303}dћ<57BE>区￣<68EC>区{PAGE}＞どんな
interior-target,080857A0,080857A2,,,＞何をする？{=1303}dћ<57BE>区￣<68EC>区{PAGE}＞どんな
interior-target,080857BE,080857C0,,,＞どんな芸？{=1303}d_<57DC>区<0012><5894>区{=0c0
interior-target,080857DC,080857E6,,,{ALEPH}は{n}岡本会長のマネをした………{WAIT}{=d103}、<5
interior-target,0808588A,080857E6,,,{ALEPH}は{n}岡本会長のマネをした………{WAIT}{=d103}、<5
interior-target,08085894,080857E6,,,{ALEPH}は{n}岡本会長のマネをした………{WAIT}{=d103}、<5
interior-target,08085954,080857E6,,,{ALEPH}は{n}岡本会長のマネをした………{WAIT}{=d103}、<5
interior-target,08085CCE,08085CD4,,,＞何をする？{=1303}dћ<5CF0>区｛<5EE8>区{PAGE}＞どんな
interior-target,08085CF0,08085CF2,,,＞どんな芸？{=1303}d｝<5D14>区￣<68EC>区〈<5E34>区{=
interior-target,08085D14,08085D22,,,高らかに{n}歌声が響きわたる{=1503}…{=1503}…{=1503}…{
interior-target,08085D92,08085D22,,,高らかに{n}歌声が響きわたる{=1503}…{=1503}…{=1503}…{
interior-target,08085E34,08085D22,,,高らかに{n}歌声が響きわたる{=1503}…{=1503}…{=1503}…{
interior-target,08085E8C,08085D22,,,高らかに{n}歌声が響きわたる{=1503}…{=1503}…{=1503}…{
interior-target,08085EE8,08085D22,,,高らかに{n}歌声が響きわたる{=1503}…{=1503}…{=1503}…{
interior-target,08085F06,08085F26,,,{ALEPH}の{n}ガンが火を吹いた！{WAIT}{n}{=1e03}の足元に
interior-target,08085F14,08085F26,,,{ALEPH}の{n}ガンが火を吹いた！{WAIT}{n}{=1e03}の足元に
interior-target,08085F74,08085F26,,,{ALEPH}の{n}ガンが火を吹いた！{WAIT}{n}{=1e03}の足元に
interior-target,08085FA8,08085F26,,,{ALEPH}の{n}ガンが火を吹いた！{WAIT}{n}{=1e03}の足元に
interior-target,08085FD0,08085F26,,,{ALEPH}の{n}ガンが火を吹いた！{WAIT}{n}{=1e03}の足元に
interior-target,08086006,08085F26,,,{ALEPH}の{n}ガンが火を吹いた！{WAIT}{n}{=1e03}の足元に
interior-target,0808607C,08086084,,,{=1e03}は{n}石に頭突きした{WAIT}{PAGE}{=1e03}は{n
interior-target,080860CA,08086084,,,{=1e03}は{n}石に頭突きした{WAIT}{PAGE}{=1e03}は{n
interior-target,080863B0,080863BA,,,高らかに{n}歌声がひびきわたる{=1503}…{=1503}…{=1503}…
interior-target,0808649C,080864BE,,,は{n}ここちよい眠りについた………{WAIT}{PAGE}{=4604}紅{=
interior-target,080864A0,080864BE,,,は{n}ここちよい眠りについた………{WAIT}{PAGE}{=4604}紅{=
interior-target,080864BA,080864BE,,,は{n}ここちよい眠りについた………{WAIT}{PAGE}{=4604}紅{=
interior-target,080864EA,080864BE,,,は{n}ここちよい眠りについた………{WAIT}{PAGE}{=4604}紅{=
interior-target,0808653C,080864BE,,,は{n}ここちよい眠りについた………{WAIT}{PAGE}{=4604}紅{=
interior-target,080865E2,080864BE,,,は{n}ここちよい眠りについた………{WAIT}{PAGE}{=4604}紅{=
interior-target,080865EC,080864BE,,,は{n}ここちよい眠りについた………{WAIT}{PAGE}{=4604}紅{=
interior-target,080865FE,080864BE,,,は{n}ここちよい眠りについた………{WAIT}{PAGE}{=4604}紅{=
interior-target,080868CC,080868EE,,,{ALEPH}は{n}踊りまくった！{WAIT}{PAGE}{=df03}。{=
interior-target,080868DE,080868EE,,,{ALEPH}は{n}踊りまくった！{WAIT}{PAGE}{=df03}。{=
interior-target,080868E8,080868EE,,,{ALEPH}は{n}踊りまくった！{WAIT}{PAGE}{=df03}。{=
interior-target,080868EC,080868EE,,,{ALEPH}は{n}踊りまくった！{WAIT}{PAGE}{=df03}。{=
interior-target,0808694A,080868EE,,,{ALEPH}は{n}踊りまくった！{WAIT}{PAGE}{=df03}。{=
interior-target,08086A80,08086A9E,,,{=1e03}が{n}{ALEPH}を殴った！{WAIT}{PAGE}{=030
interior-target,08086A96,08086A9E,,,{=1e03}が{n}{ALEPH}を殴った！{WAIT}{PAGE}{=030
interior-target,08086C06,08086C32,,,外す仲魔を選んでください{WAIT}{PAGE}{=4704}<000A><6C
interior-target,08086C1C,08086C32,,,外す仲魔を選んでください{WAIT}{PAGE}{=4704}<000A><6C
interior-target,08086C26,08086C32,,,外す仲魔を選んでください{WAIT}{PAGE}{=4704}<000A><6C
interior-target,08086C30,08086C32,,,外す仲魔を選んでください{WAIT}{PAGE}{=4704}<000A><6C
interior-target,08086D2C,08086C32,,,外す仲魔を選んでください{WAIT}{PAGE}{=4704}<000A><6C
interior-target,08086D30,08086C32,,,外す仲魔を選んでください{WAIT}{PAGE}{=4704}<000A><6C
interior-target,08086F4C,08086F64,,,{ALEPH}の{n}ガンが火を吹いた！{WAIT}{n}{PAGE}{=1e0
interior-target,08086F5A,08086F64,,,{ALEPH}の{n}ガンが火を吹いた！{WAIT}{n}{PAGE}{=1e0
interior-target,08086FAA,08086F64,,,{ALEPH}の{n}ガンが火を吹いた！{WAIT}{n}{PAGE}{=1e0
interior-target,08086FB6,08086F64,,,{ALEPH}の{n}ガンが火を吹いた！{WAIT}{n}{PAGE}{=1e0
interior-target,0808731A,08087334,,,{ALEPH}は{n}{=1e03}を{n}思いっきりよいしょした{WAIT}{
interior-target,0808731E,08087334,,,{ALEPH}は{n}{=1e03}を{n}思いっきりよいしょした{WAIT}{
interior-target,08087332,08087334,,,{ALEPH}は{n}{=1e03}を{n}思いっきりよいしょした{WAIT}{
interior-target,08087370,08087334,,,{ALEPH}は{n}{=1e03}を{n}思いっきりよいしょした{WAIT}{
interior-target,0808737A,08087334,,,{ALEPH}は{n}{=1e03}を{n}思いっきりよいしょした{WAIT}{
interior-target,080873F4,0808740C,,,＞何を話す？{=1303}d$<742E>区¢<7474>区ћ<74A8>区{=
interior-target,0808740A,0808740C,,,＞何を話す？{=1303}d$<742E>区¢<7474>区ћ<74A8>区{=
interior-target,08087B68,08087AA2,,,高らかに{n}歌声がひびきわたる{=1503}…{=1503}…{=1503}…
interior-target,08087B8A,08087AA2,,,高らかに{n}歌声がひびきわたる{=1503}…{=1503}…{=1503}…
interior-target,08087BA6,08087AA2,,,高らかに{n}歌声がひびきわたる{=1503}…{=1503}…{=1503}…
interior-target,08087BFE,08087AA2,,,高らかに{n}歌声がひびきわたる{=1503}…{=1503}…{=1503}…
interior-target,08087C02,08087AA2,,,高らかに{n}歌声がひびきわたる{=1503}…{=1503}…{=1503}…
interior-target,08087C34,08087AA2,,,高らかに{n}歌声がひびきわたる{=1503}…{=1503}…{=1503}…
interior-target,08087C46,08087AA2,,,高らかに{n}歌声がひびきわたる{=1503}…{=1503}…{=1503}…
interior-target,08087C94,08087AA2,,,高らかに{n}歌声がひびきわたる{=1503}…{=1503}…{=1503}…
interior-target,08087CA2,08087AA2,,,高らかに{n}歌声がひびきわたる{=1503}…{=1503}…{=1503}…
interior-target,08087CB0,08087AA2,,,高らかに{n}歌声がひびきわたる{=1503}…{=1503}…{=1503}…
interior-target,08087CB8,08087AA2,,,高らかに{n}歌声がひびきわたる{=1503}…{=1503}…{=1503}…
interior-target,08087D62,08087AA2,,,高らかに{n}歌声がひびきわたる{=1503}…{=1503}…{=1503}…
interior-target,080882CA,080882E6,,,{=1e03}は{n}足元にマッカを投げてよこした{WAIT}{PAGE}{=e
interior-target,080882D4,080882E6,,,{=1e03}は{n}足元にマッカを投げてよこした{WAIT}{PAGE}{=e
interior-target,08088636,08088642,,,{=1e03}は{n}石を<11FE><11FE><11FE><11FE><11
interior-target,080886BC,08088642,,,{=1e03}は{n}石を<11FE><11FE><11FE><11FE><11
interior-target,0808873A,08088642,,,{=1e03}は{n}石を<11FE><11FE><11FE><11FE><11
interior-target,0808874A,08088642,,,{=1e03}は{n}石を<11FE><11FE><11FE><11FE><11
interior-target,080888C2,080888E6,,,{=1e03}は{n}酒を一気に飲みほした{WAIT}{PAGE}{=df03}
interior-target,080888D6,080888E6,,,{=1e03}は{n}酒を一気に飲みほした{WAIT}{PAGE}{=df03}
interior-target,08089306,08089314,,,運よく酒を持っていた{WAIT}{PAGE}{=df03}、{=e203}‥{W
interior-target,08089722,08089724,,,01：通常戦闘{WAIT}{PAGE}{=e603}、{PAGE}02：悪魔奇襲
interior-target,0808973A,08089724,,,01：通常戦闘{WAIT}{PAGE}{=e603}、{PAGE}02：悪魔奇襲
interior-target,08089752,08089724,,,01：通常戦闘{WAIT}{PAGE}{=e603}、{PAGE}02：悪魔奇襲
interior-target,0808976A,08089724,,,01：通常戦闘{WAIT}{PAGE}{=e603}、{PAGE}02：悪魔奇襲
interior-target,0808978A,08089724,,,01：通常戦闘{WAIT}{PAGE}{=e603}、{PAGE}02：悪魔奇襲
interior-target,080897A8,08089724,,,01：通常戦闘{WAIT}{PAGE}{=e603}、{PAGE}02：悪魔奇襲
interior-target,080897C0,08089724,,,01：通常戦闘{WAIT}{PAGE}{=e603}、{PAGE}02：悪魔奇襲
interior-target,080897DA,08089724,,,01：通常戦闘{WAIT}{PAGE}{=e603}、{PAGE}02：悪魔奇襲
interior-target,080897F6,08089724,,,01：通常戦闘{WAIT}{PAGE}{=e603}、{PAGE}02：悪魔奇襲
interior-target,0808A49C,08089724,,,01：通常戦闘{WAIT}{PAGE}{=e603}、{PAGE}02：悪魔奇襲
interior-target,0808A4E2,08089724,,,01：通常戦闘{WAIT}{PAGE}{=e603}、{PAGE}02：悪魔奇襲
interior-target,0808A546,08089724,,,01：通常戦闘{WAIT}{PAGE}{=e603}、{PAGE}02：悪魔奇襲
interior-target,0808A54A,08089724,,,01：通常戦闘{WAIT}{PAGE}{=e603}、{PAGE}02：悪魔奇襲
interior-target,0808A59A,0808A5A6,,,{=1e03}は{n}いきなり迫ってきた{WAIT}{=e603}。{=ce03
interior-target,0808A59E,0808A5A6,,,{=1e03}は{n}いきなり迫ってきた{WAIT}{=e603}。{=ce03
interior-target,0808A718,0808A736,,,{=1e03}は{n}いきなり迫ってきた{WAIT}{PAGE}{=e303}。
interior-target,0808A734,0808A736,,,{=1e03}は{n}いきなり迫ってきた{WAIT}{PAGE}{=e303}。
interior-target,0808A752,0808A736,,,{=1e03}は{n}いきなり迫ってきた{WAIT}{PAGE}{=e303}。
interior-target,0808A7EA,0808A736,,,{=1e03}は{n}いきなり迫ってきた{WAIT}{PAGE}{=e303}。
interior-target,0808A7FC,0808A736,,,{=1e03}は{n}いきなり迫ってきた{WAIT}{PAGE}{=e303}。
interior-target,0808A964,0808A972,,,高らかに{n}歌声がひびきわたる{=1503}…{=1503}…{=1503}…
interior-target,0808AAB4,0808A972,,,高らかに{n}歌声がひびきわたる{=1503}…{=1503}…{=1503}…
interior-target,0808AAD0,0808A972,,,高らかに{n}歌声がひびきわたる{=1503}…{=1503}…{=1503}…
interior-target,0808AADE,0808A972,,,高らかに{n}歌声がひびきわたる{=1503}…{=1503}…{=1503}…
interior-target,0808AAEC,0808A972,,,高らかに{n}歌声がひびきわたる{=1503}…{=1503}…{=1503}…
interior-target,0808AAF4,0808A972,,,高らかに{n}歌声がひびきわたる{=1503}…{=1503}…{=1503}…
interior-target,0808ABA2,0808A972,,,高らかに{n}歌声がひびきわたる{=1503}…{=1503}…{=1503}…
interior-target,0808ABAE,0808A972,,,高らかに{n}歌声がひびきわたる{=1503}…{=1503}…{=1503}…
interior-target,0808ABF6,0808A972,,,高らかに{n}歌声がひびきわたる{=1503}…{=1503}…{=1503}…
interior-target,0808AC0E,0808A972,,,高らかに{n}歌声がひびきわたる{=1503}…{=1503}…{=1503}…
interior-target,0808AC22,0808A972,,,高らかに{n}歌声がひびきわたる{=1503}…{=1503}…{=1503}…
interior-target,0808AC40,0808AC46,,,高らかに{n}歌声がひびきわたる{=1503}…{=1503}…{=1503}…
interior-target,0808AD04,0808AC46,,,高らかに{n}歌声がひびきわたる{=1503}…{=1503}…{=1503}…
interior-target,0808AD08,0808AC46,,,高らかに{n}歌声がひびきわたる{=1503}…{=1503}…{=1503}…
interior-target,0808AD14,0808AC46,,,高らかに{n}歌声がひびきわたる{=1503}…{=1503}…{=1503}…
interior-target,0808AD68,0808AC46,,,高らかに{n}歌声がひびきわたる{=1503}…{=1503}…{=1503}…
interior-target,0808AEF8,0808AE9A,,,…{=1503}…{=1503}…{=1503}…{=1503}…{n}{WAI
interior-target,0808B05C,0808AE9A,,,…{=1503}…{=1503}…{=1503}…{=1503}…{n}{WAI
interior-target,0808B236,0808AE9A,,,…{=1503}…{=1503}…{=1503}…{=1503}…{n}{WAI
interior-target,0808B63A,0808B55E,,,…{=1503}…{=1503}…{=1503}…{=1503}…{n}{WAI
interior-target,0808B696,0808B55E,,,…{=1503}…{=1503}…{=1503}…{=1503}…{n}{WAI
interior-target,0808B6AE,0808B55E,,,…{=1503}…{=1503}…{=1503}…{=1503}…{n}{WAI
interior-target,0808B70E,0808B726,,,{GIMMEL}は　歩み出ると{n}{=1e03}の{n}スキを突いた！{WAI
interior-target,0808B71C,0808B726,,,{GIMMEL}は　歩み出ると{n}{=1e03}の{n}スキを突いた！{WAI
interior-target,0808B754,0808B726,,,{GIMMEL}は　歩み出ると{n}{=1e03}の{n}スキを突いた！{WAI
interior-target,0808B7BE,0808B726,,,{GIMMEL}は　歩み出ると{n}{=1e03}の{n}スキを突いた！{WAI
interior-target,0808B7D6,0808B726,,,{GIMMEL}は　歩み出ると{n}{=1e03}の{n}スキを突いた！{WAI
interior-target,0808B828,0808B726,,,{GIMMEL}は　歩み出ると{n}{=1e03}の{n}スキを突いた！{WAI
interior-target,0808B836,0808B726,,,{GIMMEL}は　歩み出ると{n}{=1e03}の{n}スキを突いた！{WAI
interior-target,0808B844,0808B726,,,{GIMMEL}は　歩み出ると{n}{=1e03}の{n}スキを突いた！{WAI
interior-target,0808B8CA,0808B726,,,{GIMMEL}は　歩み出ると{n}{=1e03}の{n}スキを突いた！{WAI
interior-target,0808B8CE,0808B726,,,{GIMMEL}は　歩み出ると{n}{=1e03}の{n}スキを突いた！{WAI
interior-target,0808B8EC,0808B726,,,{GIMMEL}は　歩み出ると{n}{=1e03}の{n}スキを突いた！{WAI
interior-target,0808B94A,0808B726,,,{GIMMEL}は　歩み出ると{n}{=1e03}の{n}スキを突いた！{WAI
interior-target,0808B950,0808B726,,,{GIMMEL}は　歩み出ると{n}{=1e03}の{n}スキを突いた！{WAI
interior-target,0808B98E,0808B726,,,{GIMMEL}は　歩み出ると{n}{=1e03}の{n}スキを突いた！{WAI
interior-target,0808B992,0808B726,,,{GIMMEL}は　歩み出ると{n}{=1e03}の{n}スキを突いた！{WAI
interior-target,0808B99C,0808B726,,,{GIMMEL}は　歩み出ると{n}{=1e03}の{n}スキを突いた！{WAI
interior-target,0808B9F6,0808B726,,,{GIMMEL}は　歩み出ると{n}{=1e03}の{n}スキを突いた！{WAI
interior-target,0808BAE0,0808BAF8,,,相手は退屈そうにしています{n}{WAIT}{PAGE}＞何かやりますか？{=0
interior-target,0808BAE4,0808BAF8,,,相手は退屈そうにしています{n}{WAIT}{PAGE}＞何かやりますか？{=0
interior-target,0808BAF6,0808BAF8,,,相手は退屈そうにしています{n}{WAIT}{PAGE}＞何かやりますか？{=0
interior-target,0808BB4A,0808BAF8,,,相手は退屈そうにしています{n}{WAIT}{PAGE}＞何かやりますか？{=0
interior-target,0808BB76,0808BB78,,,＞何をする？{WAIT}{PAGE}{=1303}{n}￣<BBA4>区｝<BB
interior-target,0808BBB6,0808BBCE,,,高らかに{n}歌声がひびきわたる{=1503}…{=1503}…{=1503}…
interior-target,0808BBC8,0808BBCE,,,高らかに{n}歌声がひびきわたる{=1503}…{=1503}…{=1503}…
interior-target,0808BDF0,0808BE12,,,スキだらけだ！{WAIT}{PAGE}＞攻撃しますか？{=0e03}<BE7A>
interior-target,0808C3E4,0808C34E,,,…{=1503}…{=1503}…{=1503}…{=1503}…{n}{=4c
interior-target,0808C3F6,0808C34E,,,…{=1503}…{=1503}…{=1503}…{=1503}…{n}{=4c
interior-target,0808C424,0808C42A,,,高らかに{n}歌声がひびきわたる{=1503}…{=1503}…{=1503}…
interior-target,0808C4BA,0808C42A,,,高らかに{n}歌声がひびきわたる{=1503}…{=1503}…{=1503}…
interior-target,0808C4D2,0808C42A,,,高らかに{n}歌声がひびきわたる{=1503}…{=1503}…{=1503}…
interior-target,0808D174,0808D194,,,＞どうしますか？{=1303}d<0015><D25A>区<0016><D1BA
interior-target,0808D178,0808D194,,,＞どうしますか？{=1303}d<0015><D25A>区<0016><D1BA
interior-target,0808D190,0808D194,,,＞どうしますか？{=1303}d<0015><D25A>区<0016><D1BA
interior-target,0808D6E0,0808D6C2,,,…{=1503}…{=1503}…{=1503}…{=1503}…{n}{=4c
interior-target,0808D6F6,0808D6C2,,,…{=1503}…{=1503}…{=1503}…{=1503}…{n}{=4c
interior-target,0808D7E8,0808D6C2,,,…{=1503}…{=1503}…{=1503}…{=1503}…{n}{=4c
interior-target,0808D7F8,0808D6C2,,,…{=1503}…{=1503}…{=1503}…{=1503}…{n}{=4c
interior-target,0808D80C,0808D6C2,,,…{=1503}…{=1503}…{=1503}…{=1503}…{n}{=4c
interior-target,0808D85A,0808D6C2,,,…{=1503}…{=1503}…{=1503}…{=1503}…{n}{=4c
interior-target,0808D99E,0808D9BC,,,{GIMMEL}：{n}なんですって！？{WAIT}{n}{PAGE}{GIMM
interior-target,0808DAC0,0808D9BC,,,{GIMMEL}：{n}なんですって！？{WAIT}{n}{PAGE}{GIMM
interior-target,0808DACC,0808D9BC,,,{GIMMEL}：{n}なんですって！？{WAIT}{n}{PAGE}{GIMM
interior-target,0808E744,0808E758,,,眠ってしまった！{=0303}＞{WAIT}{=e603}、{=4704}：<E
interior-target,0808E7DE,0808E804,,,{GIMMEL}：{n}なんですって！？{WAIT}{n}{PAGE}{GIMM
interior-target,0808E7EE,0808E804,,,{GIMMEL}：{n}なんですって！？{WAIT}{n}{PAGE}{GIMM
interior-target,0808E802,0808E804,,,{GIMMEL}：{n}なんですって！？{WAIT}{n}{PAGE}{GIMM
interior-target,0808EFEA,0808F002,,,{ALEPH}が抜いた瞬間{WAIT}{PAGE}{=1e03}の身が{n}ひる
interior-target,0808F000,0808F002,,,{ALEPH}が抜いた瞬間{WAIT}{PAGE}{=1e03}の身が{n}ひる
interior-target,0808F782,0808F784,,,おっと{n}{=1e03}にぶつかった{WAIT}{PAGE}{=ce03}<0
interior-target,0808F974,0808F784,,,おっと{n}{=1e03}にぶつかった{WAIT}{PAGE}{=ce03}<0
interior-target,080A1074,080A1064,,,要玖利玖両玖{=1104}
interior-target,080A1096,080A1064,,,要玖利玖両玖{=1104}
interior-target,080A10BA,080A1064,,,要玖利玖両玖{=1104}
interior-target,080A10FE,080A1112,,,{PAGE}{ALEPH}達は{n}{=2303}EXP手に入れた{WAIT}{
interior-target,080A1108,080A1112,,,{PAGE}{ALEPH}達は{n}{=2303}EXP手に入れた{WAIT}{
interior-target,080A19DE,080A1516,,,コロシアム受付：{n}いらっしゃい{n}コロシアムであなたも{n}ヒーローよ！！
interior-target,080A1A16,080A1A18,,,また来てね！！{WAIT}{PAGE}
interior-target,080A1A2C,080A1A56,,,パーティーバトルはパーティーで{n}勝ち抜いていくモードです{n}{WAIT}{
interior-target,080A1A54,080A1A56,,,パーティーバトルはパーティーで{n}勝ち抜いていくモードです{n}{WAIT}{
interior-target,080A1B5A,080A1A56,,,パーティーバトルはパーティーで{n}勝ち抜いていくモードです{n}{WAIT}{
interior-target,080A1C44,080A1A56,,,パーティーバトルはパーティーで{n}勝ち抜いていくモードです{n}{WAIT}{
interior-target,080A1D70,080A1A56,,,パーティーバトルはパーティーで{n}勝ち抜いていくモードです{n}{WAIT}{
interior-target,080A1D7A,080A1A56,,,パーティーバトルはパーティーで{n}勝ち抜いていくモードです{n}{WAIT}{
interior-target,080A1DE0,080A1A56,,,パーティーバトルはパーティーで{n}勝ち抜いていくモードです{n}{WAIT}{
interior-target,080A1DE4,080A1A56,,,パーティーバトルはパーティーで{n}勝ち抜いていくモードです{n}{WAIT}{
interior-target,080A1DE8,080A1A56,,,パーティーバトルはパーティーで{n}勝ち抜いていくモードです{n}{WAIT}{
interior-target,080A1E1E,080A1E2A,,,Aランク　は　ћ30000{n}いただきます{n}よろしいですか？{n}{=0e
interior-target,080A1E28,080A1E2A,,,Aランク　は　ћ30000{n}いただきます{n}よろしいですか？{n}{=0e
interior-target,080A1EC2,080A1E2A,,,Aランク　は　ћ30000{n}いただきます{n}よろしいですか？{n}{=0e
interior-target,080A1F66,080A1E2A,,,Aランク　は　ћ30000{n}いただきます{n}よろしいですか？{n}{=0e
interior-target,080A1FF6,080A1E2A,,,Aランク　は　ћ30000{n}いただきます{n}よろしいですか？{n}{=0e
interior-target,080A2060,080A1E2A,,,Aランク　は　ћ30000{n}いただきます{n}よろしいですか？{n}{=0e
interior-target,080A21EE,080A1E2A,,,Aランク　は　ћ30000{n}いただきます{n}よろしいですか？{n}{=0e
interior-target,080A23CE,080A1E2A,,,Aランク　は　ћ30000{n}いただきます{n}よろしいですか？{n}{=0e
interior-target,080A24B8,080A1E2A,,,Aランク　は　ћ30000{n}いただきます{n}よろしいですか？{n}{=0e
interior-target,080A257E,080A1E2A,,,Aランク　は　ћ30000{n}いただきます{n}よろしいですか？{n}{=0e
interior-target,080A25DE,080A1E2A,,,Aランク　は　ћ30000{n}いただきます{n}よろしいですか？{n}{=0e
interior-target,080A25F0,080A1E2A,,,Aランク　は　ћ30000{n}いただきます{n}よろしいですか？{n}{=0e
interior-target,080A26F2,080A1E2A,,,Aランク　は　ћ30000{n}いただきます{n}よろしいですか？{n}{=0e
interior-target,080A27E6,080A1E2A,,,Aランク　は　ћ30000{n}いただきます{n}よろしいですか？{n}{=0e
interior-target,080A2902,080A1E2A,,,Aランク　は　ћ30000{n}いただきます{n}よろしいですか？{n}{=0e
interior-target,080A29C0,080A1E2A,,,Aランク　は　ћ30000{n}いただきます{n}よろしいですか？{n}{=0e
interior-target,080A2A8E,080A1E2A,,,Aランク　は　ћ30000{n}いただきます{n}よろしいですか？{n}{=0e
interior-target,080A2B58,080A1E2A,,,Aランク　は　ћ30000{n}いただきます{n}よろしいですか？{n}{=0e
interior-target,080A2BE6,080A1E2A,,,Aランク　は　ћ30000{n}いただきます{n}よろしいですか？{n}{=0e
interior-target,080A2BEC,080A1E2A,,,Aランク　は　ћ30000{n}いただきます{n}よろしいですか？{n}{=0e
interior-target,080A2C4C,080A1E2A,,,Aランク　は　ћ30000{n}いただきます{n}よろしいですか？{n}{=0e
interior-target,080A2DA0,080A1E2A,,,Aランク　は　ћ30000{n}いただきます{n}よろしいですか？{n}{=0e
interior-target,080A2F22,080A1E2A,,,Aランク　は　ћ30000{n}いただきます{n}よろしいですか？{n}{=0e
interior-target,080A301C,080A1E2A,,,Aランク　は　ћ30000{n}いただきます{n}よろしいですか？{n}{=0e
interior-target,080A30DC,080A1E2A,,,Aランク　は　ћ30000{n}いただきます{n}よろしいですか？{n}{=0e
interior-target,080A3134,080A1E2A,,,Aランク　は　ћ30000{n}いただきます{n}よろしいですか？{n}{=0e
interior-target,080A3146,080A1E2A,,,Aランク　は　ћ30000{n}いただきます{n}よろしいですか？{n}{=0e
interior-target,080A3296,080A1E2A,,,Aランク　は　ћ30000{n}いただきます{n}よろしいですか？{n}{=0e
interior-target,080A339C,080A1E2A,,,Aランク　は　ћ30000{n}いただきます{n}よろしいですか？{n}{=0e
interior-target,080A350C,080A1E2A,,,Aランク　は　ћ30000{n}いただきます{n}よろしいですか？{n}{=0e
interior-target,080A35AC,080A1E2A,,,Aランク　は　ћ30000{n}いただきます{n}よろしいですか？{n}{=0e
interior-target,080A361E,080A1E2A,,,Aランク　は　ћ30000{n}いただきます{n}よろしいですか？{n}{=0e
interior-target,080A36D0,080A1E2A,,,Aランク　は　ћ30000{n}いただきます{n}よろしいですか？{n}{=0e
interior-target,080A37A2,080A1E2A,,,Aランク　は　ћ30000{n}いただきます{n}よろしいですか？{n}{=0e
interior-target,080A388A,080A1E2A,,,Aランク　は　ћ30000{n}いただきます{n}よろしいですか？{n}{=0e
interior-target,080A3894,080A1E2A,,,Aランク　は　ћ30000{n}いただきます{n}よろしいですか？{n}{=0e
interior-target,080A3A00,080A1E2A,,,Aランク　は　ћ30000{n}いただきます{n}よろしいですか？{n}{=0e
interior-target,080A3C18,080A1E2A,,,Aランク　は　ћ30000{n}いただきます{n}よろしいですか？{n}{=0e
interior-target,080A3D00,080A1E2A,,,Aランク　は　ћ30000{n}いただきます{n}よろしいですか？{n}{=0e
interior-target,080A3D34,080A1E2A,,,Aランク　は　ћ30000{n}いただきます{n}よろしいですか？{n}{=0e
interior-target,080A3DB8,080A1E2A,,,Aランク　は　ћ30000{n}いただきます{n}よろしいですか？{n}{=0e
interior-target,080A3DBE,080A1E2A,,,Aランク　は　ћ30000{n}いただきます{n}よろしいですか？{n}{=0e
interior-target,080A3E12,080A1E2A,,,Aランク　は　ћ30000{n}いただきます{n}よろしいですか？{n}{=0e
interior-target,080A3F28,080A3F2A,,,司会：{n}んー　残念でしたねー{n}{WAIT}{PAGE}CランクとBランク
interior-target,080A3FF8,080A3FFA,,,司会：{n}おや？　やめてしまうのですか？{n}トイレ休憩？{n}{WAIT}{
interior-target,080A40EC,080A40EE,,,そうですか{n}では　続きをがんばってください{n}{WAIT}{PAGE}{=
interior-target,080A4124,080A40EE,,,そうですか{n}では　続きをがんばってください{n}{WAIT}{PAGE}{=
interior-target,080A4136,080A40EE,,,そうですか{n}では　続きをがんばってください{n}{WAIT}{PAGE}{=
interior-target,080A422E,080A40EE,,,そうですか{n}では　続きをがんばってください{n}{WAIT}{PAGE}{=
interior-target,080A42D6,080A40EE,,,そうですか{n}では　続きをがんばってください{n}{WAIT}{PAGE}{=
interior-target,080A43B2,080A40EE,,,そうですか{n}では　続きをがんばってください{n}{WAIT}{PAGE}{=
interior-target,080A43EA,080A40EE,,,そうですか{n}では　続きをがんばってください{n}{WAIT}{PAGE}{=
interior-target,080A445C,080A40EE,,,そうですか{n}では　続きをがんばってください{n}{WAIT}{PAGE}{=
interior-target,080A4506,080A40EE,,,そうですか{n}では　続きをがんばってください{n}{WAIT}{PAGE}{=
interior-target,080A45B8,080A40EE,,,そうですか{n}では　続きをがんばってください{n}{WAIT}{PAGE}{=
interior-target,080A46A8,080A40EE,,,そうですか{n}では　続きをがんばってください{n}{WAIT}{PAGE}{=
interior-target,080A46D6,080A40EE,,,そうですか{n}では　続きをがんばってください{n}{WAIT}{PAGE}{=
interior-target,080A46FC,080A46FE,,,優勝賞品{n}{=0a03}う{=7903}{=2103}{n}{=0a03}N
interior-target,080A472C,080A472E,,,優勝賞品{n}{=0a03}a{=7903}{=2103}{n}{=0a03}8
interior-target,080A475E,080A4760,,,優勝賞品{n}{=0a03}く{=7903}{=2103}{n}{=0a03}?
interior-target,080A4836,080A4838,,,優勝賞品{n}{=0a03}ぉ{=7903}{=2103}{n}{=0a03}T
interior-target,080A4868,080A486A,,,優勝賞品{n}{=0a03}a{=7903}{=2103}{n}{=0a03}<
interior-target,080A489A,080A489C,,,優勝賞品{n}{=0a03}C{=7903}{=7903}{=2103}{n}{
interior-target,080A4960,080A4962,,,優勝賞品{n}{=0a03}が{=7903}{=2103}{n}{=0a03}?
interior-target,080A49CA,080A49CC,,,優勝賞品{n}{=0a03}<00F7>{=7903}{=2103}{n}{=0
interior-target,080A49FA,080A49FC,,,優勝賞品{n}{=0a03}F{=7903}{=2103}{n}{=0a03}<
interior-target,080A4A90,080A4A92,,,優勝賞品{n}{=0a03}ぅ{=7903}{=2103}{n}{=0a03}a
interior-target,080A4AC2,080A4AC4,,,優勝賞品{n}{=0a03}C{=7903}{=2103}{n}{=0a03}K
interior-target,080A4B36,080A4B38,,,優勝賞品{n}{=0a03}?{=7903}{=7903}{=7903}{=21
interior-target,080A4B6C,080A4B7A,,,優勝賞品{n}{=0a03}￥{=7903}{=2103}{n}{=0a03}い
interior-target,080A4BBC,080A4BBE,,,優勝賞品{n}{=0a03}え{=7903}{=2103}{n}{=0a03}<
interior-target,080A4BEC,080A4BEE,,,優勝賞品{n}{=0a03}<00F7>{=7903}{=2103}{n}{=0
interior-target,080A4C58,080A4C5A,,,優勝賞品{n}{=0a03}E{=7903}{=2103}{n}{=0a03}か
interior-target,080A4CCE,080A4CE2,,,優勝賞品{n}{=0a03}?{=7903}{=7903}{=2103}を手にい
interior-target,080A4CE0,080A4CE2,,,優勝賞品{n}{=0a03}?{=7903}{=7903}{=2103}を手にい
interior-target,080A4D08,080A4D0A,,,優勝賞品{n}{=0a03}<00F8>{=7903}{=2103}{n}{=0
interior-target,080A4D38,080A4D3A,,,優勝賞品{n}{=0a03}<00FB>{=7903}{=2103}{n}{=0
interior-target,080A4F9A,080A4F9C,,,優勝賞品{n}{=0a03}お{=7903}{=2103}{n}{=0a03}K
interior-target,080A4FD0,080A4FD2,,,優勝賞品{n}{=0a03}Q{=7903}{=2103}{n}{=0a03}O
interior-target,080A500C,080A500E,,,優勝賞品{n}{=0a03}?{=7903}{=7903}{=7903}{=79
interior-target,080A5086,080A5094,,,優勝賞品{n}{=0a03}▲{=7903}{=2103}{n}{=0a03}い
interior-target,080A50D6,080A50D8,,,優勝賞品{n}{=0a03}き{=7903}{=2103}{n}{=0a03}C
interior-target,080A5106,080A5108,,,優勝賞品{n}{=0a03}a{=7903}{=2103}{n}{=0a03}R
interior-target,080A5136,080A5138,,,優勝賞品{n}{=0a03}S{=7903}{=2103}{n}{=0a03}<
interior-target,080A51E4,080A51E6,,,司会：{n}いやー残念でした{n}{WAIT}{PAGE}あと少しというところま
interior-target,080A52CE,080A52D0,,,司会：{n}いやー　惜しかったですねぇ{n}{WAIT}{PAGE}シングルバト
interior-target,080A53B6,080A53B8,,,司会：{n}残念でした{n}{WAIT}{PAGE}長丁場の苦しさに{n}耐えら
